2025-12-04 16:01:18,058 - INFO - Starting Oyez transcript scraper...
2025-12-04 16:01:18,058 - INFO - Target: Cases from 2000 onwards
2025-12-04 16:01:18,058 - INFO - Rate limit: 1.5s per request

2025-12-04 16:01:18,058 - INFO - Loading SCDB data from ../SCDB_2025_01_caseCentered_Citation.csv
2025-12-04 16:01:18,107 - INFO - Found 1886 cases between 2000 and present
2025-12-04 16:01:18,109 - INFO - [7456/1886] Fetching: STATE OF ARIZONA v. STATE OF CALIFORNIA, et al. (2000/8 ORIG)
2025-12-04 16:01:18,351 - INFO - ⚠️  No transcript available
2025-12-04 16:01:19,857 - INFO - [7457/1886] Fetching: CHRISTOPHER ARTUZ, SUPERINTENDENT, GREEN HAVEN CORRECTIONAL FACILITY v. TONY BRUCE BENNETT (2000/99-1238)
2025-12-04 16:01:20,382 - ERROR - Unexpected error for 2000/99-1238: 'NoneType' object has no attribute 'get'
2025-12-04 16:01:20,383 - INFO - ⚠️  No transcript available
2025-12-04 16:01:21,890 - INFO - [7458/1886] Fetching: CARL W. CLEVELAND v. UNITED STATES (2000/99-804)
2025-12-04 16:01:22,411 - ERROR - Unexpected error for 2000/99-804: 'NoneType' object has no attribute 'get'
2025-12-04 16:01:22,411 - INFO - ⚠️  No transcript available
2025-12-04 16:01:23,915 - INFO - [7459/1886] Fetching: DARRYL SINKFIELD, et al. v. PEGGY C. KELLEY, et al. (2000/00-132)
2025-12-04 16:01:24,139 - INFO - ⚠️  No transcript available
2025-12-04 16:01:25,646 - INFO - [7460/1886] Fetching: CITY OF INDIANAPOLIS, et al. v. JAMES EDMOND et al. (2000/99-1030)
2025-12-04 16:01:26,189 - INFO - ✅ Success (605 turns, 72,064 chars)
2025-12-04 16:01:27,697 - INFO - [7461/1886] Fetching: EASTERN ASSOCIATED COAL CORPORATION v. UNITED MINE WORKERS OF AMERICA, DISTRICT 17, et al. (2000/99-1038)
2025-12-04 16:01:29,546 - ERROR - Unexpected error for 2000/99-1038: 'NoneType' object has no attribute 'get'
2025-12-04 16:01:29,547 - INFO - ⚠️  No transcript available
2025-12-04 16:01:31,061 - INFO - [7462/1886] Fetching: GEORGE W. BUSH v. PALM BEACH COUNTY CANVASSING BOARD, et al. (2000/00-836)
2025-12-04 16:01:33,184 - ERROR - Unexpected error for 2000/00-836: 'NoneType' object has no attribute 'get'
2025-12-04 16:01:33,185 - INFO - ⚠️  No transcript available
2025-12-04 16:01:34,694 - INFO - [7463/1886] Fetching: GREEN TREE FINANCIAL CORP.-ALABAMA AND GREEN TREE FINANCIAL CORPORATION v. LARKETTA RANDOLPH (2000/99-1235)
2025-12-04 16:01:37,131 - ERROR - Unexpected error for 2000/99-1235: 'NoneType' object has no attribute 'get'
2025-12-04 16:01:37,131 - INFO - ⚠️  No transcript available
2025-12-04 16:01:38,638 - INFO - [7464/1886] Fetching: GEORGE W. BUSH AND RICHARD CHENEY v. ALBERT GORE, JR., et al. (2000/00-949)
2025-12-04 16:01:39,611 - INFO - ✅ Success (772 turns, 99,117 chars)
2025-12-04 16:01:41,117 - INFO - [7465/1886] Fetching: SOLID WASTE AGENCY OF NORTHERN COOK COUNTY v. UNITED STATES ARMY CORPS OF ENGINEERS, et al. (2000/99-1178)
2025-12-04 16:01:42,663 - ERROR - Unexpected error for 2000/99-1178: 'NoneType' object has no attribute 'get'
2025-12-04 16:01:42,665 - INFO - ⚠️  No transcript available
2025-12-04 16:01:44,169 - INFO - [7466/1886] Fetching: PAUL L. GLOVER v. UNITED STATES (2000/99-8576)
2025-12-04 16:01:45,333 - ERROR - Unexpected error for 2000/99-8576: 'NoneType' object has no attribute 'get'
2025-12-04 16:01:45,334 - INFO - ⚠️  No transcript available
2025-12-04 16:01:46,840 - INFO - [7467/1886] Fetching: DAVID A. GITLITZ, ET UX., et al. v. COMMISSIONER OF INTERNAL REVENUE (2000/99-1295)
2025-12-04 16:01:48,505 - ERROR - Unexpected error for 2000/99-1295: 'NoneType' object has no attribute 'get'
2025-12-04 16:01:48,505 - INFO - ⚠️  No transcript available
2025-12-04 16:01:50,011 - INFO - [7468/1886] Fetching: WILLIAM FIORE v. GREGORY WHITE, WARDEN, et al. (2000/98-942)
2025-12-04 16:01:50,402 - INFO - ⚠️  No transcript available
2025-12-04 16:01:51,908 - INFO - [7469/1886] Fetching: CHRISTOPHER A. LOPEZ v. RANDY J. DAVIS, WARDEN, et al. (2000/99-7504)
2025-12-04 16:01:54,448 - ERROR - Unexpected error for 2000/99-7504: 'NoneType' object has no attribute 'get'
2025-12-04 16:01:54,449 - INFO - ⚠️  No transcript available
2025-12-04 16:01:55,957 - INFO - [7470/1886] Fetching: MARK SELING, SUPERINTENDENT, SPECIAL COMMITMENT CENTER v. ANDRE BRIGHAM YOUNG (2000/99-1185)
2025-12-04 16:01:57,717 - ERROR - Unexpected error for 2000/99-1185: 'NoneType' object has no attribute 'get'
2025-12-04 16:01:57,717 - INFO - ⚠️  No transcript available
2025-12-04 16:01:59,225 - INFO - [7471/1886] Fetching: CITY NEWS AND NOVELTY, INC. v. CITY OF WAUKESHA (2000/99-1680)
2025-12-04 16:02:01,288 - ERROR - Unexpected error for 2000/99-1680: 'NoneType' object has no attribute 'get'
2025-12-04 16:02:01,288 - INFO - ⚠️  No transcript available
2025-12-04 16:02:02,794 - INFO - [7472/1886] Fetching: DISTRICT OF COLUMBIA, et al., v. TRI COUNTY INDUSTRIES, INC. (2000/99-1953)
2025-12-04 16:02:04,546 - ERROR - Unexpected error for 2000/99-1953: 'NoneType' object has no attribute 'get'
2025-12-04 16:02:04,547 - INFO - ⚠️  No transcript available
2025-12-04 16:02:06,055 - INFO - [7473/1886] Fetching: BRENTWOOD ACADEMY v. TENNESSEE SECONDARY SCHOOL ATHLETIC ASSOCIATION, et al. (2000/99-901)
2025-12-04 16:02:07,404 - ERROR - Unexpected error for 2000/99-901: 'NoneType' object has no attribute 'get'
2025-12-04 16:02:07,405 - INFO - ⚠️  No transcript available
2025-12-04 16:02:08,914 - INFO - [7474/1886] Fetching: DIRECTOR OF REVENUE OF MISSOURI v. COBANK ACB, AS SUCCESSOR TO THE NATIONAL BANK OF COOPERATIVES (2000/99-1792)
2025-12-04 16:02:10,534 - ERROR - Unexpected error for 2000/99-1792: 'NoneType' object has no attribute 'get'
2025-12-04 16:02:10,535 - INFO - ⚠️  No transcript available
2025-12-04 16:02:12,041 - INFO - [7475/1886] Fetching: ILLINOIS v. CHARLES MCARTHUR (2000/99-1132)
2025-12-04 16:02:13,785 - ERROR - Unexpected error for 2000/99-1132: 'NoneType' object has no attribute 'get'
2025-12-04 16:02:13,786 - INFO - ⚠️  No transcript available
2025-12-04 16:02:15,289 - INFO - [7476/1886] Fetching: BUCKMAN COMPANY v. Plaintiffs' LEGAL COMMITTEE (2000/98-1768)
2025-12-04 16:02:17,076 - ERROR - Unexpected error for 2000/98-1768: 'NoneType' object has no attribute 'get'
2025-12-04 16:02:17,077 - INFO - ⚠️  No transcript available
2025-12-04 16:02:18,584 - INFO - [7477/1886] Fetching: BOARD OF TRUSTEES OF THE UNIVERSITY OF ALABAMA, et al., v. PATRICIA GARRETT, et al. (2000/99-1240)
2025-12-04 16:02:20,427 - ERROR - Unexpected error for 2000/99-1240: 'NoneType' object has no attribute 'get'
2025-12-04 16:02:20,427 - INFO - ⚠️  No transcript available
2025-12-04 16:02:21,934 - INFO - [7478/1886] Fetching: CENTRAL GREEN CO. v. UNITED STATES (2000/99-859)
2025-12-04 16:02:23,287 - ERROR - Unexpected error for 2000/99-859: 'NoneType' object has no attribute 'get'
2025-12-04 16:02:23,289 - INFO - ⚠️  No transcript available
2025-12-04 16:02:24,798 - INFO - [7479/1886] Fetching: JAMES F. LEWIS v. LEWIS & CLARK MARINE, INC., ETC. (2000/99-1331)
2025-12-04 16:02:26,385 - INFO - ✅ Success (362 turns, 55,989 chars)
2025-12-04 16:02:27,893 - INFO - [7480/1886] Fetching: CHRISTINE TODD WHITMAN, ADMINISTRATOR OF ENVIRONMENTAL PROTECTION AGENCY, et al. v. AMERICAN TRUCKING ASSOCIATIONS, INC., et al. (2000/99-1257)
2025-12-04 16:02:29,162 - ERROR - Unexpected error for 2000/99-1257: 'NoneType' object has no attribute 'get'
2025-12-04 16:02:29,163 - INFO - ⚠️  No transcript available
2025-12-04 16:02:30,671 - INFO - [7481/1886] Fetching: SEMTEK INTERNATIONAL INCORPORATED v. LOCKHEED MARTIN CORPORATION (2000/99-1551)
2025-12-04 16:02:31,515 - INFO - ✅ Success (495 turns, 67,571 chars)
2025-12-04 16:02:33,023 - INFO - [7482/1886] Fetching: REBECCA MCDOWELL COOK v. DONALD J. GRALIKE AND MIKE HARMAN (2000/99-929)
2025-12-04 16:02:34,775 - ERROR - Unexpected error for 2000/99-929: 'NoneType' object has no attribute 'get'
2025-12-04 16:02:34,775 - INFO - ⚠️  No transcript available
2025-12-04 16:02:36,281 - INFO - [7483/1886] Fetching: LEGAL SERVICES CORPORATION v. CARMEN VELAZQUEZ, et al. (2000/99-603)
2025-12-04 16:02:38,211 - ERROR - Unexpected error for 2000/99-603: 'NoneType' object has no attribute 'get'
2025-12-04 16:02:38,212 - INFO - ⚠️  No transcript available
2025-12-04 16:02:39,715 - INFO - [7484/1886] Fetching: DEPARTMENT OF THE INTERIOR AND BUREAU OF INDIAN AFFAIRS v. KLAMATH WATER USERS PROTECTIVE ASSOCIATION (2000/99-1871)
2025-12-04 16:02:40,906 - ERROR - Unexpected error for 2000/99-1871: 'NoneType' object has no attribute 'get'
2025-12-04 16:02:40,906 - INFO - ⚠️  No transcript available
2025-12-04 16:02:42,411 - INFO - [7485/1886] Fetching: OHIO v. MATTHEW REINER (2000/00-1028)
2025-12-04 16:02:42,626 - INFO - ⚠️  No transcript available
2025-12-04 16:02:44,133 - INFO - [7486/1886] Fetching: TRAFFIX DEVICES, INC. v. MARKETING DISPLAYS, INC. (2000/99-1571)
2025-12-04 16:02:45,979 - INFO - ✅ Success (512 turns, 65,995 chars)
2025-12-04 16:02:47,486 - INFO - [7487/1886] Fetching: WESLEY AARON SHAFER, JR. v. SOUTH CAROLINA (2000/00-5250)
2025-12-04 16:02:49,320 - ERROR - Unexpected error for 2000/00-5250: 'NoneType' object has no attribute 'get'
2025-12-04 16:02:49,320 - INFO - ⚠️  No transcript available
2025-12-04 16:02:50,829 - INFO - [7488/1886] Fetching: PAULA L. BUFORD v. UNITED STATES (2000/99-9073)
2025-12-04 16:02:52,549 - ERROR - Unexpected error for 2000/99-9073: 'NoneType' object has no attribute 'get'
2025-12-04 16:02:52,550 - INFO - ⚠️  No transcript available
2025-12-04 16:02:54,057 - INFO - [7489/1886] Fetching: CRYSTAL M. FERGUSON, et al. v. CITY OF CHARLESTON et al. (2000/99-936)
2025-12-04 16:02:56,994 - ERROR - Unexpected error for 2000/99-936: 'NoneType' object has no attribute 'get'
2025-12-04 16:02:56,994 - INFO - ⚠️  No transcript available
2025-12-04 16:02:58,501 - INFO - [7490/1886] Fetching: CIRCUIT CITY STORES, INC. v. SAINT CLAIR ADAMS (2000/99-1379)
2025-12-04 16:03:00,506 - ERROR - Unexpected error for 2000/99-1379: 'NoneType' object has no attribute 'get'
2025-12-04 16:03:00,507 - INFO - ⚠️  No transcript available
2025-12-04 16:03:02,019 - INFO - [7491/1886] Fetching: DONNA RAE EGELHOFF v. SAMANTHA EGELHOFF, A MINOR, BY AND THROUGH HER NATURAL PARENT KATE BREINER, AND DAVID EGELHOFF (2000/99-1529)
2025-12-04 16:03:04,066 - ERROR - Unexpected error for 2000/99-1529: 'NoneType' object has no attribute 'get'
2025-12-04 16:03:04,067 - INFO - ⚠️  No transcript available
2025-12-04 16:03:05,576 - INFO - [7492/1886] Fetching: TEXAS v. RAYMOND LEVI COBB (2000/99-1702)
2025-12-04 16:03:07,330 - ERROR - Unexpected error for 2000/99-1702: 'NoneType' object has no attribute 'get'
2025-12-04 16:03:07,331 - INFO - ⚠️  No transcript available
2025-12-04 16:03:08,839 - INFO - [7493/1886] Fetching: ARTHUR S. LUJAN, LABOR COMMISSIONER OF CALIFORNIA, et al. v. G & G FIRE SPRINKLERS, INC. (2000/00-152)
2025-12-04 16:03:10,191 - ERROR - Unexpected error for 2000/00-152: 'NoneType' object has no attribute 'get'
2025-12-04 16:03:10,192 - INFO - ⚠️  No transcript available
2025-12-04 16:03:11,701 - INFO - [7494/1886] Fetching: UNITED STATES v. CLEVELAND INDIANS BASEBALL COMPANY (2000/00-203)
2025-12-04 16:03:13,005 - ERROR - Unexpected error for 2000/00-203: 'NoneType' object has no attribute 'get'
2025-12-04 16:03:13,005 - INFO - ⚠️  No transcript available
2025-12-04 16:03:14,513 - INFO - [7495/1886] Fetching: ROBERT SHAW, et al.  v. KEVIN MURPHY (2000/99-1613)
2025-12-04 16:03:16,397 - ERROR - Unexpected error for 2000/99-1613: 'NoneType' object has no attribute 'get'
2025-12-04 16:03:16,397 - INFO - ⚠️  No transcript available
2025-12-04 16:03:17,904 - INFO - [7496/1886] Fetching: MICHAEL F. EASLEY, * GOVERNOR OF NORTH CAROLINA, et al. v. MARTIN CROMARTIE, et al. (2000/99-1864)
2025-12-04 16:03:18,998 - ERROR - Unexpected error for 2000/99-1864: 'NoneType' object has no attribute 'get'
2025-12-04 16:03:18,999 - INFO - ⚠️  No transcript available
2025-12-04 16:03:20,509 - INFO - [7497/1886] Fetching: CLARK COUNTY SCHOOL DISTRICT v. SHIRLEY A. BREEDEN (2000/00-866)
2025-12-04 16:03:21,020 - INFO - ⚠️  No transcript available
2025-12-04 16:03:22,531 - INFO - [7498/1886] Fetching: JAMES ALEXANDER, DIRECTOR, ALABAMA DEPARTMENT OF PUBLIC SAFETY, et al. v. MARTHA SANDOVAL, INDIVIDUALLY AND ON BEHALF OF ALL OTHERS SIMILARLY SITUATED (2000/99-1908)
2025-12-04 16:03:24,221 - INFO - ✅ Success (439 turns, 58,803 chars)
2025-12-04 16:03:25,729 - INFO - [7499/1886] Fetching: GAIL ATWATER, et al. v. CITY OF LAGO VISTA et al. (2000/99-1408)
2025-12-04 16:03:27,519 - ERROR - Unexpected error for 2000/99-1408: 'NoneType' object has no attribute 'get'
2025-12-04 16:03:27,519 - INFO - ⚠️  No transcript available
2025-12-04 16:03:29,028 - INFO - [7500/1886] Fetching: EARTHY D. DANIELS, JR. v. UNITED STATES (2000/99-9136)
2025-12-04 16:03:30,793 - ERROR - Unexpected error for 2000/99-9136: 'NoneType' object has no attribute 'get'
2025-12-04 16:03:30,794 - INFO - ⚠️  No transcript available
2025-12-04 16:03:32,305 - INFO - [7501/1886] Fetching: LACKAWANNA COUNTY DISTRICT ATTORNEY, et al. v. EDWARD R. COSS, JR. (2000/99-1884)
2025-12-04 16:03:33,304 - INFO - ✅ Success (5 turns, 924 chars)
2025-12-04 16:03:34,814 - INFO - [7502/1886] Fetching: C & L ENTERPRISES, INC. v. CITIZEN BAND POTAWATOMI INDIAN TRIBE OF OKLAHOMA (2000/00-292)
2025-12-04 16:03:36,613 - ERROR - Unexpected error for 2000/00-292: 'NoneType' object has no attribute 'get'
2025-12-04 16:03:36,614 - INFO - ⚠️  No transcript available
2025-12-04 16:03:38,126 - INFO - [7503/1886] Fetching: COOPER INDUSTRIES, INC. v. LEATHERMAN TOOL GROUP, INC. (2000/99-2035)
2025-12-04 16:03:39,596 - ERROR - Unexpected error for 2000/99-2035: 'NoneType' object has no attribute 'get'
2025-12-04 16:03:39,597 - INFO - ⚠️  No transcript available
2025-12-04 16:03:41,105 - INFO - [7504/1886] Fetching: WILBERT K. ROGERS v. TENNESSEE (2000/99-6218)
2025-12-04 16:03:42,680 - ERROR - Unexpected error for 2000/99-6218: 'NoneType' object has no attribute 'get'
2025-12-04 16:03:42,681 - INFO - ⚠️  No transcript available
2025-12-04 16:03:44,191 - INFO - [7505/1886] Fetching: UNITED STATES v. OAKLAND CANNABIS BUYERS' COOPERATIVE AND JEFFREY JONES (2000/00-151)
2025-12-04 16:03:45,949 - ERROR - Unexpected error for 2000/00-151: 'NoneType' object has no attribute 'get'
2025-12-04 16:03:45,949 - INFO - ⚠️  No transcript available
2025-12-04 16:03:47,457 - INFO - [7506/1886] Fetching: MAJOR LEAGUE BASEBALL PLAYERS ASSOCIATION v. STEVE GARVEY (2000/00-1210)
2025-12-04 16:03:47,989 - INFO - ⚠️  No transcript available
2025-12-04 16:03:49,499 - INFO - [7507/1886] Fetching: BARTNICKI et al. v. VOPPER, AKA WILLIAMS, et al. (2000/99-1687)
2025-12-04 16:03:51,236 - INFO - ✅ Success (498 turns, 67,964 chars)
2025-12-04 16:03:52,744 - INFO - [7508/1886] Fetching: UNITED STATES v. TERRY J. HATTER, JR., JUDGE, UNITED STATES DISTRICT COURT FOR THE CENTRAL DISTRICT OF CALIFORNIA, et al. (2000/99-1978)
2025-12-04 16:03:54,700 - INFO - ✅ Success (478 turns, 63,683 chars)
2025-12-04 16:03:56,211 - INFO - [7509/1886] Fetching: THE WHARF (HOLDINGS) LIMITED, et al. v. UNITED INTERNATIONAL HOLDINGS, INC. et al. (2000/00-347)
2025-12-04 16:03:58,204 - ERROR - Unexpected error for 2000/00-347: 'NoneType' object has no attribute 'get'
2025-12-04 16:03:58,204 - INFO - ⚠️  No transcript available
2025-12-04 16:03:59,713 - INFO - [7510/1886] Fetching: BUCKHANNON BOARD AND CARE HOME, INC., et al. v. WEST VIRGINIA DEPARTMENT OF HEALTH AND HUMAN RESOURCES, et al. (2000/99-1848)
2025-12-04 16:04:01,923 - INFO - ✅ Success (586 turns, 66,466 chars)
2025-12-04 16:04:01,927 - INFO - 📊 Progress saved: 10 transcripts
2025-12-04 16:04:03,433 - INFO - [7511/1886] Fetching: ATKINSON TRADING COMPANY, INC. v. JOE SHIRLEY, JR., et al. (2000/00-454)
2025-12-04 16:04:05,419 - INFO - ✅ Success (578 turns, 62,261 chars)
2025-12-04 16:04:06,926 - INFO - [7512/1886] Fetching: PGA TOUR, INC. v. CASEY MARTIN (2000/00-24)
2025-12-04 16:04:08,987 - ERROR - Unexpected error for 2000/00-24: 'NoneType' object has no attribute 'get'
2025-12-04 16:04:08,987 - INFO - ⚠️  No transcript available
2025-12-04 16:04:10,499 - INFO - [7513/1886] Fetching: NATIONAL LABOR RELATIONS BOARD v. KENTUCKY RIVER COMMUNITY CARE, INC., et al. (2000/99-1815)
2025-12-04 16:04:12,079 - ERROR - Unexpected error for 2000/99-1815: 'NoneType' object has no attribute 'get'
2025-12-04 16:04:12,080 - INFO - ⚠️  No transcript available
2025-12-04 16:04:13,592 - INFO - [7514/1886] Fetching: TIMOTHY BOOTH v. C. O. CHURNER, et al. (2000/99-1964)
2025-12-04 16:04:15,314 - INFO - ✅ Success (453 turns, 58,923 chars)
2025-12-04 16:04:16,825 - INFO - [7515/1886] Fetching: STATE OF NEW HAMPSHIRE v. STATE OF MAINE (2000/130 ORIG)
2025-12-04 16:04:17,209 - INFO - ⚠️  No transcript available
2025-12-04 16:04:18,717 - INFO - [7516/1886] Fetching: DALE G. BECKER v. BETTY MONTGOMERY, ATTORNEY GENERAL OF OHIO, et al. (2000/00-6374)
2025-12-04 16:04:20,049 - ERROR - Unexpected error for 2000/00-6374: 'NoneType' object has no attribute 'get'
2025-12-04 16:04:20,050 - INFO - ⚠️  No transcript available
2025-12-04 16:04:21,561 - INFO - [7517/1886] Fetching: ARKANSAS v. KENNETH ANDREW SULLIVAN (2000/00-262)
2025-12-04 16:04:22,160 - INFO - ⚠️  No transcript available
2025-12-04 16:04:23,670 - INFO - [7518/1886] Fetching: FLORIDA v. ROBERT A. THOMAS (2000/00-391)
2025-12-04 16:04:25,406 - ERROR - Unexpected error for 2000/00-391: 'NoneType' object has no attribute 'get'
2025-12-04 16:04:25,407 - INFO - ⚠️  No transcript available
2025-12-04 16:04:26,918 - INFO - [7519/1886] Fetching: JOHN PAUL PENRY v. GARY L. JOHNSON, DIRECTOR, TEXAS DEPARTMENT OF CRIMINAL JUSTICE, INSTITUTIONAL DIVISION (2000/00-6677)
2025-12-04 16:04:28,342 - ERROR - Unexpected error for 2000/00-6677: 'NoneType' object has no attribute 'get'
2025-12-04 16:04:28,343 - INFO - ⚠️  No transcript available
2025-12-04 16:04:29,852 - INFO - [7520/1886] Fetching: NORFOLK SHIPBUILDING & DRYDOCK CORPORATION v. CELESTINE GARRIS, ADMINISTRATRIX OF THE ESTATE OF CHRISTOPHER GARRIS, DECEASED (2000/00-346)
2025-12-04 16:04:31,611 - ERROR - Unexpected error for 2000/00-346: 'NoneType' object has no attribute 'get'
2025-12-04 16:04:31,612 - INFO - ⚠️  No transcript available
2025-12-04 16:04:33,123 - INFO - [7521/1886] Fetching: UNITED DOMINION INDUSTRIES, INC. v. UNITED STATES (2000/00-157)
2025-12-04 16:04:34,805 - INFO - ✅ Success (524 turns, 64,732 chars)
2025-12-04 16:04:36,316 - INFO - [7522/1886] Fetching: SHARON B. POLLARD v. E. I. DU PONT DE NEMOURS & COMPANY (2000/00-763)
2025-12-04 16:04:38,478 - ERROR - Unexpected error for 2000/00-763: 'NoneType' object has no attribute 'get'
2025-12-04 16:04:38,478 - INFO - ⚠️  No transcript available
2025-12-04 16:04:39,986 - INFO - [7523/1886] Fetching: STATE OF KANSAS v. STATE OF COLORADO (2000/105 ORIG)
2025-12-04 16:04:40,591 - INFO - ⚠️  No transcript available
2025-12-04 16:04:42,102 - INFO - [7524/1886] Fetching: DANNY LEE KYLLO v. UNITED STATES (2000/99-8508)
2025-12-04 16:04:44,216 - INFO - ✅ Success (539 turns, 69,121 chars)
2025-12-04 16:04:45,731 - INFO - [7525/1886] Fetching: TUAN ANH NGUYEN AND JOSEPH BOULAIS v. IMMIGRATION AND NATURALIZATION SERVICE (2000/99-2071)
2025-12-04 16:04:47,380 - ERROR - Unexpected error for 2000/99-2071: 'NoneType' object has no attribute 'get'
2025-12-04 16:04:47,381 - INFO - ⚠️  No transcript available
2025-12-04 16:04:48,892 - INFO - [7526/1886] Fetching: GOOD NEWS CLUB, et al. v. MILFORD CENTRAL SCHOOL (2000/99-2036)
2025-12-04 16:04:51,896 - INFO - ✅ Success (648 turns, 67,810 chars)
2025-12-04 16:04:53,408 - INFO - [7527/1886] Fetching: ALABAMA v. MICHAEL HERMAN BOZEMAN (2000/00-492)
2025-12-04 16:04:55,277 - INFO - ✅ Success (411 turns, 59,866 chars)
2025-12-04 16:04:56,790 - INFO - [7528/1886] Fetching: CEDRIC KUSHNER PROMOTIONS, LTD. v. DON KING, et al. (2000/00-549)
2025-12-04 16:04:59,164 - ERROR - Unexpected error for 2000/00-549: 'NoneType' object has no attribute 'get'
2025-12-04 16:04:59,165 - INFO - ⚠️  No transcript available
2025-12-04 16:05:00,674 - INFO - [7529/1886] Fetching: GEORGE DUNCAN, SUPERINTENDENT, GREAT MEADOW CORRECTIONAL FACILITY v. SHERMAN WALKER (2000/00-121)
2025-12-04 16:05:01,727 - INFO - ⚠️  No transcript available
2025-12-04 16:05:03,240 - INFO - [7530/1886] Fetching: DONALD SAUCIER v. ELLIOT M. KATZ AND IN DEFENSE OF ANIMALS (2000/99-1977)
2025-12-04 16:05:05,049 - INFO - ✅ Success (519 turns, 68,386 chars)
2025-12-04 16:05:06,561 - INFO - [7531/1886] Fetching: UNITED STATES v. MEAD CORPORATION (2000/99-1434)
2025-12-04 16:05:08,480 - ERROR - Unexpected error for 2000/99-1434: 'NoneType' object has no attribute 'get'
2025-12-04 16:05:08,481 - INFO - ⚠️  No transcript available
2025-12-04 16:05:09,988 - INFO - [7532/1886] Fetching: IDAHO v. UNITED STATES et al. (2000/00-189)
2025-12-04 16:05:11,350 - ERROR - Unexpected error for 2000/00-189: 'NoneType' object has no attribute 'get'
2025-12-04 16:05:11,351 - INFO - ⚠️  No transcript available
2025-12-04 16:05:12,864 - INFO - [7533/1886] Fetching: IMMIGRATION AND NATURALIZATION SERVICE v. ENRICO ST. CYR (2000/00-767)
2025-12-04 16:05:14,424 - ERROR - Unexpected error for 2000/00-767: 'NoneType' object has no attribute 'get'
2025-12-04 16:05:14,425 - INFO - ⚠️  No transcript available
2025-12-04 16:05:15,934 - INFO - [7534/1886] Fetching: DEBORIS CALCANO-MARTINEZ, et al. v. IMMIGRATION AND NATURALIZATION SERVICE (2000/00-1011)
2025-12-04 16:05:17,806 - INFO - ✅ Success (452 turns, 67,105 chars)
2025-12-04 16:05:19,318 - INFO - [7535/1886] Fetching: NEVADA, et al. v. FLOYD HICKS, et al. (2000/99-1994)
2025-12-04 16:05:21,691 - ERROR - Unexpected error for 2000/99-1994: 'NoneType' object has no attribute 'get'
2025-12-04 16:05:21,692 - INFO - ⚠️  No transcript available
2025-12-04 16:05:23,205 - INFO - [7536/1886] Fetching: UNITED STATES AND DEPARTMENT OF AGRICULTURE v. UNITED FOODS, INC. (2000/00-276)
2025-12-04 16:05:25,178 - ERROR - Unexpected error for 2000/00-276: 'NoneType' object has no attribute 'get'
2025-12-04 16:05:25,179 - INFO - ⚠️  No transcript available
2025-12-04 16:05:26,688 - INFO - [7537/1886] Fetching: FEDERAL ELECTION COMMISSION v. COLORADO REPUBLICAN FEDERAL CAMPAIGN COMMITTEE (2000/00-191)
2025-12-04 16:05:27,971 - ERROR - Unexpected error for 2000/00-191: 'NoneType' object has no attribute 'get'
2025-12-04 16:05:27,972 - INFO - ⚠️  No transcript available
2025-12-04 16:05:29,480 - INFO - [7538/1886] Fetching: NEW YORK TIMES COMPANY, INC., et al. v. JONATHAN TASINI, et al. (2000/00-201)
2025-12-04 16:05:30,743 - ERROR - Unexpected error for 2000/00-201: 'NoneType' object has no attribute 'get'
2025-12-04 16:05:30,743 - INFO - ⚠️  No transcript available
2025-12-04 16:05:32,251 - INFO - [7539/1886] Fetching: LORILLARD TOBACCO COMPANY, et al. v. THOMAS F. REILLY, ATTORNEY GENERAL OF MASSACHUSETTS, et al. (2000/00-596)
2025-12-04 16:05:34,036 - ERROR - Unexpected error for 2000/00-596: 'NoneType' object has no attribute 'get'
2025-12-04 16:05:34,040 - INFO - ⚠️  No transcript available
2025-12-04 16:05:35,551 - INFO - [7540/1886] Fetching: ANTHONY PALAZZOLO v. RHODE ISLAND, et al. (2000/99-2047)
2025-12-04 16:05:37,394 - ERROR - Unexpected error for 2000/99-2047: 'NoneType' object has no attribute 'get'
2025-12-04 16:05:37,395 - INFO - ⚠️  No transcript available
2025-12-04 16:05:38,906 - INFO - [7541/1886] Fetching: MELVIN TYLER v. BURL CAIN, WARDEN (2000/00-5961)
2025-12-04 16:05:40,949 - ERROR - Unexpected error for 2000/00-5961: 'NoneType' object has no attribute 'get'
2025-12-04 16:05:40,950 - INFO - ⚠️  No transcript available
2025-12-04 16:05:42,460 - INFO - [7542/1886] Fetching: KESTUTIS ZADVYDAS v. CHRISTINE G. DAVIS AND IMMIGRATION AND NATURALIZATION SERVICE (2000/99-7791)
2025-12-04 16:05:45,327 - ERROR - Unexpected error for 2000/99-7791: 'NoneType' object has no attribute 'get'
2025-12-04 16:05:45,328 - INFO - ⚠️  No transcript available
2025-12-04 16:05:46,835 - INFO - [7543/1886] Fetching: UNITED STATES POSTAL SERVICE v. MARIA A. GREGORY (2001/00-758)
2025-12-04 16:05:48,763 - ERROR - Unexpected error for 2001/00-758: 'NoneType' object has no attribute 'get'
2025-12-04 16:05:48,763 - INFO - ⚠️  No transcript available
2025-12-04 16:05:50,272 - INFO - [7544/1886] Fetching: TRW INC. v. ADELAIDE ANDREWS (2001/00-1045)
2025-12-04 16:05:52,208 - INFO - ✅ Success (571 turns, 71,232 chars)
2025-12-04 16:05:53,722 - INFO - [7545/1886] Fetching: STATE OF NEBRASKA v. STATES OF WYOMING AND COLORADO (2001/108 ORIG)
2025-12-04 16:05:54,109 - INFO - ⚠️  No transcript available
2025-12-04 16:05:55,621 - INFO - [7546/1886] Fetching: CORRECTIONAL SERVICES CORPORATION v. JOHN E. MALESKO (2001/00-860)
2025-12-04 16:05:57,370 - ERROR - Unexpected error for 2001/00-860: 'NoneType' object has no attribute 'get'
2025-12-04 16:05:57,371 - INFO - ⚠️  No transcript available
2025-12-04 16:05:58,880 - INFO - [7547/1886] Fetching: CHICKASAW NATION v. UNITED STATES (2001/00-507)
2025-12-04 16:06:00,758 - ERROR - Unexpected error for 2001/00-507: 'NoneType' object has no attribute 'get'
2025-12-04 16:06:00,758 - INFO - ⚠️  No transcript available
2025-12-04 16:06:02,266 - INFO - [7548/1886] Fetching: ADARAND CONSTRUCTORS, INC. v. NORMAN Y. MINETA, SECRETARY OF TRANSPORTATION, et al. (2001/00-730)
2025-12-04 16:06:04,260 - ERROR - Unexpected error for 2001/00-730: 'NoneType' object has no attribute 'get'
2025-12-04 16:06:04,261 - INFO - ⚠️  No transcript available
2025-12-04 16:06:05,773 - INFO - [7549/1886] Fetching: UNITED STATES v. MARK JAMES KNIGHTS (2001/00-1260)
2025-12-04 16:06:07,605 - ERROR - Unexpected error for 2001/00-1260: 'NoneType' object has no attribute 'get'
2025-12-04 16:06:07,606 - INFO - ⚠️  No transcript available
2025-12-04 16:06:09,117 - INFO - [7550/1886] Fetching: J. E. M. AG SUPPLY, INC., DBA FARM ADVANTAGE, INC., et al. v. PIONEER HI-BRED INTERNATIONAL, INC. (2001/99-1996)
2025-12-04 16:06:10,840 - INFO - ✅ Success (469 turns, 57,571 chars)
2025-12-04 16:06:10,842 - INFO - 📊 Progress saved: 20 transcripts
2025-12-04 16:06:12,349 - INFO - [7551/1886] Fetching: TERRY L. STEWART, DIRECTOR, ARIZONA DEPARTMENT OF CORRECTIONS v. ROBERT DOUGLAS SMITH (2001/01-339)
2025-12-04 16:06:12,956 - INFO - ⚠️  No transcript available
2025-12-04 16:06:12,963 - INFO - 📊 Progress saved: 20 transcripts
2025-12-04 16:06:14,470 - INFO - [7552/1886] Fetching: LARRY DEAN DUSENBERY v. UNITED STATES (2001/00-6567)
2025-12-04 16:06:16,368 - ERROR - Unexpected error for 2001/00-6567: 'NoneType' object has no attribute 'get'
2025-12-04 16:06:16,368 - INFO - ⚠️  No transcript available
2025-12-04 16:06:16,373 - INFO - 📊 Progress saved: 20 transcripts
2025-12-04 16:06:17,881 - INFO - [7553/1886] Fetching: TOYOTA MOTOR MANUFACTURING, KENTUCKY, INC. v. ELLA WILLIAMS (2001/00-1089)
2025-12-04 16:06:19,508 - ERROR - Unexpected error for 2001/00-1089: 'NoneType' object has no attribute 'get'
2025-12-04 16:06:19,509 - INFO - ⚠️  No transcript available
2025-12-04 16:06:19,513 - INFO - 📊 Progress saved: 20 transcripts
2025-12-04 16:06:21,016 - INFO - [7554/1886] Fetching: GREAT-WEST LIFE & ANNUITY INSURANCE COMPANY, et al. v. JANETTE KNUDSON AND ERIC KNUDSON (2001/99-1786)
2025-12-04 16:06:22,790 - ERROR - Unexpected error for 2001/99-1786: 'NoneType' object has no attribute 'get'
2025-12-04 16:06:22,791 - INFO - ⚠️  No transcript available
2025-12-04 16:06:22,798 - INFO - 📊 Progress saved: 20 transcripts
2025-12-04 16:06:24,301 - INFO - [7555/1886] Fetching: ELAINE L. CHAO, SECRETARY OF LABOR v. MALLARD BAY DRILLING, INC. (2001/00-927)
2025-12-04 16:06:26,340 - INFO - ✅ Success (482 turns, 59,094 chars)
2025-12-04 16:06:27,849 - INFO - [7556/1886] Fetching: WILLIAM ARTHUR KELLY v. SOUTH CAROLINA (2001/00-9280)
2025-12-04 16:06:29,998 - INFO - ✅ Success (601 turns, 74,562 chars)
2025-12-04 16:06:31,508 - INFO - [7557/1886] Fetching: UNITED STATES v. RALPH ARVIZU (2001/00-1519)
2025-12-04 16:06:33,138 - ERROR - Unexpected error for 2001/00-1519: 'NoneType' object has no attribute 'get'
2025-12-04 16:06:33,139 - INFO - ⚠️  No transcript available
2025-12-04 16:06:34,653 - INFO - [7558/1886] Fetching: EQUAL EMPLOYMENT OPPORTUNITY COMMISSION v. WAFFLE HOUSE, INC. (2001/99-1823)
2025-12-04 16:06:36,857 - INFO - ✅ Success (583 turns, 68,688 chars)
2025-12-04 16:06:38,370 - INFO - [7559/1886] Fetching: CAREN CRONK THOMAS AND WINDY CITY HEMP DEVELOPMENT BOARD v. CHICAGO PARK DISTRICT (2001/00-1249)
2025-12-04 16:06:40,148 - ERROR - Unexpected error for 2001/00-1249: 'NoneType' object has no attribute 'get'
2025-12-04 16:06:40,148 - INFO - ⚠️  No transcript available
2025-12-04 16:06:41,656 - INFO - [7560/1886] Fetching: NATIONAL CABLE & TELECOMMUNICATIONS ASSOCIATION, INC. v. GULF POWER COMPANY et al. (2001/00-832)
2025-12-04 16:06:44,289 - ERROR - Unexpected error for 2001/00-832: 'NoneType' object has no attribute 'get'
2025-12-04 16:06:44,290 - INFO - ⚠️  No transcript available
2025-12-04 16:06:45,804 - INFO - [7561/1886] Fetching: REMON LEE v. MIKE KEMNA, SUPERINTENDENT, CROSSROADS CORRECTIONAL CENTER (2001/00-6933)
2025-12-04 16:06:47,817 - INFO - ✅ Success (610 turns, 73,824 chars)
2025-12-04 16:06:49,331 - INFO - [7562/1886] Fetching: KANSAS v. MICHAEL T. CRANE (2001/00-957)
2025-12-04 16:06:51,024 - ERROR - Unexpected error for 2001/00-957: 'NoneType' object has no attribute 'get'
2025-12-04 16:06:51,025 - INFO - ⚠️  No transcript available
2025-12-04 16:06:52,535 - INFO - [7563/1886] Fetching: OWASSO INDEPENDENT SCHOOL DISTRICT NO. I-011, AKA OWASSO PUBLIC SCHOOLS, et al. v. KRISTJA J. FALVO, PARENT AND NEXT FRIEND OF HER MINOR CHILDREN, ELIZABETH PLETAN, PHILIP PLETAN, AND ERICA PLETAN (2001/00-1073)
2025-12-04 16:06:54,520 - ERROR - Unexpected error for 2001/00-1073: 'NoneType' object has no attribute 'get'
2025-12-04 16:06:54,521 - INFO - ⚠️  No transcript available
2025-12-04 16:06:56,035 - INFO - [7564/1886] Fetching: JO ANNE B. BARNHART, COMMISSIONER OF SOCIAL SECURITY v. SIGMON COAL COMPANY, INC., et al. (2001/00-1307)
2025-12-04 16:06:57,984 - ERROR - Unexpected error for 2001/00-1307: 'NoneType' object has no attribute 'get'
2025-12-04 16:06:57,985 - INFO - ⚠️  No transcript available
2025-12-04 16:06:59,499 - INFO - [7565/1886] Fetching: WISCONSIN DEPARTMENT OF HEALTH AND FAMILY SERVICES v. IRENE BLUMER (2001/00-952)
2025-12-04 16:07:01,354 - ERROR - Unexpected error for 2001/00-952: 'NoneType' object has no attribute 'get'
2025-12-04 16:07:01,355 - INFO - ⚠️  No transcript available
2025-12-04 16:07:02,865 - INFO - [7566/1886] Fetching: AKOS SWIERKIEWICZ v. SOREMA N. A. (2001/00-1853)
2025-12-04 16:07:04,676 - ERROR - Unexpected error for 2001/00-1853: 'NoneType' object has no attribute 'get'
2025-12-04 16:07:04,677 - INFO - ⚠️  No transcript available
2025-12-04 16:07:06,191 - INFO - [7567/1886] Fetching: CORRECTION OFFICER PORTER, et al. v. RONALD NUSSLE (2001/00-853)
2025-12-04 16:07:07,713 - ERROR - Unexpected error for 2001/00-853: 'NoneType' object has no attribute 'get'
2025-12-04 16:07:07,714 - INFO - ⚠️  No transcript available
2025-12-04 16:07:09,227 - INFO - [7568/1886] Fetching: LANCE RAYGOR AND JAMES GOODCHILD v. REGENTS OF THE UNIVERSITY OF MINNESOTA, et al. (2001/00-1514)
2025-12-04 16:07:11,259 - INFO - ✅ Success (506 turns, 63,194 chars)
2025-12-04 16:07:12,774 - INFO - [7569/1886] Fetching: NEW YORK et al. v. FEDERAL ENERGY REGULATORY COMMISSION et al. (2001/00-568)
2025-12-04 16:07:14,613 - ERROR - Unexpected error for 2001/00-568: 'NoneType' object has no attribute 'get'
2025-12-04 16:07:14,614 - INFO - ⚠️  No transcript available
2025-12-04 16:07:16,125 - INFO - [7570/1886] Fetching: CORNELIUS P. YOUNG, ET UX. v. UNITED STATES (2001/00-1567)
2025-12-04 16:07:18,023 - ERROR - Unexpected error for 2001/00-1567: 'NoneType' object has no attribute 'get'
2025-12-04 16:07:18,024 - INFO - ⚠️  No transcript available
2025-12-04 16:07:19,538 - INFO - [7571/1886] Fetching: UNITED STATES v. ALPHONSO VONN (2001/00-973)
2025-12-04 16:07:21,386 - ERROR - Unexpected error for 2001/00-973: 'NoneType' object has no attribute 'get'
2025-12-04 16:07:21,387 - INFO - ⚠️  No transcript available
2025-12-04 16:07:22,899 - INFO - [7572/1886] Fetching: TRACY RAGSDALE, et al. v. WOLVERINE WORLD WIDE, INC. (2001/00-6029)
2025-12-04 16:07:24,607 - ERROR - Unexpected error for 2001/00-6029: 'NoneType' object has no attribute 'get'
2025-12-04 16:07:24,608 - INFO - ⚠️  No transcript available
2025-12-04 16:07:26,121 - INFO - [7573/1886] Fetching: LEONARD EDELMAN v. LYNCHBURG COLLEGE (2001/00-1072)
2025-12-04 16:07:28,293 - ERROR - Unexpected error for 2001/00-1072: 'NoneType' object has no attribute 'get'
2025-12-04 16:07:28,294 - INFO - ⚠️  No transcript available
2025-12-04 16:07:29,806 - INFO - [7574/1886] Fetching: DEPARTMENT OF HOUSING AND URBAN DEVELOPMENT v. PEARLIE RUCKER et al. (2001/00-1770)
2025-12-04 16:07:31,534 - INFO - ✅ Success (471 turns, 63,835 chars)
2025-12-04 16:07:33,048 - INFO - [7575/1886] Fetching: HOFFMAN PLASTIC COMPOUNDS, INC. v. NATIONAL LABOR RELATIONS BOARD (2001/00-1595)
2025-12-04 16:07:34,950 - ERROR - Unexpected error for 2001/00-1595: 'NoneType' object has no attribute 'get'
2025-12-04 16:07:34,951 - INFO - ⚠️  No transcript available
2025-12-04 16:07:36,462 - INFO - [7576/1886] Fetching: WALTER MICKENS, JR. v. JOHN TAYLOR, WARDEN (2001/00-9285)
2025-12-04 16:07:38,438 - INFO - ✅ Success (636 turns, 71,572 chars)
2025-12-04 16:07:39,951 - INFO - [7577/1886] Fetching: JO ANNE B. BARNHART, COMMISSIONER OF SOCIAL SECURITY v. CLEVELAND B. WALTON (2001/00-1937)
2025-12-04 16:07:41,728 - ERROR - Unexpected error for 2001/00-1937: 'NoneType' object has no attribute 'get'
2025-12-04 16:07:41,729 - INFO - ⚠️  No transcript available
2025-12-04 16:07:43,244 - INFO - [7578/1886] Fetching: WANDA ADAMS, et al. v. FLORIDA POWER CORPORATION AND FLORIDA PROGRESS CORPORATION (2001/01-584)
2025-12-04 16:07:45,059 - INFO - ✅ Success (509 turns, 62,563 chars)
2025-12-04 16:07:46,567 - INFO - [7579/1886] Fetching: SAO PAULO STATE OF THE FEDERATIVE REPUBLIC OF BRAZIL v. AMERICAN TOBACCO CO., INC., et al. (2001/01-835)
2025-12-04 16:07:47,077 - INFO - ⚠️  No transcript available
2025-12-04 16:07:48,589 - INFO - [7580/1886] Fetching: JOHN D. ASHCROFT, ATTORNEY GENERAL, et al. v. THE FREE SPEECH COALITION et al. (2001/00-795)
2025-12-04 16:07:50,481 - INFO - ✅ Success (443 turns, 63,573 chars)
2025-12-04 16:07:51,995 - INFO - [7581/1886] Fetching: UNITED STATES v. SANDRA L. CRAFT (2001/00-1831)
2025-12-04 16:07:54,025 - ERROR - Unexpected error for 2001/00-1831: 'NoneType' object has no attribute 'get'
2025-12-04 16:07:54,026 - INFO - ⚠️  No transcript available
2025-12-04 16:07:55,540 - INFO - [7582/1886] Fetching: TAHOE-SIERRA PRESERVATION COUNCIL, INC., et al. v. TAHOE REGIONAL PLANNING AGENCY et al. (2001/00-1167)
2025-12-04 16:07:57,475 - ERROR - Unexpected error for 2001/00-1167: 'NoneType' object has no attribute 'get'
2025-12-04 16:07:57,476 - INFO - ⚠️  No transcript available
2025-12-04 16:07:58,987 - INFO - [7583/1886] Fetching: TOMMY G. THOMPSON, SECRETARY OF HEALTH AND HUMAN SERVICES, et al. v. WESTERN STATES MEDICAL CENTER et al. (2001/01-344)
2025-12-04 16:08:01,231 - ERROR - Unexpected error for 2001/01-344: 'NoneType' object has no attribute 'get'
2025-12-04 16:08:01,232 - INFO - ⚠️  No transcript available
2025-12-04 16:08:02,747 - INFO - [7584/1886] Fetching: US AIRWAYS, INC. v. ROBERT BARNETT (2001/00-1250)
2025-12-04 16:08:04,442 - ERROR - Unexpected error for 2001/00-1250: 'NoneType' object has no attribute 'get'
2025-12-04 16:08:04,443 - INFO - ⚠️  No transcript available
2025-12-04 16:08:05,959 - INFO - [7585/1886] Fetching: CITY OF LOS ANGELES v. ALAMEDA BOOKS, INC., et al. (2001/00-799)
2025-12-04 16:08:07,702 - ERROR - Unexpected error for 2001/00-799: 'NoneType' object has no attribute 'get'
2025-12-04 16:08:07,703 - INFO - ⚠️  No transcript available
2025-12-04 16:08:09,212 - INFO - [7586/1886] Fetching: VERIZON COMMUNICATIONS INC., et al. v. FEDERAL COMMUNICATIONS COMMISSION, et al. (2001/00-511)
2025-12-04 16:08:11,200 - ERROR - Unexpected error for 2001/00-511: 'NoneType' object has no attribute 'get'
2025-12-04 16:08:11,201 - INFO - ⚠️  No transcript available
2025-12-04 16:08:12,717 - INFO - [7587/1886] Fetching: JOHN ASHCROFT, ATTORNEY GENERAL v. AMERICAN CIVIL LIBERTIES UNION, et al. (2001/00-1293)
2025-12-04 16:08:14,498 - ERROR - Unexpected error for 2001/00-1293: 'NoneType' object has no attribute 'get'
2025-12-04 16:08:14,499 - INFO - ⚠️  No transcript available
2025-12-04 16:08:16,018 - INFO - [7588/1886] Fetching: PAUL D. LAPIDES v. BOARD OF REGENTS OF THE UNIVERSITY SYSTEM OF GEORGIA, et al. (2001/01-298)
2025-12-04 16:08:17,998 - ERROR - Unexpected error for 2001/01-298: 'NoneType' object has no attribute 'get'
2025-12-04 16:08:17,999 - INFO - ⚠️  No transcript available
2025-12-04 16:08:19,508 - INFO - [7589/1886] Fetching: UNITED STATES v. LEONARD COTTON, MARQUETTE HALL, LAMONT THOMAS, MATILDA HALL, JOVAN POWELL, JESUS HALL, AND STANLEY HALL, JR. (2001/01-687)
2025-12-04 16:08:21,359 - ERROR - Unexpected error for 2001/01-687: 'NoneType' object has no attribute 'get'
2025-12-04 16:08:21,359 - INFO - ⚠️  No transcript available
2025-12-04 16:08:22,872 - INFO - [7590/1886] Fetching: VERIZON MD. INC. v. PUBLIC SERVICE COMM'N OF MD. (2001/00-1531)
2025-12-04 16:08:24,778 - ERROR - Unexpected error for 2001/00-1531: 'NoneType' object has no attribute 'get'
2025-12-04 16:08:24,779 - INFO - ⚠️  No transcript available
2025-12-04 16:08:26,292 - INFO - [7591/1886] Fetching: ALABAMA v. LEREED SHELTON (2001/00-1214)
2025-12-04 16:08:28,166 - ERROR - Unexpected error for 2001/00-1214: 'NoneType' object has no attribute 'get'
2025-12-04 16:08:28,168 - INFO - ⚠️  No transcript available
2025-12-04 16:08:29,687 - INFO - [7592/1886] Fetching: RICKY BELL, WARDEN v. GARY BRADFORD CONE (2001/01-400)
2025-12-04 16:08:31,519 - ERROR - Unexpected error for 2001/01-400: 'NoneType' object has no attribute 'get'
2025-12-04 16:08:31,520 - INFO - ⚠️  No transcript available
2025-12-04 16:08:33,034 - INFO - [7593/1886] Fetching: FESTO CORPORATION v. SHOKETSU KINZOKU KOGYO KABUSHIKI CO., LTD., et al. (2001/00-1543)
2025-12-04 16:08:34,639 - ERROR - Unexpected error for 2001/00-1543: 'NoneType' object has no attribute 'get'
2025-12-04 16:08:34,640 - INFO - ⚠️  No transcript available
2025-12-04 16:08:36,156 - INFO - [7594/1886] Fetching: FEDERAL MARITIME COMMISSION v. SOUTH CAROLINA STATE PORTS AUTHORITY et al. (2001/01-46)
2025-12-04 16:08:38,153 - INFO - ✅ Success (525 turns, 72,316 chars)
2025-12-04 16:08:38,162 - INFO - 📊 Progress saved: 30 transcripts
2025-12-04 16:08:39,668 - INFO - [7595/1886] Fetching: GARY E. GISBRECHT, BARBARA A. MILLER, AND NANCY SANDINE v. JO ANNE B. BARNHART, COMMISSIONER OF SOCIAL SECURITY (2001/01-131)
2025-12-04 16:08:41,974 - INFO - ✅ Success (587 turns, 69,467 chars)
2025-12-04 16:08:43,486 - INFO - [7596/1886] Fetching: SECURITIES AND EXCHANGE COMMISSION v. CHARLES ZANDFORD (2001/01-147)
2025-12-04 16:08:45,526 - INFO - ✅ Success (588 turns, 67,610 chars)
2025-12-04 16:08:47,041 - INFO - [7597/1886] Fetching: THE HOLMES GROUP, INC. v. VORNADO AIR CIRCULATION SYSTEMS, INC. (2001/01-408)
2025-12-04 16:08:49,387 - INFO - ✅ Success (492 turns, 59,299 chars)
2025-12-04 16:08:50,904 - INFO - [7598/1886] Fetching: ROBERT J. DEVLIN v. ROBERT A. SCARDELLETTI et al. (2001/01-417)
2025-12-04 16:08:52,988 - INFO - ✅ Success (511 turns, 64,460 chars)
2025-12-04 16:08:54,500 - INFO - [7599/1886] Fetching: DAVID R. MCKUNE, WARDEN, et al. v. ROBERT G. LILE (2001/00-1187)
2025-12-04 16:08:56,535 - ERROR - Unexpected error for 2001/00-1187: 'NoneType' object has no attribute 'get'
2025-12-04 16:08:56,536 - INFO - ⚠️  No transcript available
2025-12-04 16:08:58,052 - INFO - [7600/1886] Fetching: CHEVRON U.S.A. INC. v. MARIO ECHAZABAL (2001/00-1406)
2025-12-04 16:09:00,023 - ERROR - Unexpected error for 2001/00-1406: 'NoneType' object has no attribute 'get'
2025-12-04 16:09:00,024 - INFO - ⚠️  No transcript available
2025-12-04 16:09:01,533 - INFO - [7601/1886] Fetching: JPMORGAN CHASE BANK v. TRAFFIC STREAM (BVI) INFRASTRUCTURE LIMITED (2001/01-651)
2025-12-04 16:09:03,811 - ERROR - Unexpected error for 2001/01-651: 'NoneType' object has no attribute 'get'
2025-12-04 16:09:03,812 - INFO - ⚠️  No transcript available
2025-12-04 16:09:05,328 - INFO - [7602/1886] Fetching: NATIONAL RAILROAD PASSENGER CORPORATION v. ABNER MORGAN, JR. (2001/00-1614)
2025-12-04 16:09:07,768 - INFO - ✅ Success (617 turns, 69,856 chars)
2025-12-04 16:09:09,280 - INFO - [7603/1886] Fetching: FRANCONIA ASSOCIATES, et al. v. UNITED STATES (2001/01-455)
2025-12-04 16:09:11,509 - ERROR - Unexpected error for 2001/01-455: 'NoneType' object has no attribute 'get'
2025-12-04 16:09:11,510 - INFO - ⚠️  No transcript available
2025-12-04 16:09:13,019 - INFO - [7604/1886] Fetching: WATCHTOWER BIBLE AND TRACT SOCIETY OF NEW YORK, INC., et al. v. VILLAGE OF STRATTON et al. (2001/00-1737)
2025-12-04 16:09:15,484 - ERROR - Unexpected error for 2001/00-1737: 'NoneType' object has no attribute 'get'
2025-12-04 16:09:15,485 - INFO - ⚠️  No transcript available
2025-12-04 16:09:16,996 - INFO - [7605/1886] Fetching: KAY BARNES, ETC., et al. v. JEFFREY GORMAN (2001/01-682)
2025-12-04 16:09:18,789 - INFO - ✅ Success (413 turns, 57,755 chars)
2025-12-04 16:09:20,307 - INFO - [7606/1886] Fetching: UNITED STATES v. CHRISTOPHER DRAYTON AND CLIFTON BROWN, JR. (2001/01-631)
2025-12-04 16:09:21,188 - ERROR - Unexpected error for 2001/01-631: 'NoneType' object has no attribute 'get'
2025-12-04 16:09:21,189 - INFO - ⚠️  No transcript available
2025-12-04 16:09:22,700 - INFO - [7607/1886] Fetching: TOM L. CAREY, WARDEN v. TONY EUGENE SAFFOLD (2001/01-301)
2025-12-04 16:09:24,584 - INFO - ✅ Success (593 turns, 70,025 chars)
2025-12-04 16:09:26,094 - INFO - [7608/1886] Fetching: UNITED STATES v. FIOR D'ITALIA, INC. (2001/01-463)
2025-12-04 16:09:28,749 - ERROR - Unexpected error for 2001/01-463: 'NoneType' object has no attribute 'get'
2025-12-04 16:09:28,750 - INFO - ⚠️  No transcript available
2025-12-04 16:09:30,260 - INFO - [7609/1886] Fetching: MARTIN HORN, COMMISSIONER, PENNSYLVANIA DEPARTMENT OF CORRECTIONS, et al. v. GEORGE E. BANKS (2001/01-1385)
2025-12-04 16:09:30,759 - INFO - ⚠️  No transcript available
2025-12-04 16:09:32,272 - INFO - [7610/1886] Fetching: GONZAGA UNIVERSITY AND ROBERTA S. LEAGUE v. JOHN DOE (2001/01-679)
2025-12-04 16:10:03,706 - WARNING - Timeout for 2001/01-679
2025-12-04 16:10:03,706 - INFO - ⚠️  No transcript available
2025-12-04 16:10:05,225 - INFO - [7611/1886] Fetching: DARYL RENARD ATKINS v. VIRGINIA (2001/00-8452)
2025-12-04 16:10:07,092 - ERROR - Unexpected error for 2001/00-8452: 'NoneType' object has no attribute 'get'
2025-12-04 16:10:07,093 - INFO - ⚠️  No transcript available
2025-12-04 16:10:08,607 - INFO - [7612/1886] Fetching: RUSH PRUDENTIAL HMO, INC. v. DEBRA C. MORAN et al. (2001/00-1021)
2025-12-04 16:10:10,626 - ERROR - Unexpected error for 2001/00-1021: 'NoneType' object has no attribute 'get'
2025-12-04 16:10:10,626 - INFO - ⚠️  No transcript available
2025-12-04 16:10:12,138 - INFO - [7613/1886] Fetching: WARREN CHRISTOPHER, FORMER SECRETARY OF STATE, et al. v. JENNIFER K. HARBURY (2001/01-394)
2025-12-04 16:10:13,862 - ERROR - Unexpected error for 2001/01-394: 'NoneType' object has no attribute 'get'
2025-12-04 16:10:13,863 - INFO - ⚠️  No transcript available
2025-12-04 16:10:15,380 - INFO - [7614/1886] Fetching: CITY OF COLUMBUS, et al. v. OURS GARAGE AND WRECKER SERVICE, INC., et al. (2001/01-419)
2025-12-04 16:10:17,652 - INFO - ✅ Success (672 turns, 76,107 chars)
2025-12-04 16:10:19,161 - INFO - [7615/1886] Fetching: UTAH, et al. v. DONALD L. EVANS, SECRETARY OF COMMERCE, et al. (2001/01-714)
2025-12-04 16:10:21,035 - ERROR - Unexpected error for 2001/01-714: 'NoneType' object has no attribute 'get'
2025-12-04 16:10:21,036 - INFO - ⚠️  No transcript available
2025-12-04 16:10:22,547 - INFO - [7616/1886] Fetching: BE & K CONSTRUCTION COMPANY v. NATIONAL LABOR RELATIONS BOARD et al. (2001/01-518)
2025-12-04 16:10:24,426 - INFO - ✅ Success (579 turns, 64,522 chars)
2025-12-04 16:10:25,944 - INFO - [7617/1886] Fetching: WILLIAM JOSEPH HARRIS v. UNITED STATES (2001/00-10666)
2025-12-04 16:10:27,608 - ERROR - Unexpected error for 2001/00-10666: 'NoneType' object has no attribute 'get'
2025-12-04 16:10:27,608 - INFO - ⚠️  No transcript available
2025-12-04 16:10:29,116 - INFO - [7618/1886] Fetching: TIMOTHY STUART RING v. ARIZONA (2001/01-488)
2025-12-04 16:10:30,001 - INFO - ⚠️  No transcript available
2025-12-04 16:10:31,512 - INFO - [7619/1886] Fetching: UNITED STATES v. ANGELA RUIZ (2001/01-595)
2025-12-04 16:10:33,088 - ERROR - Unexpected error for 2001/01-595: 'NoneType' object has no attribute 'get'
2025-12-04 16:10:33,089 - INFO - ⚠️  No transcript available
2025-12-04 16:10:34,604 - INFO - [7620/1886] Fetching: KENNEDY D. KIRK v. LOUISIANA (2001/01-8419)
2025-12-04 16:10:35,188 - INFO - ⚠️  No transcript available
2025-12-04 16:10:36,704 - INFO - [7621/1886] Fetching: SUSAN TAVE ZELMAN, SUPERINTENDENT OF PUBLIC INSTRUCTION OF OHIO, et al. v. DORIS SIMMONS-HARRIS et al. (2001/00-1751)
2025-12-04 16:10:40,010 - ERROR - Unexpected error for 2001/00-1751: 'NoneType' object has no attribute 'get'
2025-12-04 16:10:40,010 - INFO - ⚠️  No transcript available
2025-12-04 16:10:41,523 - INFO - [7622/1886] Fetching: LARRY HOPE v. MARK PELZER et al. (2001/01-309)
2025-12-04 16:10:43,962 - ERROR - Unexpected error for 2001/01-309: 'NoneType' object has no attribute 'get'
2025-12-04 16:10:43,963 - INFO - ⚠️  No transcript available
2025-12-04 16:10:45,479 - INFO - [7623/1886] Fetching: REPUBLICAN PARTY OF MINNESOTA, et al. v. SUZANNE WHITE, CHAIRPERSON, MINNESOTA BOARD OF JUDICIAL STANDARDS, et al. (2001/01-521)
2025-12-04 16:10:48,407 - ERROR - Unexpected error for 2001/01-521: 'NoneType' object has no attribute 'get'
2025-12-04 16:10:48,407 - INFO - ⚠️  No transcript available
2025-12-04 16:10:49,915 - INFO - [7624/1886] Fetching: BOARD OF EDUCATION OF INDEPENDENT SCHOOL DISTRICT NO. 92 OF POTTAWATOMIE COUNTY, et al. v. LINDSAY EARLS et al. (2001/01-332)
2025-12-04 16:10:53,116 - ERROR - Unexpected error for 2001/01-332: 'NoneType' object has no attribute 'get'
2025-12-04 16:10:53,117 - INFO - ⚠️  No transcript available
2025-12-04 16:10:54,630 - INFO - [7625/1886] Fetching: TERRY L. STEWART, DIRECTOR, ARIZONA DEPARTMENT OF CORRECTIONS v. ROBERT DOUGLAS SMITH (2001/01-339)
2025-12-04 16:10:54,880 - INFO - ⚠️  No transcript available
2025-12-04 16:10:56,396 - INFO - [7626/1886] Fetching: UNITED STATES v. JOHN BASS (2001/01-1471)
2025-12-04 16:10:57,153 - INFO - ⚠️  No transcript available
2025-12-04 16:10:58,666 - INFO - [7627/1886] Fetching: MATHIAS v. WORLDCOM TECHS. (2001/00-878)
2025-12-04 16:11:00,689 - ERROR - Unexpected error for 2001/00-878: 'NoneType' object has no attribute 'get'
2025-12-04 16:11:00,689 - INFO - ⚠️  No transcript available
2025-12-04 16:11:02,200 - INFO - [7628/1886] Fetching: FORD MOTOR COMPANY AND CITIBANK (SOUTH DAKOTA), N. A. v. JOHN B. MCCAULEY et al. (2002/01-896)
2025-12-04 16:11:04,563 - ERROR - Unexpected error for 2002/01-896: 'NoneType' object has no attribute 'get'
2025-12-04 16:11:04,564 - INFO - ⚠️  No transcript available
2025-12-04 16:11:06,079 - INFO - [7629/1886] Fetching: RICHARD E. EARLY, WARDEN, et al. v. WILLIAM PACKER (2002/01-1765)
2025-12-04 16:11:06,719 - INFO - ⚠️  No transcript available
2025-12-04 16:11:08,230 - INFO - [7630/1886] Fetching: IMMIGRATION AND NATURALIZATION SERVICE v. FREDY ORLANDO VENTURA (2002/02-29)
2025-12-04 16:11:09,011 - INFO - ⚠️  No transcript available
2025-12-04 16:11:10,527 - INFO - [7631/1886] Fetching: JEANNE WOODFORD, WARDEN v. JOHN LOUIS VISCIOTTI (2002/02-137)
2025-12-04 16:11:11,163 - INFO - ⚠️  No transcript available
2025-12-04 16:11:12,686 - INFO - [7632/1886] Fetching: SYNGENTA CROP PROTECTION, INC., ROBERT BABB, EDEE TEMPLET, AND KENNETH A. DEVUN v. HURLEY HENSON (2002/01-757)
2025-12-04 16:11:14,344 - ERROR - Unexpected error for 2002/01-757: 'NoneType' object has no attribute 'get'
2025-12-04 16:11:14,345 - INFO - ⚠️  No transcript available
2025-12-04 16:11:15,863 - INFO - [7633/1886] Fetching: YELLOW TRANSPORTATION, INC. v. MICHIGAN, et al. (2002/01-270)
2025-12-04 16:11:17,739 - INFO - ✅ Success (566 turns, 63,107 chars)
2025-12-04 16:11:17,745 - INFO - 📊 Progress saved: 40 transcripts
2025-12-04 16:11:19,251 - INFO - [7634/1886] Fetching: REX R. SPRIETSMA, ADMINISTRATOR OF THE ESTATE OF JEANNE SPRIETSMA, DECEASED v. MERCURY MARINE, A DIVISION OF BRUNSWICK CORPORATION (2002/01-706)
2025-12-04 16:11:21,950 - ERROR - Unexpected error for 2002/01-706: 'NoneType' object has no attribute 'get'
2025-12-04 16:11:21,950 - INFO - ⚠️  No transcript available
2025-12-04 16:11:21,958 - INFO - 📊 Progress saved: 40 transcripts
2025-12-04 16:11:23,464 - INFO - [7635/1886] Fetching: UNITED STATES, et al. v. THOMAS LAMAR BEAN (2002/01-704)
2025-12-04 16:11:25,248 - ERROR - Unexpected error for 2002/01-704: 'NoneType' object has no attribute 'get'
2025-12-04 16:11:25,248 - INFO - ⚠️  No transcript available
2025-12-04 16:11:25,253 - INFO - 📊 Progress saved: 40 transcripts
2025-12-04 16:11:26,758 - INFO - [7636/1886] Fetching: KAREN HOWSAM, ETC. v. DEAN WITTER REYNOLDS, INC. (2002/01-800)
2025-12-04 16:11:29,063 - ERROR - Unexpected error for 2002/01-800: 'NoneType' object has no attribute 'get'
2025-12-04 16:11:29,063 - INFO - ⚠️  No transcript available
2025-12-04 16:11:29,071 - INFO - 📊 Progress saved: 40 transcripts
2025-12-04 16:11:30,576 - INFO - [7637/1886] Fetching: ABU-ALI ABDUR'RAHMAN v. RICKY BELL, WARDEN (2002/01-9094)
2025-12-04 16:11:33,327 - ERROR - Unexpected error for 2002/01-9094: 'NoneType' object has no attribute 'get'
2025-12-04 16:11:33,327 - INFO - ⚠️  No transcript available
2025-12-04 16:11:33,332 - INFO - 📊 Progress saved: 40 transcripts
2025-12-04 16:11:34,837 - INFO - [7638/1886] Fetching: BORDEN RANCH PARTNERSHIP AND ANGELO K. TSAKOPOULOS v. UNITED STATES ARMY CORPS OF ENGINEERS AND ENVIRONMENTAL PROTECTION AGENCY (2002/01-1243)
2025-12-04 16:11:36,836 - ERROR - Unexpected error for 2002/01-1243: 'NoneType' object has no attribute 'get'
2025-12-04 16:11:36,837 - INFO - ⚠️  No transcript available
2025-12-04 16:11:36,842 - INFO - 📊 Progress saved: 40 transcripts
2025-12-04 16:11:38,347 - INFO - [7639/1886] Fetching: DAVID ALLEN SATTAZAHN v. PENNSYLVANIA (2002/01-7574)
2025-12-04 16:11:40,041 - ERROR - Unexpected error for 2002/01-7574: 'NoneType' object has no attribute 'get'
2025-12-04 16:11:40,043 - INFO - ⚠️  No transcript available
2025-12-04 16:11:40,047 - INFO - 📊 Progress saved: 40 transcripts
2025-12-04 16:11:41,553 - INFO - [7640/1886] Fetching: PIERCE COUNTY, WASHINGTON v. IGNACIO GUILLEN, LEGAL GUARDIAN OF JENNIFER GUILLEN AND ALMA GUILLEN, MINORS, et al. (2002/01-1229)
2025-12-04 16:11:43,438 - ERROR - Unexpected error for 2002/01-1229: 'NoneType' object has no attribute 'get'
2025-12-04 16:11:43,439 - INFO - ⚠️  No transcript available
2025-12-04 16:11:43,443 - INFO - 📊 Progress saved: 40 transcripts
2025-12-04 16:11:44,948 - INFO - [7641/1886] Fetching: JO ANNE B. BARNHART, COMMISSIONER OF SOCIAL SECURITY v. PEABODY COAL COMPANY et al. (2002/01-705)
2025-12-04 16:11:46,960 - INFO - ✅ Success (713 turns, 75,733 chars)
2025-12-04 16:11:48,470 - INFO - [7642/1886] Fetching: ERIC ELDRED, et al. v. JOHN D. ASHCROFT, ATTORNEY GENERAL (2002/01-618)
2025-12-04 16:11:50,431 - ERROR - Unexpected error for 2002/01-618: 'NoneType' object has no attribute 'get'
2025-12-04 16:11:50,433 - INFO - ⚠️  No transcript available
2025-12-04 16:11:51,948 - INFO - [7643/1886] Fetching: UNITED STATES v. FRANCISCO JIMENEZ RECIO AND ADRIAN LOPEZ-MEZA (2002/01-1184)
2025-12-04 16:11:53,782 - ERROR - Unexpected error for 2002/01-1184: 'NoneType' object has no attribute 'get'
2025-12-04 16:11:53,783 - INFO - ⚠️  No transcript available
2025-12-04 16:11:55,296 - INFO - [7644/1886] Fetching: DAVID MEYER, INDIVIDUALLY AND IN HIS CAPACITY AS PRESIDENT AND DESIGNATED OFFICER/BROKER OF TRIAD, INC., ETC. v. EMMA MARY ELLEN HOLLEY, ET VIR, et al. (2002/01-1120)
2025-12-04 16:11:58,126 - ERROR - Unexpected error for 2002/01-1120: 'NoneType' object has no attribute 'get'
2025-12-04 16:11:58,126 - INFO - ⚠️  No transcript available
2025-12-04 16:11:59,636 - INFO - [7645/1886] Fetching: FEDERAL COMMUNICATIONS COMMISSION v. NEXTWAVE PERSONAL COMMUNICATIONS INC. et al. (2002/01-653)
2025-12-04 16:12:01,577 - ERROR - Unexpected error for 2002/01-653: 'NoneType' object has no attribute 'get'
2025-12-04 16:12:01,578 - INFO - ⚠️  No transcript available
2025-12-04 16:12:03,094 - INFO - [7646/1886] Fetching: THOMAS JOE MILLER-EL v. JANIE COCKRELL, DIRECTOR, TEXAS DEPARTMENT OF CRIMINAL JUSTICE, INSTITUTIONAL DIVISION (2002/01-7662)
2025-12-04 16:12:04,628 - ERROR - Unexpected error for 2002/01-7662: 'NoneType' object has no attribute 'get'
2025-12-04 16:12:04,628 - INFO - ⚠️  No transcript available
2025-12-04 16:12:06,134 - INFO - [7647/1886] Fetching: WASHINGTON STATE DEPARTMENT OF SOCIAL AND HEALTH SERVICES, et al. v. GUARDIANSHIP ESTATE OF DANNY KEFFELER et al. (2002/01-1420)
2025-12-04 16:12:07,928 - ERROR - Unexpected error for 2002/01-1420: 'NoneType' object has no attribute 'get'
2025-12-04 16:12:07,929 - INFO - ⚠️  No transcript available
2025-12-04 16:12:09,440 - INFO - [7648/1886] Fetching: SCHEIDLER v. NATIONAL ORGANIZATION FOR WOMEN, INC. (2002/01-1118)
2025-12-04 16:12:11,551 - ERROR - Unexpected error for 2002/01-1118: 'NoneType' object has no attribute 'get'
2025-12-04 16:12:11,552 - INFO - ⚠️  No transcript available
2025-12-04 16:12:13,063 - INFO - [7649/1886] Fetching: VICTOR MOSELEY AND CATHY MOSELEY, DBA VICTOR'S LITTLE SECRET v. V SECRET CATALOGUE, INC., et al. (2002/01-1015)
2025-12-04 16:12:14,969 - ERROR - Unexpected error for 2002/01-1015: 'NoneType' object has no attribute 'get'
2025-12-04 16:12:14,970 - INFO - ⚠️  No transcript available
2025-12-04 16:12:16,479 - INFO - [7650/1886] Fetching: THE BOEING COMPANY AND CONSOLIDATED SUBSIDIARIES v. UNITED STATES (2002/01-1209)
2025-12-04 16:12:18,602 - ERROR - Unexpected error for 2002/01-1209: 'NoneType' object has no attribute 'get'
2025-12-04 16:12:18,602 - INFO - ⚠️  No transcript available
2025-12-04 16:12:20,108 - INFO - [7651/1886] Fetching: UNITED STATES v. WHITE MOUNTAIN APACHE TRIBE (2002/01-1067)
2025-12-04 16:12:22,372 - ERROR - Unexpected error for 2002/01-1067: 'NoneType' object has no attribute 'get'
2025-12-04 16:12:22,372 - INFO - ⚠️  No transcript available
2025-12-04 16:12:23,883 - INFO - [7652/1886] Fetching: UNITED STATES v. NAVAJO NATION (2002/01-1375)
2025-12-04 16:12:26,151 - ERROR - Unexpected error for 2002/01-1375: 'NoneType' object has no attribute 'get'
2025-12-04 16:12:26,152 - INFO - ⚠️  No transcript available
2025-12-04 16:12:27,663 - INFO - [7653/1886] Fetching: ERICK CORNELL CLAY v. UNITED STATES (2002/01-1500)
2025-12-04 16:12:29,073 - ERROR - Unexpected error for 2002/01-1500: 'NoneType' object has no attribute 'get'
2025-12-04 16:12:29,073 - INFO - ⚠️  No transcript available
2025-12-04 16:12:30,583 - INFO - [7654/1886] Fetching: CONNECTICUT DEPARTMENT OF PUBLIC SAFETY, et al. v. JOHN DOE, INDIVIDUALLY AND ON BEHALF OF ALL OTHERS SIMILARLY SITUATED (2002/01-1231)
2025-12-04 16:12:32,288 - ERROR - Unexpected error for 2002/01-1231: 'NoneType' object has no attribute 'get'
2025-12-04 16:12:32,289 - INFO - ⚠️  No transcript available
2025-12-04 16:12:33,802 - INFO - [7655/1886] Fetching: GARY ALBERT EWING v. CALIFORNIA (2002/01-6978)
2025-12-04 16:12:35,620 - ERROR - Unexpected error for 2002/01-6978: 'NoneType' object has no attribute 'get'
2025-12-04 16:12:35,620 - INFO - ⚠️  No transcript available
2025-12-04 16:12:37,128 - INFO - [7656/1886] Fetching: BILL LOCKYER, ATTORNEY GENERAL OF CALIFORNIA v. LEANDRO ANDRADE (2002/01-1127)
2025-12-04 16:12:39,011 - ERROR - Unexpected error for 2002/01-1127: 'NoneType' object has no attribute 'get'
2025-12-04 16:12:39,012 - INFO - ⚠️  No transcript available
2025-12-04 16:12:40,527 - INFO - [7657/1886] Fetching: DELBERT W. SMITH AND BRUCE M. BOTELHO v. JOHN DOE I et al. (2002/01-729)
2025-12-04 16:12:41,847 - ERROR - Unexpected error for 2002/01-729: 'NoneType' object has no attribute 'get'
2025-12-04 16:12:41,848 - INFO - ⚠️  No transcript available
2025-12-04 16:12:43,364 - INFO - [7658/1886] Fetching: COOK COUNTY, ILLINOIS v. UNITED STATES ex rel. JANET CHANDLER (2002/01-1572)
2025-12-04 16:12:45,249 - ERROR - Unexpected error for 2002/01-1572: 'NoneType' object has no attribute 'get'
2025-12-04 16:12:45,249 - INFO - ⚠️  No transcript available
2025-12-04 16:12:46,761 - INFO - [7659/1886] Fetching: NORFOLK & WESTERN RAILWAY COMPANY v. FREEMAN AYERS et al. (2002/01-963)
2025-12-04 16:12:49,141 - ERROR - Unexpected error for 2002/01-963: 'NoneType' object has no attribute 'get'
2025-12-04 16:12:49,141 - INFO - ⚠️  No transcript available
2025-12-04 16:12:50,653 - INFO - [7660/1886] Fetching: CITY OF CUYAHOGA FALLS, OHIO, et al. v. BUCKEYE COMMUNITY HOPE FOUNDATION et al. (2002/01-1269)
2025-12-04 16:12:52,954 - ERROR - Unexpected error for 2002/01-1269: 'NoneType' object has no attribute 'get'
2025-12-04 16:12:52,955 - INFO - ⚠️  No transcript available
2025-12-04 16:12:54,468 - INFO - [7661/1886] Fetching: JEANNE WOODFORD, WARDEN v. ROBERT FREDERICK GARCEAU (2002/01-1862)
2025-12-04 16:12:56,303 - ERROR - Unexpected error for 2002/01-1862: 'NoneType' object has no attribute 'get'
2025-12-04 16:12:56,303 - INFO - ⚠️  No transcript available
2025-12-04 16:12:57,814 - INFO - [7662/1886] Fetching: ALLEN D. BROWN AND GREG HAYES v. LEGAL FOUNDATION OF WASHINGTON et al. (2002/01-1325)
2025-12-04 16:12:59,757 - ERROR - Unexpected error for 2002/01-1325: 'NoneType' object has no attribute 'get'
2025-12-04 16:12:59,757 - INFO - ⚠️  No transcript available
2025-12-04 16:13:01,268 - INFO - [7663/1886] Fetching: BEATRICE BRANCH, et al. v. JOHN ROBERT SMITH et al. (2002/01-1437)
2025-12-04 16:13:03,625 - ERROR - Unexpected error for 2002/01-1437: 'NoneType' object has no attribute 'get'
2025-12-04 16:13:03,626 - INFO - ⚠️  No transcript available
2025-12-04 16:13:05,142 - INFO - [7664/1886] Fetching: A. ELLIOTT ARCHER, ET UX. v. ARLENE L. WARNER (2002/01-1418)
2025-12-04 16:13:07,170 - ERROR - Unexpected error for 2002/01-1418: 'NoneType' object has no attribute 'get'
2025-12-04 16:13:07,171 - INFO - ⚠️  No transcript available
2025-12-04 16:13:08,686 - INFO - [7665/1886] Fetching: KENTUCKY ASSOCIATION OF HEALTH PLANS, INC., et al. v. JANIE A. MILLER, COMMISSIONER, KENTUCKY DEPARTMENT OF INSURANCE (2002/00-1471)
2025-12-04 16:13:10,759 - ERROR - Unexpected error for 2002/00-1471: 'NoneType' object has no attribute 'get'
2025-12-04 16:13:10,760 - INFO - ⚠️  No transcript available
2025-12-04 16:13:12,278 - INFO - [7666/1886] Fetching: VIRGINIA v. BARRY ELTON BLACK, RICHARD J. ELLIOTT, AND JONATHAN O'MARA (2002/01-1107)
2025-12-04 16:13:14,930 - INFO - ✅ Success (628 turns, 68,598 chars)
2025-12-04 16:13:16,452 - INFO - [7667/1886] Fetching: PACIFICARE HEALTH SYSTEMS, INC., et al. v. JEFFREY BOOK et al. (2002/02-215)
2025-12-04 16:13:18,567 - ERROR - Unexpected error for 2002/02-215: 'NoneType' object has no attribute 'get'
2025-12-04 16:13:18,568 - INFO - ⚠️  No transcript available
2025-12-04 16:13:20,088 - INFO - [7668/1886] Fetching: STATE FARM MUTUAL AUTOMOBILE INSURANCE COMPANY v. INEZ PREECE CAMPBELL AND MATTHEW C. BARNECK, SPECIAL ADMINISTRATOR AND PERSONAL REPRESENTATIVE OF THE ESTATE OF CURTIS B. CAMPBELL (2002/01-1289)
2025-12-04 16:13:22,128 - ERROR - Unexpected error for 2002/01-1289: 'NoneType' object has no attribute 'get'
2025-12-04 16:13:22,128 - INFO - ⚠️  No transcript available
2025-12-04 16:13:23,641 - INFO - [7669/1886] Fetching: CLACKAMAS GASTROENTEROLOGY ASSOCIATES, P. C. v. DEBORAH WELLS (2002/01-1435)
2025-12-04 16:13:25,509 - ERROR - Unexpected error for 2002/01-1435: 'NoneType' object has no attribute 'get'
2025-12-04 16:13:25,510 - INFO - ⚠️  No transcript available
2025-12-04 16:13:27,022 - INFO - [7670/1886] Fetching: SUSAN JINKS v. RICHLAND COUNTY, SOUTH CAROLINA (2002/02-258)
2025-12-04 16:13:28,530 - ERROR - Unexpected error for 2002/02-258: 'NoneType' object has no attribute 'get'
2025-12-04 16:13:28,531 - INFO - ⚠️  No transcript available
2025-12-04 16:13:30,045 - INFO - [7671/1886] Fetching: DOLE FOOD COMPANY, et al. v. GERARDO DENNIS PATRICKSON et al. (2002/01-593)
2025-12-04 16:13:31,862 - ERROR - Unexpected error for 2002/01-593: 'NoneType' object has no attribute 'get'
2025-12-04 16:13:31,863 - INFO - ⚠️  No transcript available
2025-12-04 16:13:33,379 - INFO - [7672/1886] Fetching: FRANCHISE TAX BOARD OF CALIFORNIA v. GILBERT P. HYATT, et al. (2002/02-42)
2025-12-04 16:13:35,332 - INFO - ✅ Success (575 turns, 64,712 chars)
2025-12-04 16:13:36,852 - INFO - [7673/1886] Fetching: JOSEPH MASSARO v. UNITED STATES (2002/01-1559)
2025-12-04 16:13:38,300 - ERROR - Unexpected error for 2002/01-1559: 'NoneType' object has no attribute 'get'
2025-12-04 16:13:38,300 - INFO - ⚠️  No transcript available
2025-12-04 16:13:39,811 - INFO - [7674/1886] Fetching: CHARLES DEMORE, DISTRICT DIRECTOR, SAN FRANCISCO DISTRICT OF IMMIGRATION AND NATURALIZATION SERVICE, et al. v. HYUNG JOON KIM (2002/01-1491)
2025-12-04 16:13:41,784 - ERROR - Unexpected error for 2002/01-1491: 'NoneType' object has no attribute 'get'
2025-12-04 16:13:41,784 - INFO - ⚠️  No transcript available
2025-12-04 16:13:43,291 - INFO - [7675/1886] Fetching: JOSEPH C. ROELL, PETRA GARIBAY, AND JAMES REAGAN v. JON MICHAEL WITHROW (2002/02-69)
2025-12-04 16:13:45,418 - ERROR - Unexpected error for 2002/02-69: 'NoneType' object has no attribute 'get'
2025-12-04 16:13:45,418 - INFO - ⚠️  No transcript available
2025-12-04 16:13:46,928 - INFO - [7676/1886] Fetching: ILLINOIS ex rel. LISA MADIGAN, ATTORNEY GENERAL OF ILLINOIS v. TELEMARKETING ASSOCIATES, INC., et al. (2002/01-1806)
2025-12-04 16:13:48,802 - ERROR - Unexpected error for 2002/01-1806: 'NoneType' object has no attribute 'get'
2025-12-04 16:13:48,802 - INFO - ⚠️  No transcript available
2025-12-04 16:13:50,319 - INFO - [7677/1886] Fetching: ROBERT KAUPP v. TEXAS (2002/02-5636)
2025-12-04 16:13:50,832 - INFO - ⚠️  No transcript available
2025-12-04 16:13:52,350 - INFO - [7678/1886] Fetching: JANETTE PRICE, WARDEN v. DUYONN ANDRE VINCENT (2002/02-524)
2025-12-04 16:13:54,522 - INFO - ✅ Success (720 turns, 73,008 chars)
2025-12-04 16:13:56,033 - INFO - [7679/1886] Fetching: PHARMACEUTICAL RESEARCH AND MANUFACTURERS OF AMERICA v. PETER E. WALSH, ACTING COMMISSIONER, MAINE DEPARTMENT OF HUMAN SERVICES, et al. (2002/01-188)
2025-12-04 16:13:58,918 - ERROR - Unexpected error for 2002/01-188: 'NoneType' object has no attribute 'get'
2025-12-04 16:13:58,919 - INFO - ⚠️  No transcript available
2025-12-04 16:14:00,429 - INFO - [7680/1886] Fetching: PHILLIP T. BREUER v. JIM'S CONCRETE OF BREVARD, INC. (2002/02-337)
2025-12-04 16:14:02,599 - ERROR - Unexpected error for 2002/02-337: 'NoneType' object has no attribute 'get'
2025-12-04 16:14:02,599 - INFO - ⚠️  No transcript available
2025-12-04 16:14:04,109 - INFO - [7681/1886] Fetching: INYO COUNTY, CALIFORNIA, et al. v. PAIUTE-SHOSHONE INDIANS OF THE BISHOP COMMUNITY OF THE BISHOP COLONY et al. (2002/02-281)
2025-12-04 16:14:06,809 - ERROR - Unexpected error for 2002/02-281: 'NoneType' object has no attribute 'get'
2025-12-04 16:14:06,810 - INFO - ⚠️  No transcript available
2025-12-04 16:14:08,328 - INFO - [7682/1886] Fetching: CITY OF LOS ANGELES v. EDWIN F. DAVID (2002/02-1212)
2025-12-04 16:14:09,336 - INFO - ⚠️  No transcript available
2025-12-04 16:14:10,855 - INFO - [7683/1886] Fetching: STATE OF KANSAS v. STATES OF NEBRASKA AND COLORADO (2002/126 ORIG)
2025-12-04 16:14:11,234 - INFO - ⚠️  No transcript available
2025-12-04 16:14:12,754 - INFO - [7684/1886] Fetching: NEVADA DEPARTMENT OF HUMAN RESOURCES, et al. v. WILLIAM HIBBS et al. (2002/01-1368)
2025-12-04 16:14:14,658 - ERROR - Unexpected error for 2002/01-1368: 'NoneType' object has no attribute 'get'
2025-12-04 16:14:14,659 - INFO - ⚠️  No transcript available
2025-12-04 16:14:16,166 - INFO - [7685/1886] Fetching: BEN CHAVEZ v. OLIVERIO MARTINEZ (2002/01-1444)
2025-12-04 16:14:18,147 - ERROR - Unexpected error for 2002/01-1444: 'NoneType' object has no attribute 'get'
2025-12-04 16:14:18,148 - INFO - ⚠️  No transcript available
2025-12-04 16:14:19,662 - INFO - [7686/1886] Fetching: NATIONAL PARK HOSPITALITY ASSOCIATION v. DEPARTMENT OF THE INTERIOR et al. (2002/02-196)
2025-12-04 16:14:21,957 - ERROR - Unexpected error for 2002/02-196: 'NoneType' object has no attribute 'get'
2025-12-04 16:14:21,959 - INFO - ⚠️  No transcript available
2025-12-04 16:14:23,480 - INFO - [7687/1886] Fetching: THE BLACK & DECKER DISABILITY PLAN v. KENNETH L. NORD (2002/02-469)
2025-12-04 16:14:25,250 - ERROR - Unexpected error for 2002/02-469: 'NoneType' object has no attribute 'get'
2025-12-04 16:14:25,250 - INFO - ⚠️  No transcript available
2025-12-04 16:14:26,762 - INFO - [7688/1886] Fetching: CLYDE TIMOTHY BUNKLEY v. FLORIDA (2002/02-8636)
2025-12-04 16:14:27,943 - INFO - ⚠️  No transcript available
2025-12-04 16:14:29,462 - INFO - [7689/1886] Fetching: BENEFICIAL NATIONAL BANK, et al. v. MARIE ANDERSON et al. (2002/02-306)
2025-12-04 16:14:31,821 - ERROR - Unexpected error for 2002/02-306: 'NoneType' object has no attribute 'get'
2025-12-04 16:14:31,822 - INFO - ⚠️  No transcript available
2025-12-04 16:14:33,339 - INFO - [7690/1886] Fetching: DASTAR CORPORATION v. TWENTIETH CENTURY FOX FILM CORPORATION et al. (2002/02-428)
2025-12-04 16:14:36,097 - ERROR - Unexpected error for 2002/02-428: 'NoneType' object has no attribute 'get'
2025-12-04 16:14:36,098 - INFO - ⚠️  No transcript available
2025-12-04 16:14:37,609 - INFO - [7691/1886] Fetching: ENTERGY LOUISIANA, INC. v. LOUISIANA PUBLIC SERVICE COMMISSION et al. (2002/02-299)
2025-12-04 16:14:39,845 - ERROR - Unexpected error for 2002/02-299: 'NoneType' object has no attribute 'get'
2025-12-04 16:14:39,846 - INFO - ⚠️  No transcript available
2025-12-04 16:14:41,359 - INFO - [7692/1886] Fetching: THE CITIZENS BANK v. ALAFABCO, INC., et al. (2002/02-1295)
2025-12-04 16:14:42,161 - INFO - ⚠️  No transcript available
2025-12-04 16:14:43,683 - INFO - [7693/1886] Fetching: HILLSIDE DAIRY INC., A&A DAIRY, L&S DAIRY, AND MILKY WAY FARMS v. WILLIAM J. LYONS, JR., SECRETARY, CALIFORNIA DEPARTMENT OF FOOD AND AGRICULTURE, et al. (2002/01-950)
2025-12-04 16:14:46,046 - ERROR - Unexpected error for 2002/01-950: 'NoneType' object has no attribute 'get'
2025-12-04 16:14:46,046 - INFO - ⚠️  No transcript available
2025-12-04 16:14:47,556 - INFO - [7694/1886] Fetching: KHANH PHUONG NGUYEN v. UNITED STATES et al. (2002/01-10873)
2025-12-04 16:14:49,354 - ERROR - Unexpected error for 2002/01-10873: 'NoneType' object has no attribute 'get'
2025-12-04 16:14:49,355 - INFO - ⚠️  No transcript available
2025-12-04 16:14:50,869 - INFO - [7695/1886] Fetching: DESERT PALACE, INC., DBA CAESARS PALACE HOTEL & CASINO v. CATHARINA F. COSTA (2002/02-679)
2025-12-04 16:14:52,540 - ERROR - Unexpected error for 2002/02-679: 'NoneType' object has no attribute 'get'
2025-12-04 16:14:52,541 - INFO - ⚠️  No transcript available
2025-12-04 16:14:54,058 - INFO - [7696/1886] Fetching: MICHAEL FITZGERALD, TREASURER OF IOWA v. RACING ASSOCIATION OF CENTRAL IOWA et al. (2002/02-695)
2025-12-04 16:14:55,364 - ERROR - Unexpected error for 2002/02-695: 'NoneType' object has no attribute 'get'
2025-12-04 16:14:55,365 - INFO - ⚠️  No transcript available
2025-12-04 16:14:56,882 - INFO - [7697/1886] Fetching: DOW CHEMICAL COMPANY, et al. v. DANIEL RAYMOND STEPHENSON et al. (2002/02-271)
2025-12-04 16:14:59,460 - ERROR - Unexpected error for 2002/02-271: 'NoneType' object has no attribute 'get'
2025-12-04 16:14:59,461 - INFO - ⚠️  No transcript available
2025-12-04 16:15:00,977 - INFO - [7698/1886] Fetching: VIRGINIA v. KEVIN LAMONT HICKS (2002/02-371)
2025-12-04 16:15:03,909 - ERROR - Unexpected error for 2002/02-371: 'NoneType' object has no attribute 'get'
2025-12-04 16:15:03,910 - INFO - ⚠️  No transcript available
2025-12-04 16:15:05,420 - INFO - [7699/1886] Fetching: WILLIAM OVERTON, DIRECTOR, MICHIGAN DEPARTMENT OF CORRECTIONS, et al. v. MICHELLE BAZZETTA et al. (2002/02-94)
2025-12-04 16:15:07,559 - ERROR - Unexpected error for 2002/02-94: 'NoneType' object has no attribute 'get'
2025-12-04 16:15:07,560 - INFO - ⚠️  No transcript available
2025-12-04 16:15:09,065 - INFO - [7700/1886] Fetching: FEDERAL ELECTION COMMISSION v. CHRISTINE BEAUMONT et al. (2002/02-403)
2025-12-04 16:15:10,485 - ERROR - Unexpected error for 2002/02-403: 'NoneType' object has no attribute 'get'
2025-12-04 16:15:10,485 - INFO - ⚠️  No transcript available
2025-12-04 16:15:11,998 - INFO - [7701/1886] Fetching: CHARLES THOMAS SELL v. UNITED STATES (2002/02-5664)
2025-12-04 16:15:14,126 - ERROR - Unexpected error for 2002/02-5664: 'NoneType' object has no attribute 'get'
2025-12-04 16:15:14,127 - INFO - ⚠️  No transcript available
2025-12-04 16:15:15,638 - INFO - [7702/1886] Fetching: UNITED STATES, et al. v. AMERICAN LIBRARY ASSOCIATION, INC., et al. (2002/02-361)
2025-12-04 16:15:17,737 - ERROR - Unexpected error for 2002/02-361: 'NoneType' object has no attribute 'get'
2025-12-04 16:15:17,738 - INFO - ⚠️  No transcript available
2025-12-04 16:15:19,252 - INFO - [7703/1886] Fetching: JENNIFER GRATZ AND PATRICK HAMACHER v. LEE BOLLINGER et al. (2002/02-516)
2025-12-04 16:15:22,103 - INFO - ✅ Success (534 turns, 67,631 chars)
2025-12-04 16:15:23,616 - INFO - [7704/1886] Fetching: BARBARA GRUTTER v. LEE BOLLINGER et al. (2002/02-241)
2025-12-04 16:15:26,093 - INFO - ✅ Success (568 turns, 70,566 chars)
2025-12-04 16:15:27,610 - INFO - [7705/1886] Fetching: AMERICAN INSURANCE ASSOCIATION, et al. v. JOHN GARAMENDI, INSURANCE COMMISSIONER, STATE OF CALIFORNIA (2002/02-722)
2025-12-04 16:15:29,846 - ERROR - Unexpected error for 2002/02-722: 'NoneType' object has no attribute 'get'
2025-12-04 16:15:29,847 - INFO - ⚠️  No transcript available
2025-12-04 16:15:31,355 - INFO - [7706/1886] Fetching: GREEN TREE FINANCIAL CORP., NKA CONSECO FINANCE CORP. v. LYNN W. BAZZLE et al., IN A REPRESENTATIVE CAPACITY ON BEHALF OF A CLASS AND FOR ALL OTHERS SIMILARLY SITUATED, et al. (2002/02-634)
2025-12-04 16:15:33,490 - ERROR - Unexpected error for 2002/02-634: 'NoneType' object has no attribute 'get'
2025-12-04 16:15:33,491 - INFO - ⚠️  No transcript available
2025-12-04 16:15:35,007 - INFO - [7707/1886] Fetching: GEORGIA v. JOHN ASHCROFT, ATTORNEY GENERAL, et al. (2002/02-182)
2025-12-04 16:15:36,956 - ERROR - Unexpected error for 2002/02-182: 'NoneType' object has no attribute 'get'
2025-12-04 16:15:36,957 - INFO - ⚠️  No transcript available
2025-12-04 16:15:38,468 - INFO - [7708/1886] Fetching: KEVIN WIGGINS v. SEWALL SMITH, WARDEN, et al. (2002/02-311)
2025-12-04 16:15:40,390 - ERROR - Unexpected error for 2002/02-311: 'NoneType' object has no attribute 'get'
2025-12-04 16:15:40,390 - INFO - ⚠️  No transcript available
2025-12-04 16:15:41,900 - INFO - [7709/1886] Fetching: JOHN GEDDES LAWRENCE AND TYRON GARNER v. TEXAS (2002/02-102)
2025-12-04 16:15:43,716 - INFO - ✅ Success (492 turns, 64,789 chars)
2025-12-04 16:15:45,231 - INFO - [7710/1886] Fetching: MARION REYNOLDS STOGNER v. CALIFORNIA (2002/01-1757)
2025-12-04 16:15:47,226 - ERROR - Unexpected error for 2002/01-1757: 'NoneType' object has no attribute 'get'
2025-12-04 16:15:47,227 - INFO - ⚠️  No transcript available
2025-12-04 16:15:48,744 - INFO - [7711/1886] Fetching: NIKE, INC., et al. v. MARC KASKY (2002/02-575)
2025-12-04 16:15:50,173 - ERROR - Unexpected error for 2002/02-575: 'NoneType' object has no attribute 'get'
2025-12-04 16:15:50,174 - INFO - ⚠️  No transcript available
2025-12-04 16:15:51,685 - INFO - [7712/1886] Fetching: MICHAEL YARBOROUGH, WARDEN, et al.'S v. LIONEL E. GENTRY (2003/02-1597)
2025-12-04 16:15:52,179 - INFO - ⚠️  No transcript available
2025-12-04 16:15:53,690 - INFO - [7713/1886] Fetching: BETTY MITCHELL, WARDEN v. GREGORY ESPARZA (2003/02-1369)
2025-12-04 16:15:54,185 - INFO - ⚠️  No transcript available
2025-12-04 16:15:55,701 - INFO - [7714/1886] Fetching: JO ANNE B. BARNHART, COMMISSIONER OF SOCIAL SECURITY v. PAULINE THOMAS (2003/02-763)
2025-12-04 16:15:57,106 - INFO - ✅ Success (481 turns, 51,450 chars)
2025-12-04 16:15:58,625 - INFO - [7715/1886] Fetching: UNITED STATES v. LASHAWN LOWELL BANKS (2003/02-473)
2025-12-04 16:16:00,682 - ERROR - Unexpected error for 2003/02-473: 'NoneType' object has no attribute 'get'
2025-12-04 16:16:00,683 - INFO - ⚠️  No transcript available
2025-12-04 16:16:02,199 - INFO - [7716/1886] Fetching: RAYTHEON COMPANY v. JOEL HERNANDEZ (2003/02-749)
2025-12-04 16:16:04,052 - ERROR - Unexpected error for 2003/02-749: 'NoneType' object has no attribute 'get'
2025-12-04 16:16:04,053 - INFO - ⚠️  No transcript available
2025-12-04 16:16:05,564 - INFO - [7717/1886] Fetching: MITCH MCCONNELL, UNITED STATES SENATOR, et al. v. FEDERAL ELECTION COMMISSION, et al. (2003/02-1674)
2025-12-04 16:16:08,644 - ERROR - Unexpected error for 2003/02-1674: 'NoneType' object has no attribute 'get'
2025-12-04 16:16:08,645 - INFO - ⚠️  No transcript available
2025-12-04 16:16:10,163 - INFO - [7718/1886] Fetching: MARYLAND v. JOSEPH JERMAINE PRINGLE (2003/02-809)
2025-12-04 16:16:11,091 - ERROR - Unexpected error for 2003/02-809: 'NoneType' object has no attribute 'get'
2025-12-04 16:16:11,091 - INFO - ⚠️  No transcript available
2025-12-04 16:16:12,605 - INFO - [7719/1886] Fetching: HERNAN O'RYAN CASTRO v. UNITED STATES (2003/02-6683)
2025-12-04 16:16:14,632 - ERROR - Unexpected error for 2003/02-6683: 'NoneType' object has no attribute 'get'
2025-12-04 16:16:14,633 - INFO - ⚠️  No transcript available
2025-12-04 16:16:16,143 - INFO - [7720/1886] Fetching: SECURITIES AND EXCHANGE COMMISSION v. CHARLES E. EDWARDS (2003/02-1196)
2025-12-04 16:16:19,212 - ERROR - Unexpected error for 2003/02-1196: 'NoneType' object has no attribute 'get'
2025-12-04 16:16:19,214 - INFO - ⚠️  No transcript available
2025-12-04 16:16:20,730 - INFO - [7721/1886] Fetching: VERIZON COMMUNICATIONS INC. v. LAW OFFICES OF CURTIS V TRINKO, LLP (2003/02-682)
2025-12-04 16:16:22,500 - INFO - ✅ Success (497 turns, 67,288 chars)
2025-12-04 16:16:24,019 - INFO - [7722/1886] Fetching: ILLINOIS v. ROBERT S. LIDSTER (2003/02-1060)
2025-12-04 16:16:26,560 - ERROR - Unexpected error for 2003/02-1060: 'NoneType' object has no attribute 'get'
2025-12-04 16:16:26,561 - INFO - ⚠️  No transcript available
2025-12-04 16:16:28,078 - INFO - [7723/1886] Fetching: LINDA FREW, ON BEHALF OF HER DAUGHTER, CARLA FREW, et al. v. ALBERT HAWKINS, COMMISSIONER, TEXAS HEALTH AND HUMAN SERVICES COMMISSION, et al. (2003/02-628)
2025-12-04 16:16:31,271 - ERROR - Unexpected error for 2003/02-628: 'NoneType' object has no attribute 'get'
2025-12-04 16:16:31,272 - INFO - ⚠️  No transcript available
2025-12-04 16:16:32,786 - INFO - [7724/1886] Fetching: ANDREW J. KONTRICK v. ROBERT A. RYAN (2003/02-819)
2025-12-04 16:16:34,865 - INFO - ✅ Success (459 turns, 57,353 chars)
2025-12-04 16:16:34,874 - INFO - 📊 Progress saved: 50 transcripts
2025-12-04 16:16:36,380 - INFO - [7725/1886] Fetching: ALASKA DEPARTMENT OF ENVIRONMENTAL CONSERVATION v. ENVIRONMENTAL PROTECTION AGENCY et al. (2003/02-658)
2025-12-04 16:16:38,235 - INFO - ✅ Success (554 turns, 65,101 chars)
2025-12-04 16:16:39,747 - INFO - [7726/1886] Fetching: JOHN J. FELLERS v. UNITED STATES (2003/02-6320)
2025-12-04 16:16:41,852 - ERROR - Unexpected error for 2003/02-6320: 'NoneType' object has no attribute 'get'
2025-12-04 16:16:41,854 - INFO - ⚠️  No transcript available
2025-12-04 16:16:43,370 - INFO - [7727/1886] Fetching: JOHN M. LAMIE v. UNITED STATES TRUSTEE (2003/02-693)
2025-12-04 16:16:45,353 - INFO - ✅ Success (555 turns, 63,351 chars)
2025-12-04 16:16:46,864 - INFO - [7728/1886] Fetching: ILLINOIS v. GREGORY FISHER (2003/03-374)
2025-12-04 16:16:47,486 - INFO - ⚠️  No transcript available
2025-12-04 16:16:49,002 - INFO - [7729/1886] Fetching: JEFF GROH v. JOSEPH R. RAMIREZ et al. (2003/02-811)
2025-12-04 16:16:51,877 - INFO - ✅ Success (560 turns, 69,007 chars)
2025-12-04 16:16:53,385 - INFO - [7730/1886] Fetching: GENERAL DYNAMICS LAND SYSTEMS, INC. v. DENNIS CLINE et al. (2003/02-1080)
2025-12-04 16:16:55,406 - ERROR - Unexpected error for 2003/02-1080: 'NoneType' object has no attribute 'get'
2025-12-04 16:16:55,407 - INFO - ⚠️  No transcript available
2025-12-04 16:16:56,921 - INFO - [7731/1886] Fetching: BUCK DOE v. ELAINE L. CHAO, SECRETARY OF LABOR (2003/02-1377)
2025-12-04 16:16:59,122 - ERROR - Unexpected error for 2003/02-1377: 'NoneType' object has no attribute 'get'
2025-12-04 16:16:59,123 - INFO - ⚠️  No transcript available
2025-12-04 16:17:00,633 - INFO - [7732/1886] Fetching: OLYMPIC AIRWAYS v. RUBINA HUSAIN, INDIVIDUALLY AND AS PERSONAL REPRESENTATIVE OF THE ESTATE OF ABID M. HANSON, DECEASED, et al. (2003/02-1348)
2025-12-04 16:17:04,091 - ERROR - Unexpected error for 2003/02-1348: 'NoneType' object has no attribute 'get'
2025-12-04 16:17:04,092 - INFO - ⚠️  No transcript available
2025-12-04 16:17:05,604 - INFO - [7733/1886] Fetching: DELMA BANKS, JR. v. DOUG DRETKE, DIRECTOR, TEXAS DEPARTMENT OF CRIMINAL JUSTICE, CORRECTIONAL INSTITUTIONS DIVISION (2003/02-8286)
2025-12-04 16:17:08,134 - ERROR - Unexpected error for 2003/02-8286: 'NoneType' object has no attribute 'get'
2025-12-04 16:17:08,136 - INFO - ⚠️  No transcript available
2025-12-04 16:17:09,657 - INFO - [7734/1886] Fetching: GARY LOCKE, GOVERNOR OF WASHINGTON, et al. v. JOSHUA DAVEY (2003/02-1315)
2025-12-04 16:17:41,765 - WARNING - Timeout for 2003/02-1315
2025-12-04 16:17:41,765 - INFO - ⚠️  No transcript available
2025-12-04 16:17:43,280 - INFO - [7735/1886] Fetching: UNITED STATES POSTAL SERVICE v. FLAMINGO INDUSTRIES (USA) LTD. et al. (2003/02-1290)
2025-12-04 16:17:45,400 - ERROR - Unexpected error for 2003/02-1290: 'NoneType' object has no attribute 'get'
2025-12-04 16:17:45,400 - INFO - ⚠️  No transcript available
2025-12-04 16:17:46,915 - INFO - [7736/1886] Fetching: SHAKUR MUHAMMAD, AKA JOHN E. MEASE v. MARK CLOSE (2003/02-9065)
2025-12-04 16:17:49,103 - ERROR - Unexpected error for 2003/02-9065: 'NoneType' object has no attribute 'get'
2025-12-04 16:17:49,104 - INFO - ⚠️  No transcript available
2025-12-04 16:17:50,620 - INFO - [7737/1886] Fetching: RAYMOND B. YATES, M.D., P.C. PROFIT SHARING PLAN, AND RAYMOND B. YATES, TRUSTEE v. WILLIAM T. HENDON, TRUSTEE (2003/02-458)
2025-12-04 16:17:52,094 - ERROR - Unexpected error for 2003/02-458: 'NoneType' object has no attribute 'get'
2025-12-04 16:17:52,095 - INFO - ⚠️  No transcript available
2025-12-04 16:17:53,613 - INFO - [7738/1886] Fetching: GEORGE H. BALDWIN v. MICHAEL REESE (2003/02-964)
2025-12-04 16:17:55,855 - INFO - ✅ Success (686 turns, 68,519 chars)
2025-12-04 16:17:57,375 - INFO - [7739/1886] Fetching: MICHAEL D. CRAWFORD v. WASHINGTON (2003/02-9410)
2025-12-04 16:17:59,377 - ERROR - Unexpected error for 2003/02-9410: 'NoneType' object has no attribute 'get'
2025-12-04 16:17:59,379 - INFO - ⚠️  No transcript available
2025-12-04 16:18:00,895 - INFO - [7740/1886] Fetching: IOWA v. FELIPE EDGARDO TOVAR (2003/02-1541)
2025-12-04 16:18:03,141 - ERROR - Unexpected error for 2003/02-1541: 'NoneType' object has no attribute 'get'
2025-12-04 16:18:03,142 - INFO - ⚠️  No transcript available
2025-12-04 16:18:04,660 - INFO - [7741/1886] Fetching: SOUTH FLORIDA WATER MANAGEMENT DISTRICT v. MICCOSUKEE TRIBE OF INDIANS et al. (2003/02-626)
2025-12-04 16:18:06,470 - ERROR - Unexpected error for 2003/02-626: 'NoneType' object has no attribute 'get'
2025-12-04 16:18:06,471 - INFO - ⚠️  No transcript available
2025-12-04 16:18:07,980 - INFO - [7742/1886] Fetching: UNITED STATES v. ABEL COSMO GALLETTI et al. (2003/02-1389)
2025-12-04 16:18:10,030 - ERROR - Unexpected error for 2003/02-1389: 'NoneType' object has no attribute 'get'
2025-12-04 16:18:10,031 - INFO - ⚠️  No transcript available
2025-12-04 16:18:11,546 - INFO - [7743/1886] Fetching: JEREMIAH W. (JAY) NIXON, ATTORNEY GENERAL OF MISSOURI v. MISSOURI MUNICIPAL LEAGUE et al. (2003/02-1238)
2025-12-04 16:18:13,523 - ERROR - Unexpected error for 2003/02-1238: 'NoneType' object has no attribute 'get'
2025-12-04 16:18:13,524 - INFO - ⚠️  No transcript available
2025-12-04 16:18:15,043 - INFO - [7744/1886] Fetching: UNITED STATES v. MANUEL FLORES-MONTANO (2003/02-1794)
2025-12-04 16:18:17,057 - INFO - ✅ Success (586 turns, 72,105 chars)
2025-12-04 16:18:18,576 - INFO - [7745/1886] Fetching: NATIONAL ARCHIVES AND RECORDS ADMINISTRATION v. ALLAN J. FAVISH et al. (2003/02-954)
2025-12-04 16:18:20,277 - INFO - ✅ Success (513 turns, 67,702 chars)
2025-12-04 16:18:21,799 - INFO - [7746/1886] Fetching: BEDROC LIMITED, LLC, AND WESTERN ELITE, INC. v. UNITED STATES et al. (2003/02-1593)
2025-12-04 16:18:23,909 - ERROR - Unexpected error for 2003/02-1593: 'NoneType' object has no attribute 'get'
2025-12-04 16:18:23,910 - INFO - ⚠️  No transcript available
2025-12-04 16:18:25,428 - INFO - [7747/1886] Fetching: UNITED STATES v. BILLY JO LARA (2003/03-107)
2025-12-04 16:18:27,983 - INFO - ✅ Success (568 turns, 68,834 chars)
2025-12-04 16:18:29,499 - INFO - [7748/1886] Fetching: HOUSEHOLD CREDIT SERVICES, INC. AND MBNA AMERICA BANK, N. A. v. SHARON R. PFENNIG (2003/02-857)
2025-12-04 16:18:31,254 - INFO - ✅ Success (570 turns, 68,390 chars)
2025-12-04 16:18:32,768 - INFO - [7749/1886] Fetching: ENGINE MANUFACTURERS ASSOCIATION AND WESTERN STATES PETROLEUM ASSOCIATION v. SOUTH COAST AIR QUALITY MANAGEMENT DISTRICT et al. (2003/02-1343)
2025-12-04 16:18:34,673 - ERROR - Unexpected error for 2003/02-1343: 'NoneType' object has no attribute 'get'
2025-12-04 16:18:34,673 - INFO - ⚠️  No transcript available
2025-12-04 16:18:36,187 - INFO - [7750/1886] Fetching: RICHARD VIETH, NORMA JEAN VIETH, AND SUSAN FUREY v. ROBERT C. JUBELIRER, PRESIDENT OF THE PENNSYLVANIA SENATE, et al. (2003/02-1580)
2025-12-04 16:18:38,456 - ERROR - Unexpected error for 2003/02-1580: 'NoneType' object has no attribute 'get'
2025-12-04 16:18:38,458 - INFO - ⚠️  No transcript available
2025-12-04 16:18:39,979 - INFO - [7751/1886] Fetching: EDITH JONES et al., ON BEHALF OF HERSELF AND A CLASS OF OTHERS SIMILARLY SITUATED v. R. R. DONNELLEY & SONS COMPANY (2003/02-1205)
2025-12-04 16:18:41,830 - ERROR - Unexpected error for 2003/02-1205: 'NoneType' object has no attribute 'get'
2025-12-04 16:18:41,831 - INFO - ⚠️  No transcript available
2025-12-04 16:18:43,357 - INFO - [7752/1886] Fetching: DOUG DRETKE, DIRECTOR, TEXAS DEPARTMENT OF CRIMINAL JUSTICE, CORRECTIONAL INSTITUTIONS DIVISION v. MICHAEL WAYNE HALEY (2003/02-1824)
2025-12-04 16:18:45,313 - ERROR - Unexpected error for 2003/02-1824: 'NoneType' object has no attribute 'get'
2025-12-04 16:18:45,313 - INFO - ⚠️  No transcript available
2025-12-04 16:18:46,828 - INFO - [7753/1886] Fetching: RANDALL C. SCARBOROUGH v. ANTHONY J. PRINCIPI, SECRETARY OF VETERANS AFFAIRS (2003/02-1657)
2025-12-04 16:18:48,767 - ERROR - Unexpected error for 2003/02-1657: 'NoneType' object has no attribute 'get'
2025-12-04 16:18:48,767 - INFO - ⚠️  No transcript available
2025-12-04 16:18:50,281 - INFO - [7754/1886] Fetching: JAY SHAWN JOHNSON v. CALIFORNIA (2003/03-6539)
2025-12-04 16:18:52,824 - INFO - ✅ Success (697 turns, 70,612 chars)
2025-12-04 16:18:54,339 - INFO - [7755/1886] Fetching: RAYMOND L. MIDDLETON, WARDEN v. SALLY MARIE MCNEIL (2003/03-1028)
2025-12-04 16:18:55,189 - INFO - ⚠️  No transcript available
2025-12-04 16:18:56,702 - INFO - [7756/1886] Fetching: TENNESSEE STUDENT ASSISTANCE CORPORATION v. PAMELA L. HOOD (2003/02-1606)
2025-12-04 16:18:58,392 - INFO - ✅ Success (441 turns, 53,981 chars)
2025-12-04 16:18:58,398 - INFO - 📊 Progress saved: 60 transcripts
2025-12-04 16:18:59,904 - INFO - [7757/1886] Fetching: LEE M. TILL, ET UX. v. SCS CREDIT CORPORATION (2003/02-1016)
2025-12-04 16:19:02,146 - ERROR - Unexpected error for 2003/02-1016: 'NoneType' object has no attribute 'get'
2025-12-04 16:19:02,147 - INFO - ⚠️  No transcript available
2025-12-04 16:19:02,167 - INFO - 📊 Progress saved: 60 transcripts
2025-12-04 16:19:03,673 - INFO - [7758/1886] Fetching: TENNESSEE v. GEORGE LANE et al. (2003/02-1667)
2025-12-04 16:19:05,540 - ERROR - Unexpected error for 2003/02-1667: 'NoneType' object has no attribute 'get'
2025-12-04 16:19:05,541 - INFO - ⚠️  No transcript available
2025-12-04 16:19:05,549 - INFO - 📊 Progress saved: 60 transcripts
2025-12-04 16:19:07,054 - INFO - [7759/1886] Fetching: GRUPO DATAFLUX v. ATLAS GLOBAL GROUP, L. P., et al. (2003/02-1689)
2025-12-04 16:19:08,837 - ERROR - Unexpected error for 2003/02-1689: 'NoneType' object has no attribute 'get'
2025-12-04 16:19:08,838 - INFO - ⚠️  No transcript available
2025-12-04 16:19:08,854 - INFO - 📊 Progress saved: 60 transcripts
2025-12-04 16:19:10,360 - INFO - [7760/1886] Fetching: BASIM OMAR SABRI v. UNITED STATES (2003/03-44)
2025-12-04 16:19:11,804 - ERROR - Unexpected error for 2003/03-44: 'NoneType' object has no attribute 'get'
2025-12-04 16:19:11,805 - INFO - ⚠️  No transcript available
2025-12-04 16:19:11,818 - INFO - 📊 Progress saved: 60 transcripts
2025-12-04 16:19:13,320 - INFO - [7761/1886] Fetching: MARCUS THORNTON v. UNITED STATES (2003/03-5165)
2025-12-04 16:19:15,220 - ERROR - Unexpected error for 2003/03-5165: 'NoneType' object has no attribute 'get'
2025-12-04 16:19:15,220 - INFO - ⚠️  No transcript available
2025-12-04 16:19:15,229 - INFO - 📊 Progress saved: 60 transcripts
2025-12-04 16:19:16,735 - INFO - [7762/1886] Fetching: DAVID L. NELSON v. DONAL CAMPBELL, COMMISSIONER, ALABAMA DEPARTMENT OF CORRECTIONS, et al. (2003/03-6821)
2025-12-04 16:19:18,844 - ERROR - Unexpected error for 2003/03-6821: 'NoneType' object has no attribute 'get'
2025-12-04 16:19:18,844 - INFO - ⚠️  No transcript available
2025-12-04 16:19:18,857 - INFO - 📊 Progress saved: 60 transcripts
2025-12-04 16:19:20,363 - INFO - [7763/1886] Fetching: MICHAEL YARBOROUGH, WARDEN v. MICHAEL ALVARADO (2003/02-1684)
2025-12-04 16:19:22,263 - ERROR - Unexpected error for 2003/02-1684: 'NoneType' object has no attribute 'get'
2025-12-04 16:19:22,264 - INFO - ⚠️  No transcript available
2025-12-04 16:19:22,283 - INFO - 📊 Progress saved: 60 transcripts
2025-12-04 16:19:23,789 - INFO - [7764/1886] Fetching: REPUBLIC OF AUSTRIA et al. v. ALTMANN (2003/03-13)
2025-12-04 16:19:25,554 - ERROR - Unexpected error for 2003/03-13: 'NoneType' object has no attribute 'get'
2025-12-04 16:19:25,554 - INFO - ⚠️  No transcript available
2025-12-04 16:19:25,560 - INFO - 📊 Progress saved: 60 transcripts
2025-12-04 16:19:27,066 - INFO - [7765/1886] Fetching: CENTRAL LABORERS' PENSION FUND v. THOMAS E. HEINZ et al. (2003/02-891)
2025-12-04 16:19:28,904 - ERROR - Unexpected error for 2003/02-891: 'NoneType' object has no attribute 'get'
2025-12-04 16:19:28,905 - INFO - ⚠️  No transcript available
2025-12-04 16:19:28,913 - INFO - 📊 Progress saved: 60 transcripts
2025-12-04 16:19:30,420 - INFO - [7766/1886] Fetching: DEPARTMENT OF TRANSPORTATION, et al. v. PUBLIC CITIZEN et al. (2003/03-358)
2025-12-04 16:19:32,315 - ERROR - Unexpected error for 2003/03-358: 'NoneType' object has no attribute 'get'
2025-12-04 16:19:32,317 - INFO - ⚠️  No transcript available
2025-12-04 16:19:32,333 - INFO - 📊 Progress saved: 60 transcripts
2025-12-04 16:19:33,839 - INFO - [7767/1886] Fetching: CITY OF LITTLETON, COLORADO v. Z. J. GIFTS D-4, L. L. C., A LIMITED LIABILITY COMPANY, DBA CHRISTAL'S (2003/02-1609)
2025-12-04 16:19:35,726 - ERROR - Unexpected error for 2003/02-1609: 'NoneType' object has no attribute 'get'
2025-12-04 16:19:35,727 - INFO - ⚠️  No transcript available
2025-12-04 16:19:35,734 - INFO - 📊 Progress saved: 60 transcripts
2025-12-04 16:19:37,240 - INFO - [7768/1886] Fetching: ELK GROVE UNIFIED SCHOOL DISTRICT AND DAVID W. GORDON, SUPERINTENDENT v. MICHAEL A. NEWDOW et al. (2003/02-1624)
2025-12-04 16:19:38,973 - ERROR - Unexpected error for 2003/02-1624: 'NoneType' object has no attribute 'get'
2025-12-04 16:19:38,974 - INFO - ⚠️  No transcript available
2025-12-04 16:19:38,981 - INFO - 📊 Progress saved: 60 transcripts
2025-12-04 16:19:40,484 - INFO - [7769/1886] Fetching: GALE NORTON, SECRETARY OF THE INTERIOR, et al. v. SOUTHERN UTAH WILDERNESS ALLIANCE et al. (2003/03-101)
2025-12-04 16:19:42,378 - INFO - ✅ Success (633 turns, 72,282 chars)
2025-12-04 16:19:43,898 - INFO - [7770/1886] Fetching: UNITED STATES v. CARLOS DOMINGUEZ BENITEZ (2003/03-167)
2025-12-04 16:19:45,941 - INFO - ✅ Success (665 turns, 65,946 chars)
2025-12-04 16:19:47,454 - INFO - [7771/1886] Fetching: J. ELLIOTT HIBBS, DIRECTOR, ARIZONA DEPARTMENT OF REVENUE v. KATHLEEN M. WINN et al. (2003/02-1809)
2025-12-04 16:19:49,314 - ERROR - Unexpected error for 2003/02-1809: 'NoneType' object has no attribute 'get'
2025-12-04 16:19:49,314 - INFO - ⚠️  No transcript available
2025-12-04 16:19:50,828 - INFO - [7772/1886] Fetching: PENNSYLVANIA STATE POLICE v. NANCY DREW SUDERS (2003/03-95)
2025-12-04 16:19:52,591 - ERROR - Unexpected error for 2003/03-95: 'NoneType' object has no attribute 'get'
2025-12-04 16:19:52,592 - INFO - ⚠️  No transcript available
2025-12-04 16:19:54,114 - INFO - [7773/1886] Fetching: F. HOFFMANN-LA ROCHE LTD, et al. v. EMPAGRAN S.A. et al. (2003/03-724)
2025-12-04 16:19:55,661 - ERROR - Unexpected error for 2003/03-724: 'NoneType' object has no attribute 'get'
2025-12-04 16:19:55,662 - INFO - ⚠️  No transcript available
2025-12-04 16:19:57,181 - INFO - [7774/1886] Fetching: LARRY D. HIIBEL v. SIXTH JUDICIAL DISTRICT COURT OF NEVADA, HUMBOLDT COUNTY, et al. (2003/03-5554)
2025-12-04 16:19:59,258 - ERROR - Unexpected error for 2003/03-5554: 'NoneType' object has no attribute 'get'
2025-12-04 16:19:59,259 - INFO - ⚠️  No transcript available
2025-12-04 16:20:00,776 - INFO - [7775/1886] Fetching: AETNA HEALTH INC., FKA AETNA U.S. HEALTHCARE INC. AND AETNA U.S. HEALTHCARE OF NORTH TEXAS INC. v. JUAN DAVILA (2003/02-1845)
2025-12-04 16:20:03,269 - ERROR - Unexpected error for 2003/02-1845: 'NoneType' object has no attribute 'get'
2025-12-04 16:20:03,269 - INFO - ⚠️  No transcript available
2025-12-04 16:20:04,785 - INFO - [7776/1886] Fetching: CHERYL K. PLILER, WARDEN v. RICHARD HERMAN FORD (2003/03-221)
2025-12-04 16:20:06,731 - INFO - ✅ Success (478 turns, 63,128 chars)
2025-12-04 16:20:08,243 - INFO - [7777/1886] Fetching: INTEL CORPORATION v. ADVANCED MICRO DEVICES, INC. (2003/02-572)
2025-12-04 16:20:10,297 - ERROR - Unexpected error for 2003/02-572: 'NoneType' object has no attribute 'get'
2025-12-04 16:20:10,297 - INFO - ⚠️  No transcript available
2025-12-04 16:20:11,809 - INFO - [7778/1886] Fetching: ROBERT JAMES TENNARD v. DOUG DRETKE, DIRECTOR, TEXAS DEPARTMENT OF CRIMINAL JUSTICE, CORRECTIONAL INSTITUTIONS DIVISION (2003/02-10038)
2025-12-04 16:20:13,735 - INFO - ✅ Success (543 turns, 71,110 chars)
2025-12-04 16:20:15,251 - INFO - [7779/1886] Fetching: RALPH HOWARD BLAKELY, JR. v. WASHINGTON (2003/02-1632)
2025-12-04 16:20:17,016 - INFO - ✅ Success (574 turns, 68,571 chars)
2025-12-04 16:20:18,531 - INFO - [7780/1886] Fetching: DORA B. SCHRIRO, DIRECTOR, ARIZONA DEPARTMENT OF CORRECTIONS v. WARREN WESLEY SUMMERLIN (2003/03-526)
2025-12-04 16:20:20,060 - ERROR - Unexpected error for 2003/03-526: 'NoneType' object has no attribute 'get'
2025-12-04 16:20:20,060 - INFO - ⚠️  No transcript available
2025-12-04 16:20:21,576 - INFO - [7781/1886] Fetching: RICHARD B. CHENEY, VICE PRESIDENT OF THE UNITED STATES, et al. v. UNITED STATES DISTRICT COURT FOR THE DISTRICT OF COLUMBIA et al. (2003/03-475)
2025-12-04 16:20:23,524 - ERROR - Unexpected error for 2003/03-475: 'NoneType' object has no attribute 'get'
2025-12-04 16:20:23,524 - INFO - ⚠️  No transcript available
2025-12-04 16:20:25,039 - INFO - [7782/1886] Fetching: JEFFREY A. BEARD, SECRETARY, PENNSYLVANIA DEPARTMENT OF CORRECTIONS, et al. v. GEORGE E. BANKS (2003/02-1603)
2025-12-04 16:20:26,582 - ERROR - Unexpected error for 2003/02-1603: 'NoneType' object has no attribute 'get'
2025-12-04 16:20:26,583 - INFO - ⚠️  No transcript available
2025-12-04 16:20:28,105 - INFO - [7783/1886] Fetching: DONALD H. RUMSFELD, SECRETARY OF DEFENSE v. JOSE PADILLA AND DONNA R. NEWMAN, AS NEXT FRIEND OF JOSE PADILLA (2003/03-1027)
2025-12-04 16:20:29,867 - INFO - ✅ Success (509 turns, 70,184 chars)
2025-12-04 16:20:31,394 - INFO - [7784/1886] Fetching: SHAFIQ RASUL, et al. v. GEORGE W. BUSH, PRESIDENT OF THE UNITED STATES, et al. (2003/03-334)
2025-12-04 16:20:33,730 - ERROR - Unexpected error for 2003/03-334: 'NoneType' object has no attribute 'get'
2025-12-04 16:20:33,731 - INFO - ⚠️  No transcript available
2025-12-04 16:20:35,246 - INFO - [7785/1886] Fetching: YASER ESAM HAMDI AND ESAM FOUAD HAMDI AS NEXT FRIEND OF YASER ESAM HAMDI v. DONALD H. RUMSFELD, SECRETARY OF DEFENSE, et al. (2003/03-6696)
2025-12-04 16:20:37,080 - ERROR - Unexpected error for 2003/03-6696: 'NoneType' object has no attribute 'get'
2025-12-04 16:20:37,081 - INFO - ⚠️  No transcript available
2025-12-04 16:20:38,596 - INFO - [7786/1886] Fetching: MISSOURI v. PATRICE SEIBERT. (2003/02-1371)
2025-12-04 16:20:40,722 - ERROR - Unexpected error for 2003/02-1371: 'NoneType' object has no attribute 'get'
2025-12-04 16:20:40,723 - INFO - ⚠️  No transcript available
2025-12-04 16:20:42,244 - INFO - [7787/1886] Fetching: UNITED STATES v. SAMUEL FRANCIS PATANE (2003/02-1183)
2025-12-04 16:20:44,289 - ERROR - Unexpected error for 2003/02-1183: 'NoneType' object has no attribute 'get'
2025-12-04 16:20:44,290 - INFO - ⚠️  No transcript available
2025-12-04 16:20:45,801 - INFO - [7788/1886] Fetching: FLORA HOLLAND, WARDEN v. JESSIE L. JACKSON (2003/03-1200)
2025-12-04 16:20:46,288 - INFO - ⚠️  No transcript available
2025-12-04 16:20:47,818 - INFO - [7789/1886] Fetching: JOHN D. ASHCROFT, ATTORNEY GENERAL v. AMERICAN CIVIL LIBERTIES UNION et al. (2003/03-218)
2025-12-04 16:20:49,720 - ERROR - Unexpected error for 2003/03-218: 'NoneType' object has no attribute 'get'
2025-12-04 16:20:49,721 - INFO - ⚠️  No transcript available
2025-12-04 16:20:51,239 - INFO - [7790/1886] Fetching: JOSE FRANCISCO SOSA v. HUMBERTO ALVAREZ-MACHAIN et al. (2003/03-339)
2025-12-04 16:20:53,370 - ERROR - Unexpected error for 2003/03-339: 'NoneType' object has no attribute 'get'
2025-12-04 16:20:53,370 - INFO - ⚠️  No transcript available
2025-12-04 16:20:54,886 - INFO - [7791/1886] Fetching: JOSUE LEOCAL v. JOHN D. ASHCROFT, ATTORNEY GENERAL, et al. (2004/03-583)
2025-12-04 16:20:56,862 - INFO - ✅ Success (620 turns, 62,667 chars)
2025-12-04 16:20:58,388 - INFO - [7792/1886] Fetching: NORFOLK SOUTHERN RAILWAY COMPANY v. JAMES N. KIRBY, PTY LTD., DBA KIRBY ENGINEERING, AND ALLIANZ AUSTRALIA INSURANCE LIMITED (2004/02-1028)
2025-12-04 16:21:00,761 - ERROR - Unexpected error for 2004/02-1028: 'NoneType' object has no attribute 'get'
2025-12-04 16:21:00,762 - INFO - ⚠️  No transcript available
2025-12-04 16:21:02,283 - INFO - [7793/1886] Fetching: LAROYCE LATHAIR SMITH v. TEXAS (2004/04-5323)
2025-12-04 16:21:02,789 - INFO - ⚠️  No transcript available
2025-12-04 16:21:04,314 - INFO - [7794/1886] Fetching: KOONS BUICK PONTIAC GMC, INC. v. BRADLEY NIGH (2004/03-377)
2025-12-04 16:21:06,369 - ERROR - Unexpected error for 2004/03-377: 'NoneType' object has no attribute 'get'
2025-12-04 16:21:06,369 - INFO - ⚠️  No transcript available
2025-12-04 16:21:07,882 - INFO - [7795/1886] Fetching: CITY OF SAN DIEGO, CALIFORNIA et al. v. JOHN ROE (2004/03-1669)
2025-12-04 16:21:08,479 - INFO - ⚠️  No transcript available
2025-12-04 16:21:10,004 - INFO - [7796/1886] Fetching: STATE OF KANSAS v. STATE OF COLORADO (2004/105 ORIG)
2025-12-04 16:21:10,381 - INFO - ⚠️  No transcript available
2025-12-04 16:21:11,895 - INFO - [7797/1886] Fetching: KP PERMANENT MAKE-UP, INC. v. LASTING IMPRESSION I, INC., et al. (2004/03-409)
2025-12-04 16:21:13,715 - INFO - ✅ Success (583 turns, 65,990 chars)
2025-12-04 16:21:15,232 - INFO - [7798/1886] Fetching: JOHN F. KOWALSKI, JUDGE, 26TH JUDICIAL CIRCUIT COURT OF MICHIGAN, et al. v. JOHN C. TESMER, et al. (2004/03-407)
2025-12-04 16:21:17,227 - INFO - ✅ Success (685 turns, 71,274 chars)
2025-12-04 16:21:18,739 - INFO - [7799/1886] Fetching: GERALD DEVENPECK, et al. v. JEROME ANTHONY ALFORD (2004/03-710)
2025-12-04 16:21:20,637 - INFO - ✅ Success (548 turns, 63,118 chars)
2025-12-04 16:21:20,653 - INFO - 📊 Progress saved: 70 transcripts
2025-12-04 16:21:22,156 - INFO - [7800/1886] Fetching: COOPER INDUSTRIES, INC. v. AVIALL SERVICES, INC. (2004/02-1192)
2025-12-04 16:21:23,887 - ERROR - Unexpected error for 2004/02-1192: 'NoneType' object has no attribute 'get'
2025-12-04 16:21:23,888 - INFO - ⚠️  No transcript available
2025-12-04 16:21:23,900 - INFO - 📊 Progress saved: 70 transcripts
2025-12-04 16:21:25,405 - INFO - [7801/1886] Fetching: FLORIDA v. JOE ELTON NIXON (2004/03-931)
2025-12-04 16:21:27,641 - INFO - ✅ Success (519 turns, 63,122 chars)
2025-12-04 16:21:29,155 - INFO - [7802/1886] Fetching: ROCHELLE BROSSEAU v. KENNETH J. HAUGEN (2004/03-1261)
2025-12-04 16:21:29,850 - INFO - ⚠️  No transcript available
2025-12-04 16:21:31,385 - INFO - [7803/1886] Fetching: DAVID WHITFIELD v. UNITED STATES (2004/03-1293)
2025-12-04 16:21:32,861 - INFO - ✅ Success (340 turns, 44,881 chars)
2025-12-04 16:21:34,382 - INFO - [7804/1886] Fetching: UNITED STATES v. FREDDIE J. BOOKER (2004/04-104)
2025-12-04 16:21:37,057 - INFO - ✅ Success (988 turns, 125,999 chars)
2025-12-04 16:21:38,583 - INFO - [7805/1886] Fetching: KEYSE G. JAMA v. IMMIGRATION AND CUSTOMS ENFORCEMENT (2004/03-674)
2025-12-04 16:21:40,494 - ERROR - Unexpected error for 2004/03-674: 'NoneType' object has no attribute 'get'
2025-12-04 16:21:40,495 - INFO - ⚠️  No transcript available
2025-12-04 16:21:42,029 - INFO - [7806/1886] Fetching: A. NEIL CLARK, FIELD OFFICE DIRECTOR, SEATTLE, WASHINGTON, IMMIGRATION AND CUSTOMS ENFORCEMENT, et al. v. SERGIO SUAREZ MARTINEZ (2004/03-878)
2025-12-04 16:21:44,806 - ERROR - Unexpected error for 2004/03-878: 'NoneType' object has no attribute 'get'
2025-12-04 16:21:44,808 - INFO - ⚠️  No transcript available
2025-12-04 16:21:46,327 - INFO - [7807/1886] Fetching: ILLINOIS v. ROY I. CABALLES (2004/03-923)
2025-12-04 16:21:48,346 - INFO - ✅ Success (639 turns, 63,332 chars)
2025-12-04 16:21:49,858 - INFO - [7808/1886] Fetching: COMMISSIONER OF INTERNAL REVENUE v. JOHN W. BANKS, II (2004/03-892)
2025-12-04 16:21:52,014 - INFO - ✅ Success (668 turns, 69,522 chars)
2025-12-04 16:21:53,535 - INFO - [7809/1886] Fetching: MARLON LATODD HOWELL, AKA MARLON COX v. MISSISSIPPI (2004/03-9560)
2025-12-04 16:21:55,614 - ERROR - Unexpected error for 2004/03-9560: 'NoneType' object has no attribute 'get'
2025-12-04 16:21:55,615 - INFO - ⚠️  No transcript available
2025-12-04 16:21:57,150 - INFO - [7810/1886] Fetching: RICKY BELL, WARDEN v. GARY BRADFORD CONE (2004/04-394)
2025-12-04 16:21:57,705 - INFO - ⚠️  No transcript available
2025-12-04 16:21:59,229 - INFO - [7811/1886] Fetching: MELVIN T. SMITH v. MASSACHUSETTS (2004/03-8661)
2025-12-04 16:22:01,420 - INFO - ✅ Success (707 turns, 71,170 chars)
2025-12-04 16:22:02,948 - INFO - [7812/1886] Fetching: WILLARD STEWART v. DUTRA CONSTRUCTION COMPANY (2004/03-814)
2025-12-04 16:22:05,042 - ERROR - Unexpected error for 2004/03-814: 'NoneType' object has no attribute 'get'
2025-12-04 16:22:05,043 - INFO - ⚠️  No transcript available
2025-12-04 16:22:06,573 - INFO - [7813/1886] Fetching: GARRISON S. JOHNSON v. CALIFORNIA et al. (2004/03-636)
2025-12-04 16:22:09,076 - ERROR - Unexpected error for 2004/03-636: 'NoneType' object has no attribute 'get'
2025-12-04 16:22:09,077 - INFO - ⚠️  No transcript available
2025-12-04 16:22:10,595 - INFO - [7814/1886] Fetching: DONALD P. ROPER, SUPERINTENDENT, POTOSI CORRECTIONAL CENTER v. CHRISTOPHER SIMMONS (2004/03-633)
2025-12-04 16:22:12,488 - INFO - ✅ Success (543 turns, 64,282 chars)
2025-12-04 16:22:14,003 - INFO - [7815/1886] Fetching: CHEROKEE NATION OF OKLAHOMA AND SHOSHONE-PAIUTE TRIBES OF THE DUCK VALLEY RESERVATION v. MICHAEL O. LEAVITT, SECRETARY OF HEALTH AND HUMAN SERVICES, et al. (2004/02-1472)
2025-12-04 16:22:16,128 - INFO - ✅ Success (712 turns, 75,864 chars)
2025-12-04 16:22:17,646 - INFO - [7816/1886] Fetching: GEORGE J. TENET, INDIVIDUALLY, PORTER J. GOSS, DIRECTOR OF CENTRAL INTELLIGENCE AND DIRECTOR OF THE CENTRAL INTELLIGENCE AGENCY, AND UNITED STATES v. JOHN DOE, ET UX. (2004/03-1395)
2025-12-04 16:22:19,496 - INFO - ✅ Success (526 turns, 65,238 chars)
2025-12-04 16:22:21,032 - INFO - [7817/1886] Fetching: REGINALD SHEPARD v. UNITED STATES (2004/03-9168)
2025-12-04 16:22:22,933 - INFO - ✅ Success (608 turns, 65,319 chars)
2025-12-04 16:22:22,945 - INFO - 📊 Progress saved: 80 transcripts
2025-12-04 16:22:24,452 - INFO - [7818/1886] Fetching: CLAUDE M. BALLARD, ET UX. v. COMMISSIONER OF INTERNAL REVENUE (2004/03-184)
2025-12-04 16:22:26,604 - ERROR - Unexpected error for 2004/03-184: 'NoneType' object has no attribute 'get'
2025-12-04 16:22:26,604 - INFO - ⚠️  No transcript available
2025-12-04 16:22:26,618 - INFO - 📊 Progress saved: 80 transcripts
2025-12-04 16:22:28,119 - INFO - [7819/1886] Fetching: REGINALD A. WILKINSON, DIRECTOR, OHIO DEPARTMENT OF REHABILITATION AND CORRECTION, et al. v. WILLIAM DWIGHT DOTSON, et al. (2004/03-287)
2025-12-04 16:22:29,911 - INFO - ✅ Success (605 turns, 64,335 chars)
2025-12-04 16:22:31,444 - INFO - [7820/1886] Fetching: DARIN L. MUEHLER, et al. v. IRIS MENA (2004/03-1423)
2025-12-04 16:22:33,220 - ERROR - Unexpected error for 2004/03-1423: 'NoneType' object has no attribute 'get'
2025-12-04 16:22:33,221 - INFO - ⚠️  No transcript available
2025-12-04 16:22:34,736 - INFO - [7821/1886] Fetching: CITY OF RANCHO PALOS VERDES, CALIFORNIA, et al. v. MARK J. ABRAMS (2004/03-1601)
2025-12-04 16:22:36,499 - INFO - ✅ Success (536 turns, 67,110 chars)
2025-12-04 16:22:38,034 - INFO - [7822/1886] Fetching: JILL L. BROWN, WARDEN v. WILLIAM CHARLES PAYTON (2004/03-1039)
2025-12-04 16:22:39,647 - ERROR - Unexpected error for 2004/03-1039: 'NoneType' object has no attribute 'get'
2025-12-04 16:22:39,648 - INFO - ⚠️  No transcript available
2025-12-04 16:22:41,165 - INFO - [7823/1886] Fetching: RODERICK JACKSON v. BIRMINGHAM BOARD OF EDUCATION (2004/02-1672)
2025-12-04 16:22:43,038 - ERROR - Unexpected error for 2004/02-1672: 'NoneType' object has no attribute 'get'
2025-12-04 16:22:43,039 - INFO - ⚠️  No transcript available
2025-12-04 16:22:44,551 - INFO - [7824/1886] Fetching: CITY OF SHERRILL, NEW YORK v. ONEIDA INDIAN NATION OF NEW YORK, et al. (2004/03-855)
2025-12-04 16:22:46,226 - INFO - ✅ Success (522 turns, 67,207 chars)
2025-12-04 16:22:47,756 - INFO - [7825/1886] Fetching: AZEL P. SMITH, et al. v. CITY OF JACKSON, MISSISSIPPI, et al. (2004/03-1160)
2025-12-04 16:22:49,519 - INFO - ✅ Success (639 turns, 72,227 chars)
2025-12-04 16:22:51,040 - INFO - [7826/1886] Fetching: CHARLES RUSSELL RHINES v. DOUGLAS WEBER, WARDEN (2004/03-9046)
2025-12-04 16:22:52,757 - ERROR - Unexpected error for 2004/03-9046: 'NoneType' object has no attribute 'get'
2025-12-04 16:22:52,757 - INFO - ⚠️  No transcript available
2025-12-04 16:22:54,272 - INFO - [7827/1886] Fetching: EXXON MOBIL CORPORATION, EXXON CHEMICAL ARABIA, INC., AND MOBIL YANBU PETROCHEMICAL COMPANY, INC. v. SAUDI BASIC INDUSTRIES CORPORATION (2004/03-1696)
2025-12-04 16:22:56,695 - ERROR - Unexpected error for 2004/03-1696: 'NoneType' object has no attribute 'get'
2025-12-04 16:22:56,696 - INFO - ⚠️  No transcript available
2025-12-04 16:22:58,226 - INFO - [7828/1886] Fetching: ROBERT JOHNSON, JR. v. UNITED STATES (2004/03-9685)
2025-12-04 16:22:59,840 - INFO - ✅ Success (474 turns, 62,080 chars)
2025-12-04 16:23:01,356 - INFO - [7829/1886] Fetching: RICHARD GERALD ROUSEY, ET UX. v. JILL R. JACOWAY (2004/03-1407)
2025-12-04 16:23:03,791 - INFO - ✅ Success (684 turns, 69,645 chars)
2025-12-04 16:23:05,314 - INFO - [7830/1886] Fetching: DURA PHARMACEUTICALS, INC., et al. v. MICHAEL BROUDO et al. (2004/03-932)
2025-12-04 16:23:07,346 - INFO - ✅ Success (694 turns, 73,316 chars)
2025-12-04 16:23:08,870 - INFO - [7831/1886] Fetching: DAVID B. PASQUANTINO, CARL J. PASQUANTINO, AND ARTHUR HILTS v. UNITED STATES (2004/03-725)
2025-12-04 16:23:10,947 - ERROR - Unexpected error for 2004/03-725: 'NoneType' object has no attribute 'get'
2025-12-04 16:23:10,948 - INFO - ⚠️  No transcript available
2025-12-04 16:23:12,480 - INFO - [7832/1886] Fetching: GARY SHERWOOD SMALL v. UNITED STATES (2004/03-750)
2025-12-04 16:23:14,651 - INFO - ✅ Success (652 turns, 70,482 chars)
2025-12-04 16:23:16,170 - INFO - [7833/1886] Fetching: JOHN A. PACE v. DAVID DIGUGLIELMO, SUPERINTENDENT, STATE CORRECTIONAL INSTITUTION AT GRATERFORD, et al. (2004/03-9627)
2025-12-04 16:23:18,583 - ERROR - Unexpected error for 2004/03-9627: 'NoneType' object has no attribute 'get'
2025-12-04 16:23:18,583 - INFO - ⚠️  No transcript available
2025-12-04 16:23:20,101 - INFO - [7834/1886] Fetching: DENNIS BATES, et al. v. DOW AGROSCIENCES LLC (2004/03-388)
2025-12-04 16:23:22,564 - INFO - ✅ Success (546 turns, 63,853 chars)
2025-12-04 16:23:24,093 - INFO - [7835/1886] Fetching: JENNIFER M. GRANHOLM, GOVERNOR OF MICHIGAN, et al. v. ELEANOR HEALD, et al. (2004/03-1116)
2025-12-04 16:23:26,342 - INFO - ✅ Success (737 turns, 76,237 chars)
2025-12-04 16:23:26,352 - INFO - 📊 Progress saved: 90 transcripts
2025-12-04 16:23:27,852 - INFO - [7836/1886] Fetching: LINDA LINGLE, GOVERNOR OF HAWAII, et al. v. CHEVRON U.S.A. INC. (2004/04-163)
2025-12-04 16:23:29,375 - ERROR - Unexpected error for 2004/04-163: 'NoneType' object has no attribute 'get'
2025-12-04 16:23:29,375 - INFO - ⚠️  No transcript available
2025-12-04 16:23:29,386 - INFO - 📊 Progress saved: 90 transcripts
2025-12-04 16:23:30,892 - INFO - [7837/1886] Fetching: MIKE JOHANNS, SECRETARY OF AGRICULTURE, et al., v. LIVESTOCK MARKETING ASSOCIATION et al. (2004/03-1164)
2025-12-04 16:23:33,561 - INFO - ✅ Success (859 turns, 78,111 chars)
2025-12-04 16:23:35,084 - INFO - [7838/1886] Fetching: MICHAEL CLINGMAN, SECRETARY, OKLAHOMA STATE ELECTION BOARD, et al. v. ANDREA L. BEAVER et al. (2004/04-37)
2025-12-04 16:23:36,762 - ERROR - Unexpected error for 2004/04-37: 'NoneType' object has no attribute 'get'
2025-12-04 16:23:36,763 - INFO - ⚠️  No transcript available
2025-12-04 16:23:38,279 - INFO - [7839/1886] Fetching: CARMAN L. DECK v. MISSOURI (2004/04-5293)
2025-12-04 16:23:40,187 - ERROR - Unexpected error for 2004/04-5293: 'NoneType' object has no attribute 'get'
2025-12-04 16:23:40,187 - INFO - ⚠️  No transcript available
2025-12-04 16:23:41,703 - INFO - [7840/1886] Fetching: JOSE ERNESTO MEDELLIN v. DOUG DRETKE, DIRECTOR, TEXAS DEPARTMENT OF CRIMINAL JUSTICE, CORRECTIONAL INSTITUTIONS DIVISION (2004/04-5928)
2025-12-04 16:23:43,964 - INFO - ✅ Success (588 turns, 71,922 chars)
2025-12-04 16:23:45,482 - INFO - [7841/1886] Fetching: ARTHUR ANDERSEN LLP v. UNITED STATES (2004/04-368)
2025-12-04 16:23:47,273 - INFO - ✅ Success (609 turns, 68,702 chars)
2025-12-04 16:23:48,810 - INFO - [7842/1886] Fetching: JON B. CUTTER, et al. v. REGINALD WILKINSON, DIRECTOR, OHIO DEPARTMENT OF REHABILITATION AND CORRECTION, et al. (2004/03-9877)
2025-12-04 16:23:50,519 - INFO - ✅ Success (559 turns, 71,637 chars)
2025-12-04 16:23:52,033 - INFO - [7843/1886] Fetching: ULYSSES TORY, et al. v. JOHNNIE L. COCHRAN, JR. (2004/03-1488)
2025-12-04 16:23:55,045 - INFO - ✅ Success (631 turns, 66,146 chars)
2025-12-04 16:23:56,561 - INFO - [7844/1886] Fetching: ALBERTO R. GONZALES, ATTORNEY GENERAL, et al. v. ANGEL MCCLARY RAICH et al. (2004/03-1454)
2025-12-04 16:23:58,644 - INFO - ✅ Success (577 turns, 72,690 chars)
2025-12-04 16:24:00,161 - INFO - [7845/1886] Fetching: STATE OF ALASKA v. UNITED STATES OF AMERICA (2004/128 ORIG)
2025-12-04 16:24:00,762 - INFO - ⚠️  No transcript available
2025-12-04 16:24:02,277 - INFO - [7846/1886] Fetching: DOUGLAS SPECTOR, et al. v. NORWEGIAN CRUISE LINE LTD. (2004/03-1388)
2025-12-04 16:24:04,703 - INFO - ✅ Success (637 turns, 75,147 chars)
2025-12-04 16:24:06,219 - INFO - [7847/1886] Fetching: JAY SHAWN JOHNSON v. CALIFORNIA (2004/04-6964)
2025-12-04 16:24:08,163 - INFO - ✅ Success (647 turns, 64,724 chars)
2025-12-04 16:24:09,675 - INFO - [7848/1886] Fetching: MARGARET BRADSHAW, WARDEN v. JOHN DAVID STUMPF (2004/04-637)
2025-12-04 16:24:11,904 - INFO - ✅ Success (627 turns, 67,202 chars)
2025-12-04 16:24:13,420 - INFO - [7849/1886] Fetching: MERCK KGAA v. INTEGRA LIFESCIENCES I, LTD., et al. (2004/03-1237)
2025-12-04 16:24:15,470 - INFO - ✅ Success (536 turns, 64,033 chars)
2025-12-04 16:24:15,480 - INFO - 📊 Progress saved: 100 transcripts
2025-12-04 16:24:16,981 - INFO - [7850/1886] Fetching: REGINALD A. WILKINSON, DIRECTOR, OHIO DEPARTMENT OF REHABILITATION AND CORRECTION, et al. v. CHARLES E. AUSTIN et al. (2004/04-495)
2025-12-04 16:24:20,085 - INFO - ✅ Success (730 turns, 72,378 chars)
2025-12-04 16:24:21,601 - INFO - [7851/1886] Fetching: THOMAS JOE MILLER-EL v. DOUG DRETKE, DIRECTOR, TEXAS DEPARTMENT OF CRIMINAL JUSTICE, CORRECTIONAL INSTITUTIONS DIVISION (2004/03-9659)
2025-12-04 16:24:23,568 - INFO - ✅ Success (550 turns, 62,970 chars)
2025-12-04 16:24:25,108 - INFO - [7852/1886] Fetching: GRABLE & SONS METAL PRODUCTS, INC. v. DARUE ENGINEERING & MANUFACTURING (2004/04-603)
2025-12-04 16:24:26,746 - INFO - ✅ Success (402 turns, 46,769 chars)
2025-12-04 16:24:28,262 - INFO - [7853/1886] Fetching: SAN REMO HOTEL, L. P., et al. v. CITY AND COUNTY OF SAN FRANCISCO, CALIFORNIA, et al. (2004/04-340)
2025-12-04 16:24:29,845 - INFO - ✅ Success (474 turns, 61,766 chars)
2025-12-04 16:24:31,362 - INFO - [7854/1886] Fetching: MICHAEL DONALD DODD v. UNITED STATES (2004/04-5286)
2025-12-04 16:24:34,352 - INFO - ✅ Success (626 turns, 73,241 chars)
2025-12-04 16:24:35,870 - INFO - [7855/1886] Fetching: RONALD ROMPILLA v. JEFFREY A. BEARD, SECRETARY, PENNSYLVANIA DEPARTMENT OF CORRECTIONS (2004/04-5462)
2025-12-04 16:24:37,747 - INFO - ✅ Success (621 turns, 70,665 chars)
2025-12-04 16:24:39,265 - INFO - [7856/1886] Fetching: GRAHAM COUNTY SOIL & WATER CONSERVATION DISTRICT, et al. v. UNITED STATES ex rel. KAREN T. WILSON (2004/04-169)
2025-12-04 16:24:40,914 - ERROR - Unexpected error for 2004/04-169: 'NoneType' object has no attribute 'get'
2025-12-04 16:24:40,915 - INFO - ⚠️  No transcript available
2025-12-04 16:24:42,435 - INFO - [7857/1886] Fetching: AMERICAN TRUCKING ASSOCIATIONS, INC. AND USF HOLLAND, INC. v. MICHIGAN PUBLIC SERVICE COMMISSION et al. (2004/03-1230)
2025-12-04 16:24:44,361 - INFO - ✅ Success (642 turns, 70,383 chars)
2025-12-04 16:24:45,878 - INFO - [7858/1886] Fetching: MID-CON FREIGHT SYSTEMS, INC., et al. v. MICHIGAN PUBLIC SERVICE COMMISSION, et al. (2004/03-1234)
2025-12-04 16:24:46,439 - INFO - ⚠️  No transcript available
2025-12-04 16:24:47,956 - INFO - [7859/1886] Fetching: SUSETTE KELO, et al. v. CITY OF NEW LONDON, CONNECTICUT, et al. (2004/04-108)
2025-12-04 16:24:50,706 - INFO - ✅ Success (623 turns, 66,195 chars)
2025-12-04 16:24:52,222 - INFO - [7860/1886] Fetching: GONZALEZ v. CROSBY (2004/04-6432)
2025-12-04 16:24:54,815 - INFO - ✅ Success (648 turns, 72,273 chars)
2025-12-04 16:24:56,345 - INFO - [7861/1886] Fetching: EXXON MOBIL CORPORATION v. ALLAPATTAH SERVICES, INC., et al. (2004/04-70)
2025-12-04 16:24:58,484 - INFO - ✅ Success (947 turns, 107,265 chars)
2025-12-04 16:24:58,495 - INFO - 📊 Progress saved: 110 transcripts
2025-12-04 16:25:00,002 - INFO - [7862/1886] Fetching: FRANCIS A. ORFF, et al. v. UNITED STATES et al. (2004/03-1566)
2025-12-04 16:25:01,986 - INFO - ✅ Success (511 turns, 57,715 chars)
2025-12-04 16:25:03,503 - INFO - [7863/1886] Fetching: ANTONIO DWAYNE HALBERT v. MICHIGAN (2004/03-10198)
2025-12-04 16:25:05,859 - INFO - ✅ Success (714 turns, 76,587 chars)
2025-12-04 16:25:07,376 - INFO - [7864/1886] Fetching: DENEICE A. MAYLE, WARDEN v. JACOBY LEE FELIX (2004/04-563)
2025-12-04 16:25:09,141 - INFO - ✅ Success (474 turns, 53,616 chars)
2025-12-04 16:25:10,660 - INFO - [7865/1886] Fetching: THOMAS VAN ORDEN v. RICK PERRY, IN HIS OFFICIAL CAPACITY AS GOVERNOR OF TEXAS AND CHAIRMAN, STATE PRESERVATION BOARD, et al. (2004/03-1500)
2025-12-04 16:25:12,315 - INFO - ✅ Success (547 turns, 66,237 chars)
2025-12-04 16:25:13,837 - INFO - [7866/1886] Fetching: TOWN OF CASTLE ROCK, COLORADO v. GONZALES, INDIVIDUALLY AND AS NEXT FRIEND OF HER DECEASED MINOR CHILDREN, GONZALES et al. (2004/04-278)
2025-12-04 16:25:15,657 - INFO - ✅ Success (535 turns, 64,159 chars)
2025-12-04 16:25:17,173 - INFO - [7867/1886] Fetching: RICKY BELL, WARDEN v. GREGORY THOMPSON (2004/04-514)
2025-12-04 16:25:19,116 - INFO - ✅ Success (580 turns, 68,190 chars)
2025-12-04 16:25:20,650 - INFO - [7868/1886] Fetching: MCCREARY COUNTY, KENTUCKY, et al. v. AMERICAN CIVIL LIBERTIES UNION OF KENTUCKY et al. (2004/03-1693)
2025-12-04 16:25:22,240 - ERROR - Unexpected error for 2004/03-1693: 'NoneType' object has no attribute 'get'
2025-12-04 16:25:22,241 - INFO - ⚠️  No transcript available
2025-12-04 16:25:23,762 - INFO - [7869/1886] Fetching: METRO-GOLDWYN-MAYER STUDIOS, INC., et al. v. GROKSTER, LTD., et al. (2004/04-480)
2025-12-04 16:25:25,778 - INFO - ✅ Success (614 turns, 71,130 chars)
2025-12-04 16:25:27,314 - INFO - [7870/1886] Fetching: NATIONAL CABLE & TELECOMMUNICATIONS ASSOCIATION, et al. v. BRAND X INTERNET SERVICES, et al. (2004/04-277)
2025-12-04 16:25:28,921 - INFO - ✅ Success (649 turns, 72,251 chars)
2025-12-04 16:25:30,439 - INFO - [7871/1886] Fetching: PAUL ALLEN DYE v. GERALD HOFBAUER, WARDEN (2005/04-8384)
2025-12-04 16:25:31,594 - INFO - ⚠️  No transcript available
2025-12-04 16:25:33,128 - INFO - [7872/1886] Fetching: DORA B. SCHRIRO, DIRECTOR, ARIZONA DEPARTMENT OF CORRECTIONS, PETITIONER v. ROBERT DOUGLAS SMITH (2005/04-1475)
2025-12-04 16:25:33,623 - INFO - ⚠️  No transcript available
2025-12-04 16:25:35,149 - INFO - [7873/1886] Fetching: ANTHONY KANE, WARDEN v. JOE GARCIA ESPITIA (2005/04-1538)
2025-12-04 16:25:35,655 - INFO - ⚠️  No transcript available
2025-12-04 16:25:37,182 - INFO - [7874/1886] Fetching: IVAN EBERHART v. UNITED STATES (2005/04-9949)
2025-12-04 16:25:37,774 - INFO - ⚠️  No transcript available
2025-12-04 16:25:39,301 - INFO - [7875/1886] Fetching: IBP, INC. v. GABRIEL ALVAREZ, INDIVIDUALLY AND ON BEHALF OF ALL OTHERS SIMILARLY SITUATED, et al. (2005/03-1238)
2025-12-04 16:25:41,234 - INFO - ✅ Success (709 turns, 74,871 chars)
2025-12-04 16:25:42,754 - INFO - [7876/1886] Fetching: UNITED STATES v. JOSEPH OLSON, et al. (2005/04-759)
2025-12-04 16:25:44,561 - INFO - ✅ Success (538 turns, 64,249 chars)
2025-12-04 16:25:44,592 - INFO - 📊 Progress saved: 120 transcripts
2025-12-04 16:25:46,095 - INFO - [7877/1886] Fetching: SCHAFFER, A MINOR, BY HIS PARENTS AND NEXT FRIENDS, SCHAFFER, ET VIR, et al. v. WEAST, SUPERINTENDENT, MONTGOMERY COUNTY PUBLIC SCHOOLS, et al. (2005/04-698)
2025-12-04 16:25:48,285 - INFO - ✅ Success (755 turns, 73,984 chars)
2025-12-04 16:25:49,805 - INFO - [7878/1886] Fetching: MARYLAND v. LEEANDER JEROME BLAKE (2005/04-373)
2025-12-04 16:25:52,925 - INFO - ✅ Success (1049 turns, 83,058 chars)
2025-12-04 16:25:54,448 - INFO - [7879/1886] Fetching: MARGARET BRADSHAW, WARDEN v. KENNETH T. RICHEY (2005/05-101)
2025-12-04 16:25:55,038 - INFO - ⚠️  No transcript available
2025-12-04 16:25:56,558 - INFO - [7880/1886] Fetching: LINCOLN PROPERTY COMPANY, et al. v. CHRISTOPHE ROCHE, ET UX. (2005/04-712)
2025-12-04 16:25:58,390 - INFO - ✅ Success (567 turns, 62,130 chars)
2025-12-04 16:25:59,919 - INFO - [7881/1886] Fetching: JOAN WAGNON, SECRETARY, KANSAS DEPARTMENT OF REVENUE v. PRAIRIE BAND POTAWATOMI NATION (2005/04-631)
2025-12-04 16:26:02,607 - INFO - ✅ Success (826 turns, 76,487 chars)
2025-12-04 16:26:04,134 - INFO - [7882/1886] Fetching: GERALD T. MARTIN, ET UX. v. FRANKLIN CAPITAL CORPORATION et al. (2005/04-1140)
2025-12-04 16:26:05,782 - INFO - ✅ Success (508 turns, 58,179 chars)
2025-12-04 16:26:07,314 - INFO - [7883/1886] Fetching: JAMES LOCKHART v. UNITED STATES et al. (2005/04-881)
2025-12-04 16:26:09,053 - INFO - ✅ Success (507 turns, 50,116 chars)
2025-12-04 16:26:10,584 - INFO - [7884/1886] Fetching: UNITED STATES v. GEORGIA et al. (2005/04-1203)
2025-12-04 16:26:12,597 - INFO - ✅ Success (653 turns, 76,506 chars)
2025-12-04 16:26:14,122 - INFO - [7885/1886] Fetching: VOLVO TRUCKS NORTH AMERICA, INC. v. REEDER-SIMCO GMC, INC. (2005/04-905)
2025-12-04 16:26:16,948 - INFO - ✅ Success (789 turns, 74,715 chars)
2025-12-04 16:26:18,487 - INFO - [7886/1886] Fetching: MIKE EVANS, ACTING WARDEN v. REGINALD CHAVIS (2005/04-721)
2025-12-04 16:26:21,135 - INFO - ✅ Success (911 turns, 78,235 chars)
2025-12-04 16:26:22,667 - INFO - [7887/1886] Fetching: JILL L. BROWN, WARDEN v. RONALD L. SANDERS (2005/04-980)
2025-12-04 16:26:24,555 - INFO - ✅ Success (629 turns, 64,093 chars)
2025-12-04 16:26:24,580 - INFO - 📊 Progress saved: 130 transcripts
2025-12-04 16:26:26,085 - INFO - [7888/1886] Fetching: ALBERTO R. GONZALES, ATTORNEY GENERAL, et al. v. OREGON, et al. (2005/04-623)
2025-12-04 16:26:28,302 - INFO - ✅ Success (673 turns, 75,563 chars)
2025-12-04 16:26:29,833 - INFO - [7889/1886] Fetching: WACHOVIA BANK, NATIONAL ASSOCIATION v. DANIEL G. SCHMIDT, III, et al. (2005/04-1186)
2025-12-04 16:26:31,520 - INFO - ✅ Success (556 turns, 65,188 chars)
2025-12-04 16:26:33,041 - INFO - [7890/1886] Fetching: KELLY A. AYOTTE, ATTORNEY GENERAL OF NEW HAMPSHIRE v. PLANNED PARENTHOOD OF NORTHERN NEW ENGLAND, et al. (2005/04-1144)
2025-12-04 16:26:34,230 - INFO - ✅ Success (166 turns, 20,818 chars)
2025-12-04 16:26:35,752 - INFO - [7891/1886] Fetching: BERTRAM RICE, WARDEN, et al. v. STEVEN MARTELL COLLINS (2005/04-52)
2025-12-04 16:26:37,567 - INFO - ✅ Success (518 turns, 60,057 chars)
2025-12-04 16:26:39,093 - INFO - [7892/1886] Fetching: RICHARD WILL, et al. v. SUSAN HALLOCK, et al. (2005/04-1332)
2025-12-04 16:26:40,664 - ERROR - Unexpected error for 2005/04-1332: 'NoneType' object has no attribute 'get'
2025-12-04 16:26:40,664 - INFO - ⚠️  No transcript available
2025-12-04 16:26:42,195 - INFO - [7893/1886] Fetching: CENTRAL VIRGINIA COMMUNITY COLLEGE, et al. v. BERNARD KATZ, LIQUIDATING SUPERVISOR FOR WALLACE'S BOOKSTORES, INC. (2005/04-885)
2025-12-04 16:26:44,238 - INFO - ✅ Success (642 turns, 65,162 chars)
2025-12-04 16:26:45,759 - INFO - [7894/1886] Fetching: UNITHERM FOOD SYSTEMS, INC. v. SWIFT-ECKRICH, INC., DBA CONAGRA REFRIGERATED FOODS (2005/04-597)
2025-12-04 16:26:47,834 - INFO - ✅ Success (729 turns, 70,198 chars)
2025-12-04 16:26:49,362 - INFO - [7895/1886] Fetching: WISCONSIN RIGHT TO LIFE, INC. v. FEDERAL ELECTION COMMISSION (2005/04-1581)
2025-12-04 16:26:51,096 - INFO - ✅ Success (581 turns, 68,640 chars)
2025-12-04 16:26:52,626 - INFO - [7896/1886] Fetching: STATE OF ALASKA v. UNITED STATES OF AMERICA (2005/128 ORIG)
2025-12-04 16:26:52,995 - INFO - ⚠️  No transcript available
2025-12-04 16:26:54,519 - INFO - [7897/1886] Fetching: ALBERTO R. GONZALES, ATTORNEY GENERAL, et al. v. O CENTRO ESPIRITA BENEFICENTE UNIAO DO VEGETAL et al. (2005/04-1084)
2025-12-04 16:26:57,038 - INFO - ✅ Success (743 turns, 70,990 chars)
2025-12-04 16:26:58,564 - INFO - [7898/1886] Fetching: BUCKEYE CHECK CASHING, INC. v. JOHN CARDEGNA et al. (2005/04-1264)
2025-12-04 16:27:00,067 - INFO - ✅ Success (544 turns, 73,969 chars)
2025-12-04 16:27:01,591 - INFO - [7899/1886] Fetching: MINISTRY OF DEFENSE AND SUPPORT FOR THE ARMED FORCES OF THE ISLAMIC REPUBLIC OF IRAN v. DARIUSH ELAHI (2005/04-1095)
2025-12-04 16:27:02,285 - INFO - ⚠️  No transcript available
2025-12-04 16:27:03,817 - INFO - [7900/1886] Fetching: ANTHONY ASH et al. v. TYSON FOODS, INC. (2005/05-379)
2025-12-04 16:27:04,305 - INFO - ⚠️  No transcript available
2025-12-04 16:27:05,831 - INFO - [7901/1886] Fetching: KEITH LANCE, et al. v. GIGI DENNIS, COLORADO SECRETARY OF STATE (2005/05-555)
2025-12-04 16:27:06,340 - INFO - ⚠️  No transcript available
2025-12-04 16:27:07,870 - INFO - [7902/1886] Fetching: DOMINO'S PIZZA, INC., et al. v. JOHN MCDONALD (2005/04-593)
2025-12-04 16:27:09,677 - INFO - ✅ Success (569 turns, 65,456 chars)
2025-12-04 16:27:09,882 - INFO - 📊 Progress saved: 140 transcripts
2025-12-04 16:27:11,385 - INFO - [7903/1886] Fetching: BARBARA DOLAN v. UNITED STATES POSTAL SERVICE et al. (2005/04-848)
2025-12-04 16:27:14,334 - INFO - ✅ Success (756 turns, 70,070 chars)
2025-12-04 16:27:15,873 - INFO - [7904/1886] Fetching: JENIFER ARBAUGH v. Y & H CORPORATION, DBA THE MOONLIGHT CAFE (2005/04-944)
2025-12-04 16:27:17,727 - INFO - ✅ Success (551 turns, 65,350 chars)
2025-12-04 16:27:19,249 - INFO - [7905/1886] Fetching: OREGON v. RANDY LEE GUZEK (2005/04-928)
2025-12-04 16:27:21,759 - INFO - ✅ Success (753 turns, 72,570 chars)
2025-12-04 16:27:23,285 - INFO - [7906/1886] Fetching: TEXACO INC. v. FOUAD N. DAGHER, et al. (2005/04-805)
2025-12-04 16:27:25,233 - INFO - ✅ Success (667 turns, 73,504 chars)
2025-12-04 16:27:26,760 - INFO - [7907/1886] Fetching: JOSEPH SCHEIDLER, et al. v. NATIONAL ORGANIZATION FOR WOMEN, INC., et al. (2005/04-1244)
2025-12-04 16:27:28,757 - INFO - ✅ Success (737 turns, 73,515 chars)
2025-12-04 16:27:30,285 - INFO - [7908/1886] Fetching: ILLINOIS TOOL WORKS INC., et al. v. INDEPENDENT INK, INC. (2005/04-1329)
2025-12-04 16:27:32,609 - INFO - ✅ Success (626 turns, 77,653 chars)
2025-12-04 16:27:34,137 - INFO - [7909/1886] Fetching: DONALD H. RUMSFELD, SECRETARY OF DEFENSE, et al. v. FORUM FOR ACADEMIC AND INSTITUTIONAL RIGHTS, INC., et al. (2005/04-1152)
2025-12-04 16:27:36,471 - INFO - ✅ Success (777 turns, 77,075 chars)
2025-12-04 16:27:38,007 - INFO - [7910/1886] Fetching: MERRILL LYNCH, PIERCE, FENNER & SMITH INC. v. SHADI DABIT (2005/04-1371)
2025-12-04 16:27:39,939 - INFO - ✅ Success (660 turns, 69,199 chars)
2025-12-04 16:27:41,465 - INFO - [7911/1886] Fetching: UNITED STATES v. JEFFREY GRUBBS (2005/04-1414)
2025-12-04 16:27:43,324 - INFO - ✅ Success (632 turns, 73,915 chars)
2025-12-04 16:27:44,852 - INFO - [7912/1886] Fetching: GEORGIA v. SCOTT FITZ RANDOLPH (2005/04-1067)
2025-12-04 16:27:46,953 - INFO - ✅ Success (771 turns, 74,684 chars)
2025-12-04 16:27:46,975 - INFO - 📊 Progress saved: 150 transcripts
2025-12-04 16:27:48,483 - INFO - [7913/1886] Fetching: STATE OF ARIZONA v. STATE OF CALIFORNIA et al. (2005/8 ORIG)
2025-12-04 16:27:48,842 - INFO - ⚠️  No transcript available
2025-12-04 16:27:48,868 - INFO - 📊 Progress saved: 150 transcripts
2025-12-04 16:27:50,370 - INFO - [7914/1886] Fetching: ALBERTO R. GONZALES, ATTORNEY GENERAL v. MICHELLE THOMAS et al. (2005/05-552)
2025-12-04 16:27:50,846 - INFO - ⚠️  No transcript available
2025-12-04 16:27:50,869 - INFO - 📊 Progress saved: 150 transcripts
2025-12-04 16:27:52,375 - INFO - [7915/1886] Fetching: JEFFREY JEROME SALINAS v. UNITED STATES (2005/05-8400)
2025-12-04 16:27:52,860 - INFO - ⚠️  No transcript available
2025-12-04 16:27:52,882 - INFO - 📊 Progress saved: 150 transcripts
2025-12-04 16:27:54,385 - INFO - [7916/1886] Fetching: NORTHERN INSURANCE COMPANY OF NEW YORK v. CHATHAM COUNTY, GEORGIA (2005/04-1618)
2025-12-04 16:27:55,742 - INFO - ✅ Success (397 turns, 51,503 chars)
2025-12-04 16:27:57,273 - INFO - [7917/1886] Fetching: PATRICK DAY v. JAMES R. MCDONOUGH, INTERIM SECRETARY, FLORIDA DEPARTMENT OF CORRECTIONS (2005/04-1324)
2025-12-04 16:27:59,386 - ERROR - Unexpected error for 2005/04-1324: 'NoneType' object has no attribute 'get'
2025-12-04 16:27:59,389 - INFO - ⚠️  No transcript available
2025-12-04 16:28:00,914 - INFO - [7918/1886] Fetching: GARY KENT JONES v. LINDA K. FLOWERS, et al. (2005/04-1477)
2025-12-04 16:28:03,425 - INFO - ✅ Success (633 turns, 74,734 chars)
2025-12-04 16:28:04,953 - INFO - [7919/1886] Fetching: MICHAEL HARTMAN, FRANK KORMANN, PIERCE MCINTOSH, NORMAN ROBBINS, AND ROBERT EDWARDS v. WILLIAM G. MOORE, JR. (2005/04-1495)
2025-12-04 16:28:07,285 - INFO - ✅ Success (704 turns, 78,030 chars)
2025-12-04 16:28:08,809 - INFO - [7920/1886] Fetching: ARKANSAS DEPARTMENT OF HEALTH AND HUMAN SERVICES, et al. v. HEIDI AHLBORN (2005/04-1506)
2025-12-04 16:28:10,775 - INFO - ✅ Success (655 turns, 67,305 chars)
2025-12-04 16:28:12,300 - INFO - [7921/1886] Fetching: VICKIE LYNN MARSHALL v. E. PIERCE MARSHALL (2005/04-1544)
2025-12-04 16:28:15,452 - INFO - ✅ Success (588 turns, 71,043 chars)
2025-12-04 16:28:16,978 - INFO - [7922/1886] Fetching: BOBBY LEE HOLMES v. SOUTH CAROLINA (2005/04-1327)
2025-12-04 16:28:18,779 - ERROR - Unexpected error for 2005/04-1327: 'NoneType' object has no attribute 'get'
2025-12-04 16:28:18,779 - INFO - ⚠️  No transcript available
2025-12-04 16:28:20,304 - INFO - [7923/1886] Fetching: DAIMLERCHRYSLER CORPORATION v. CHARLOTTE CUNO et al. (2005/04-1704)
2025-12-04 16:28:22,233 - INFO - ✅ Success (624 turns, 65,264 chars)
2025-12-04 16:28:23,761 - INFO - [7924/1886] Fetching: JOEL SEREBOFF, ET UX. v. MID ATLANTIC MEDICAL SERVICES, INC. (2005/05-260)
2025-12-04 16:28:25,550 - INFO - ✅ Success (583 turns, 67,668 chars)
2025-12-04 16:28:27,087 - INFO - [7925/1886] Fetching: S. D. WARREN COMPANY v. MAINE BOARD OF ENVIRONMENTAL PROTECTION et al. (2005/04-1527)
2025-12-04 16:28:29,153 - INFO - ✅ Success (795 turns, 77,165 chars)
2025-12-04 16:28:30,687 - INFO - [7926/1886] Fetching: EBAY INC., et al. v. MERCEXCHANGE, L. L. C. (2005/05-130)
2025-12-04 16:28:32,956 - INFO - ✅ Success (510 turns, 70,877 chars)
2025-12-04 16:28:34,487 - INFO - [7927/1886] Fetching: BRIGHAM CITY, UTAH v. CHARLES W. STUART et al. (2005/05-502)
2025-12-04 16:28:36,934 - INFO - ✅ Success (637 turns, 66,398 chars)
2025-12-04 16:28:36,953 - INFO - 📊 Progress saved: 160 transcripts
2025-12-04 16:28:38,458 - INFO - [7928/1886] Fetching: GIL GARCETTI, et al. v. RICHARD CEBALLOS (2005/04-473)
2025-12-04 16:28:40,678 - INFO - ✅ Success (720 turns, 76,734 chars)
2025-12-04 16:28:42,218 - INFO - [7929/1886] Fetching: JOSEPH ANZA, et al. v. IDEAL STEEL SUPPLY CORP. (2005/04-433)
2025-12-04 16:28:44,009 - INFO - ✅ Success (558 turns, 62,422 chars)
2025-12-04 16:28:45,546 - INFO - [7930/1886] Fetching: JACOB ZEDNER v. UNITED STATES (2005/05-5992)
2025-12-04 16:28:47,343 - INFO - ✅ Success (677 turns, 76,183 chars)
2025-12-04 16:28:48,882 - INFO - [7931/1886] Fetching: TERRY L. WHITMAN v. DEPARTMENT OF TRANSPORTATION et al. (2005/04-1131)
2025-12-04 16:28:50,772 - INFO - ✅ Success (652 turns, 74,839 chars)
2025-12-04 16:28:52,309 - INFO - [7932/1886] Fetching: MOHAWK INDUSTRIES, INC. v. SHIRLEY WILLIAMS et al. (2005/05-465)
2025-12-04 16:28:54,079 - INFO - ✅ Success (560 turns, 70,553 chars)
2025-12-04 16:28:55,619 - INFO - [7933/1886] Fetching: PAUL GREGORY HOUSE v. RICKY BELL, WARDEN (2005/04-8990)
2025-12-04 16:28:57,474 - INFO - ✅ Success (649 turns, 71,528 chars)
2025-12-04 16:28:59,012 - INFO - [7934/1886] Fetching: CLARENCE E. HILL v. JAMES R. MCDONOUGH, INTERIM SECRETARY, FLORIDA DEPARTMENT OF CORRECTIONS, et al. (2005/05-8794)
2025-12-04 16:29:01,035 - INFO - ✅ Success (593 turns, 66,489 chars)
2025-12-04 16:29:02,575 - INFO - [7935/1886] Fetching: BOOKER T. HUDSON, JR. v. MICHIGAN (2005/04-1360)
2025-12-04 16:29:04,773 - INFO - ✅ Success (794 turns, 80,870 chars)
2025-12-04 16:29:06,312 - INFO - [7936/1886] Fetching: CARL KIRCHER, et al. v. PUTNAM FUNDS TRUST et al. (2005/05-409)
2025-12-04 16:29:08,197 - INFO - ✅ Success (616 turns, 71,294 chars)
2025-12-04 16:29:09,728 - INFO - [7937/1886] Fetching: HOWARD DELIVERY SERVICE, INC., et al. v. ZURICH AMERICAN INSURANCE CO. (2005/05-128)
2025-12-04 16:29:11,490 - INFO - ✅ Success (591 turns, 69,129 chars)
2025-12-04 16:29:11,522 - INFO - 📊 Progress saved: 170 transcripts
2025-12-04 16:29:13,028 - INFO - [7938/1886] Fetching: EMPIRE HEALTHCHOICE ASSURANCE, INC., DBA EMPIRE BLUE CROSS BLUE SHIELD v. DENISE F. MCVEIGH, AS ADMINISTRATRIX OF THE ESTATE OF JOSEPH E. MCVEIGH (2005/05-200)
2025-12-04 16:29:15,302 - INFO - ✅ Success (651 turns, 72,548 chars)
2025-12-04 16:29:16,841 - INFO - [7939/1886] Fetching: JOHN A. RAPANOS, ET UX., et al. v. UNITED STATES (2005/04-1034)
2025-12-04 16:29:18,136 - INFO - ✅ Success (836 turns, 97,056 chars)
2025-12-04 16:29:19,663 - INFO - [7940/1886] Fetching: ADRIAN MARTELL DAVIS v. WASHINGTON (2005/05-5224)
2025-12-04 16:29:21,456 - INFO - ✅ Success (591 turns, 74,919 chars)
2025-12-04 16:29:22,993 - INFO - [7941/1886] Fetching: DONALD CURTIS SAMSON v. CALIFORNIA (2005/04-9728)
2025-12-04 16:29:26,058 - INFO - ✅ Success (950 turns, 80,148 chars)
2025-12-04 16:29:27,587 - INFO - [7942/1886] Fetching: DENVER A. YOUNGBLOOD, JR. v. WEST VIRGINIA (2005/05-6997)
2025-12-04 16:29:28,087 - INFO - ⚠️  No transcript available
2025-12-04 16:29:29,624 - INFO - [7943/1886] Fetching: KESHIA CHERIE ASHFORD DIXON v. UNITED STATES (2005/05-7053)
2025-12-04 16:29:31,562 - INFO - ✅ Success (546 turns, 65,363 chars)
2025-12-04 16:29:33,090 - INFO - [7944/1886] Fetching: HUMBERTO FERNANDEZ-VARGAS v. ALBERTO R. GONZALES, ATTORNEY GENERAL (2005/04-1376)
2025-12-04 16:29:35,179 - INFO - ✅ Success (621 turns, 64,273 chars)
2025-12-04 16:29:36,723 - INFO - [7945/1886] Fetching: BURLINGTON NORTHERN & SANTA FE RAILWAY COMPANY v. SHEILA WHITE (2005/05-259)
2025-12-04 16:29:39,106 - INFO - ✅ Success (628 turns, 71,562 chars)
2025-12-04 16:29:40,648 - INFO - [7946/1886] Fetching: JEANNE S. WOODFORD, et al. v. VIET MIKE NGO (2005/05-416)
2025-12-04 16:29:43,007 - INFO - ✅ Success (586 turns, 66,153 chars)
2025-12-04 16:29:44,541 - INFO - [7947/1886] Fetching: LABORATORY CORPORATION OF AMERICA HOLDINGS, DBA LABCORP v. METABOLITE LABORATORIES, INC., et al. (2005/04-607)
2025-12-04 16:29:46,196 - INFO - ✅ Success (545 turns, 67,727 chars)
2025-12-04 16:29:47,734 - INFO - [7948/1886] Fetching: UNITED STATES v. CUAUHTEMOC GONZALEZ-LOPEZ (2005/05-352)
2025-12-04 16:29:49,745 - INFO - ✅ Success (535 turns, 71,343 chars)
2025-12-04 16:29:49,768 - INFO - 📊 Progress saved: 180 transcripts
2025-12-04 16:29:51,268 - INFO - [7949/1886] Fetching: KANSAS v. MICHAEL LEE MARSH, II (2005/04-1170)
2025-12-04 16:29:52,986 - INFO - ✅ Success (519 turns, 63,971 chars)
2025-12-04 16:29:54,520 - INFO - [7950/1886] Fetching: WASHINGTON v. ARTURO R. RECUENCO (2005/05-83)
2025-12-04 16:29:56,666 - INFO - ✅ Success (561 turns, 70,968 chars)
2025-12-04 16:29:58,209 - INFO - [7951/1886] Fetching: NEIL RANDALL, et al. v. WILLIAM H. SORRELL et al. (2005/04-1528)
2025-12-04 16:30:01,142 - INFO - ✅ Success (601 turns, 67,666 chars)
2025-12-04 16:30:02,668 - INFO - [7952/1886] Fetching: ARLINGTON CENTRAL SCHOOL DISTRICT BOARD OF EDUCATION v. PEARL MURPHY ET VIR (2005/05-18)
2025-12-04 16:30:04,843 - INFO - ✅ Success (567 turns, 64,261 chars)
2025-12-04 16:30:06,383 - INFO - [7953/1886] Fetching: MOISES SANCHEZ-LLAMAS v. OREGON (2005/04-10566)
2025-12-04 16:30:08,865 - INFO - ✅ Success (873 turns, 102,036 chars)
2025-12-04 16:30:10,404 - INFO - [7954/1886] Fetching: LEAGUE OF UNITED LATIN AMERICAN CITIZENS, et al. v. RICK PERRY, GOVERNOR OF TEXAS, et al. (2005/05-204)
2025-12-04 16:30:13,327 - INFO - ✅ Success (1045 turns, 140,232 chars)
2025-12-04 16:30:14,863 - INFO - [7955/1886] Fetching: JEFFREY A. BEARD, SECRETARY, PENNSYLVANIA DEPARTMENT OF CORRECTIONS v. RONALD BANKS, INDIVIDUALLY AND ON BEHALF OF ALL OTHERS SIMILARLY SITUATED (2005/04-1739)
2025-12-04 16:30:17,003 - INFO - ✅ Success (566 turns, 63,651 chars)
2025-12-04 16:30:18,540 - INFO - [7956/1886] Fetching: SALIM AHMED HAMDAN v. DONALD H. RUMSFELD, SECRETARY OF DEFENSE, et al. (2005/05-184)
2025-12-04 16:30:21,765 - INFO - ✅ Success (992 turns, 108,926 chars)
2025-12-04 16:30:23,295 - INFO - [7957/1886] Fetching: ERIC MICHAEL CLARK v. ARIZONA (2005/05-5966)
2025-12-04 16:30:25,482 - INFO - ✅ Success (640 turns, 66,439 chars)
2025-12-04 16:30:27,026 - INFO - [7958/1886] Fetching: HELEN PURCELL, MARICOPA COUNTY RECORDER, et al. v. MARIA M. GONZALEZ et al. (2006/06-532)
2025-12-04 16:30:27,584 - INFO - ⚠️  No transcript available
2025-12-04 16:30:29,120 - INFO - [7959/1886] Fetching: ROBERT L. AYERS, JR., ACTING WARDEN v. FERNANDO BELMONTES (2006/05-493)
2025-12-04 16:30:30,867 - ERROR - Unexpected error for 2006/05-493: 'NoneType' object has no attribute 'get'
2025-12-04 16:30:30,868 - INFO - ⚠️  No transcript available
2025-12-04 16:30:32,405 - INFO - [7960/1886] Fetching: JOSE ANTONIO LOPEZ v. ALBERTO R. GONZALES, ATTORNEY GENERAL (2006/05-547)
2025-12-04 16:30:34,788 - INFO - ✅ Success (733 turns, 71,115 chars)
2025-12-04 16:30:34,823 - INFO - 📊 Progress saved: 190 transcripts
2025-12-04 16:30:36,324 - INFO - [7961/1886] Fetching: REYMUNDO TOLEDO-FLORES v. UNITED STATES (2006/05-7664)
2025-12-04 16:30:37,064 - INFO - ⚠️  No transcript available
2025-12-04 16:30:37,099 - INFO - 📊 Progress saved: 190 transcripts
2025-12-04 16:30:38,605 - INFO - [7962/1886] Fetching: THOMAS L. CAREY, WARDEN v. MATHEW MUSLADIN (2006/05-785)
2025-12-04 16:30:40,380 - INFO - ✅ Success (585 turns, 59,952 chars)
2025-12-04 16:30:41,921 - INFO - [7963/1886] Fetching: BP AMERICA PRODUCTION COMPANY, SUCCESSOR IN INTEREST TO AMOCO PRODUCTION COMPANY, et al. v. REJANE BURTON, ACTING ASSISTANT SECRETARY, LAND AND MINERALS MANAGEMENT, DEPARTMENT OF THE INTERIOR, et al. (2006/05-669)
2025-12-04 16:30:43,986 - INFO - ✅ Success (735 turns, 72,975 chars)
2025-12-04 16:30:45,524 - INFO - [7964/1886] Fetching: UNITED STATES v. JUAN RESENDIZ-PONCE (2006/05-998)
2025-12-04 16:30:47,401 - INFO - ✅ Success (591 turns, 67,033 chars)
2025-12-04 16:30:48,948 - INFO - [7965/1886] Fetching: MEDIMMUNE, INC. v. GENENTECH, INC., et al. (2006/05-608)
2025-12-04 16:30:51,295 - INFO - ✅ Success (836 turns, 75,183 chars)
2025-12-04 16:30:52,838 - INFO - [7966/1886] Fetching: LONNIE LEE BURTON v. BELINDA STEWART, SUPERINTENDENT, STAFFORD CREEK CORRECTIONS CENTER (2006/05-9222)
2025-12-04 16:30:54,433 - ERROR - Unexpected error for 2006/05-9222: 'NoneType' object has no attribute 'get'
2025-12-04 16:30:54,434 - INFO - ⚠️  No transcript available
2025-12-04 16:30:55,971 - INFO - [7967/1886] Fetching: NORFOLK SOUTHERN RAILWAY COMPANY v. TIMOTHY SORRELL (2006/05-746)
2025-12-04 16:30:57,806 - INFO - ✅ Success (669 turns, 69,951 chars)
2025-12-04 16:30:59,349 - INFO - [7968/1886] Fetching: ALBERTO R. GONZALES, ATTORNEY GENERAL v. LUIS ALEXANDER DUENAS-ALVAREZ (2006/05-1629)
2025-12-04 16:31:01,056 - INFO - ✅ Success (550 turns, 67,480 chars)
2025-12-04 16:31:02,591 - INFO - [7969/1886] Fetching: JONES v.  BOCK, WARDEN, et al. (2006/05-7058)
2025-12-04 16:31:04,833 - INFO - ✅ Success (565 turns, 68,366 chars)
2025-12-04 16:31:06,372 - INFO - [7970/1886] Fetching: PAT OSBORN v. BARRY HALEY, et al. (2006/05-593)
2025-12-04 16:31:08,827 - ERROR - Unexpected error for 2006/05-593: 'NoneType' object has no attribute 'get'
2025-12-04 16:31:08,828 - INFO - ⚠️  No transcript available
2025-12-04 16:31:10,370 - INFO - [7971/1886] Fetching: JOHN CUNNINGHAM v. CALIFORNIA (2006/05-6551)
2025-12-04 16:31:12,556 - INFO - ✅ Success (576 turns, 67,283 chars)
2025-12-04 16:31:14,098 - INFO - [7972/1886] Fetching: WEYERHAEUSER COMPANY v. ROSS-SIMMONS HARDWOOD LUMBER COMPANY, INC. (2006/05-381)
2025-12-04 16:31:15,882 - INFO - ✅ Success (473 turns, 66,758 chars)
2025-12-04 16:31:17,422 - INFO - [7973/1886] Fetching: GARY LAWRENCE v. FLORIDA (2006/05-8820)
2025-12-04 16:31:19,231 - INFO - ✅ Success (520 turns, 63,372 chars)
2025-12-04 16:31:19,268 - INFO - 📊 Progress saved: 200 transcripts
2025-12-04 16:31:20,771 - INFO - [7974/1886] Fetching: PHILIP MORRIS USA v. MAYOLA WILLIAMS, PERSONAL REPRESENTATIVE OF THE ESTATE OF JESSE D. WILLIAMS, DECEASED (2006/05-1256)
2025-12-04 16:31:22,468 - INFO - ✅ Success (535 turns, 66,117 chars)
2025-12-04 16:31:24,010 - INFO - [7975/1886] Fetching: ROBERT LOUIS MARRAMA v. CITIZENS BANK OF MASSACHUSETTS, et al. (2006/05-996)
2025-12-04 16:31:25,939 - INFO - ✅ Success (619 turns, 67,946 chars)
2025-12-04 16:31:27,472 - INFO - [7976/1886] Fetching: ANDRE WALLACE v. KRISTEN KATO et al. (2006/05-1240)
2025-12-04 16:31:29,224 - INFO - ✅ Success (526 turns, 64,675 chars)
2025-12-04 16:31:30,768 - INFO - [7977/1886] Fetching: GLEN WHORTON, DIRECTOR, NEVADA DEPARTMENT OF CORRECTIONS v. MARVIN HOWARD BOCKTING (2006/05-595)
2025-12-04 16:31:33,025 - INFO - ✅ Success (440 turns, 58,119 chars)
2025-12-04 16:31:34,578 - INFO - [7978/1886] Fetching: SINOCHEM INTERNATIONAL CO., LTD. v. MALAYSIA INTERNATIONAL SHIPPING CORPORATION (2006/06-102)
2025-12-04 16:31:37,031 - ERROR - Unexpected error for 2006/06-102: 'NoneType' object has no attribute 'get'
2025-12-04 16:31:37,033 - INFO - ⚠️  No transcript available
2025-12-04 16:31:38,570 - INFO - [7979/1886] Fetching: KEITH LANCE, et al. v. MIKE COFFMAN, COLORADO SECRETARY OF STATE (2006/06-641)
2025-12-04 16:31:39,059 - INFO - ⚠️  No transcript available
2025-12-04 16:31:40,606 - INFO - [7980/1886] Fetching: TRAVELERS CASUALTY & SURETY COMPANY OF AMERICA v. PACIFIC GAS AND ELECTRIC COMPANY (2006/05-1429)
2025-12-04 16:31:42,572 - INFO - ✅ Success (686 turns, 75,002 chars)
2025-12-04 16:31:44,116 - INFO - [7981/1886] Fetching: ROCKWELL INTERNATIONAL CORP., et al. v. UNITED STATES et al. (2006/05-1272)
2025-12-04 16:31:46,132 - INFO - ✅ Success (551 turns, 70,010 chars)
2025-12-04 16:31:47,677 - INFO - [7982/1886] Fetching: ALICIA G. LIMTIACO, ATTORNEY GENERAL OF GUAM v. FELIX P. CAMACHO, GOVERNOR OF GUAM (2006/06-116)
2025-12-04 16:31:49,359 - INFO - ✅ Success (535 turns, 67,051 chars)
2025-12-04 16:31:50,895 - INFO - [7983/1886] Fetching: MASSACHUSETTS, et al. v. ENVIRONMENTAL PROTECTION AGENCY et al. (2006/05-1120)
2025-12-04 16:31:52,834 - INFO - ✅ Success (570 turns, 68,642 chars)
2025-12-04 16:31:54,372 - INFO - [7984/1886] Fetching: ENVIRONMENTAL DEFENSE, et al. v. DUKE ENERGY CORPORATION, et al. (2006/05-848)
2025-12-04 16:31:56,156 - INFO - ✅ Success (621 turns, 69,815 chars)
2025-12-04 16:31:57,702 - INFO - [7985/1886] Fetching: LINDA A. WATTERS, COMMISSIONER, MICHIGAN OFFICE OF INSURANCE AND FINANCIAL SERVICES v. WACHOVIA BANK, N. A., et al. (2006/05-1342)
2025-12-04 16:31:59,559 - ERROR - Unexpected error for 2006/05-1342: 'NoneType' object has no attribute 'get'
2025-12-04 16:31:59,559 - INFO - ⚠️  No transcript available
2025-12-04 16:32:01,090 - INFO - [7986/1886] Fetching: GLOBAL CROSSING TELECOMMUNICATIONS, INC. v. METROPHONES TELECOMMUNICATIONS, INC. (2006/05-705)
2025-12-04 16:32:03,247 - INFO - ✅ Success (591 turns, 70,807 chars)
2025-12-04 16:32:03,285 - INFO - 📊 Progress saved: 210 transcripts
2025-12-04 16:32:04,790 - INFO - [7987/1886] Fetching: ZUNI PUBLIC SCHOOL DISTRICT NO. 89, et al. v. DEPARTMENT OF EDUCATION, et al. (2006/05-1508)
2025-12-04 16:32:07,484 - INFO - ✅ Success (617 turns, 68,743 chars)
2025-12-04 16:32:09,030 - INFO - [7988/1886] Fetching: ALBERTO R. GONZALES, ATTORNEY GENERAL v. LEROY CARHART, et al. (2006/05-380)
2025-12-04 16:32:11,698 - INFO - ✅ Success (513 turns, 67,455 chars)
2025-12-04 16:32:13,238 - INFO - [7989/1886] Fetching: ALPHONSO JAMES, JR. v. UNITED STATES (2006/05-9264)
2025-12-04 16:32:15,309 - INFO - ✅ Success (521 turns, 65,993 chars)
2025-12-04 16:32:16,838 - INFO - [7990/1886] Fetching: JALIL ABDUL-KABIR, FKA TED CALVIN COLE v. NATHANIEL QUARTERMAN, DIRECTOR, TEXAS DEPARTMENT OF CRIMINAL JUSTICE, CORRECTIONAL INSTITUTIONS DIVISION (2006/05-11284)
2025-12-04 16:32:18,399 - INFO - ✅ Success (450 turns, 58,971 chars)
2025-12-04 16:32:19,932 - INFO - [7991/1886] Fetching: BRENT RAY BREWER v. NATHANIEL QUARTERMAN, DIRECTOR, TEXAS DEPARTMENT OF CRIMINAL JUSTICE, CORRECTIONAL INSTITUTIONS DIVISION (2006/05-11287)
2025-12-04 16:32:20,379 - INFO - ⚠️  No transcript available
2025-12-04 16:32:21,915 - INFO - [7992/1886] Fetching: LAROYCE LATHAIR SMITH v. TEXAS (2006/05-11304)
2025-12-04 16:32:23,779 - INFO - ✅ Success (546 turns, 68,559 chars)
2025-12-04 16:32:25,315 - INFO - [7993/1886] Fetching: UNITED HAULERS ASSOCIATION, INC., et al. v. ONEIDA-HERKIMER SOLID WASTE MANAGEMENT AUTHORITY, et al. (2006/05-1345)
2025-12-04 16:32:27,229 - INFO - ✅ Success (625 turns, 67,566 chars)
2025-12-04 16:32:28,761 - INFO - [7994/1886] Fetching: TIMOTHY SCOTT v. VICTOR HARRIS (2006/05-1631)
2025-12-04 16:32:30,776 - INFO - ✅ Success (660 turns, 68,367 chars)
2025-12-04 16:32:32,303 - INFO - [7995/1886] Fetching: KSR INTERNATIONAL CO. v. TELEFLEX INC. et al. (2006/04-1350)
2025-12-04 16:32:34,221 - INFO - ✅ Success (602 turns, 76,418 chars)
2025-12-04 16:32:35,762 - INFO - [7996/1886] Fetching: EC TERM OF YEARS TRUST v. UNITED STATES (2006/05-1541)
2025-12-04 16:32:37,752 - INFO - ✅ Success (356 turns, 45,922 chars)
2025-12-04 16:32:39,297 - INFO - [7997/1886] Fetching: MICROSOFT CORPORATION v. AT&T CORP. (2006/05-1056)
2025-12-04 16:32:41,167 - INFO - ✅ Success (607 turns, 66,724 chars)
2025-12-04 16:32:41,203 - INFO - 📊 Progress saved: 220 transcripts
2025-12-04 16:32:42,709 - INFO - [7998/1886] Fetching: DORA B. SCHRIRO, DIRECTOR, ARIZONA DEPARTMENT OF CORRECTIONS v. JEFFREY TIMOTHY LANDRIGAN, AKA BILLY PATRICK WAYNE HILL (2006/05-1575)
2025-12-04 16:32:44,515 - ERROR - Unexpected error for 2006/05-1575: 'NoneType' object has no attribute 'get'
2025-12-04 16:32:44,516 - INFO - ⚠️  No transcript available
2025-12-04 16:32:44,546 - INFO - 📊 Progress saved: 220 transcripts
2025-12-04 16:32:46,052 - INFO - [7999/1886] Fetching: JOHN F. HINCK, ET UX. v. UNITED STATES (2006/06-376)
2025-12-04 16:32:47,947 - INFO - ✅ Success (566 turns, 63,862 chars)
2025-12-04 16:32:49,488 - INFO - [8000/1886] Fetching: OFFICE OF SENATOR MARK DAYTON v. BRAD HANSON (2006/06-618)
2025-12-04 16:32:51,523 - INFO - ✅ Success (636 turns, 72,257 chars)
2025-12-04 16:32:53,059 - INFO - [8001/1886] Fetching: JACOB WINKELMAN, A MINOR, BY AND THROUGH HIS PARENTS AND LEGAL GUARDIANS, JEFF AND SANDEE WINKELMAN, et al. v. PARMA CITY SCHOOL DISTRICT (2006/05-983)
2025-12-04 16:32:54,828 - INFO - ✅ Success (598 turns, 71,832 chars)
2025-12-04 16:32:56,376 - INFO - [8002/1886] Fetching: BELL ATLANTIC CORPORATION, et al. v. WILLIAM TWOMBLY, et al. (2006/05-1126)
2025-12-04 16:32:58,431 - INFO - ✅ Success (546 turns, 66,681 chars)
2025-12-04 16:32:59,968 - INFO - [8003/1886] Fetching: DON ROPER, SUPERINTENDENT, POTOSI CORRECTIONAL CENTER v. WILLIAM WEAVER (2006/06-313)
2025-12-04 16:33:03,478 - INFO - ✅ Success (659 turns, 68,409 chars)
2025-12-04 16:33:05,013 - INFO - [8004/1886] Fetching: LOS ANGELES COUNTY, CALIFORNIA, et al. v. MAX RETTELE, et al. (2006/06-605)
2025-12-04 16:33:05,511 - INFO - ⚠️  No transcript available
2025-12-04 16:33:07,039 - INFO - [8005/1886] Fetching: LILLY M. LEDBETTER v. THE GOODYEAR TIRE & RUBBER COMPANY, INC. (2006/05-1074)
2025-12-04 16:33:08,765 - INFO - ✅ Success (508 turns, 70,039 chars)
2025-12-04 16:33:10,306 - INFO - [8006/1886] Fetching: JEFFREY UTTECHT, SUPERINTENDENT, WASHINGTON STATE PENITENTIARY v. CAL COBURN BROWN (2006/06-413)
2025-12-04 16:33:12,226 - INFO - ✅ Success (610 turns, 68,000 chars)
2025-12-04 16:33:13,764 - INFO - [8007/1886] Fetching: SAFECO INSURANCE COMPANY OF AMERICA, et al. v. CHARLES BURR, et al. (2006/06-84)
2025-12-04 16:33:15,402 - INFO - ✅ Success (501 turns, 62,313 chars)
2025-12-04 16:33:16,940 - INFO - [8008/1886] Fetching: MICHAEL W. SOLE, SECRETARY, FLORIDA DEPARTMENT OF ENVIRONMENTAL PROTECTION, et al. v. T. A. WYNER, et al. (2006/06-531)
2025-12-04 16:33:18,935 - INFO - ✅ Success (656 turns, 72,937 chars)
2025-12-04 16:33:20,474 - INFO - [8009/1886] Fetching: MARIO CLAIBORNE v. UNITED STATES (2006/06-5618)
2025-12-04 16:33:22,570 - INFO - ✅ Success (443 turns, 60,727 chars)
2025-12-04 16:33:22,600 - INFO - 📊 Progress saved: 230 transcripts
2025-12-04 16:33:24,105 - INFO - [8010/1886] Fetching: WILLIAM ERICKSON v. BARRY J. PARDUS et al. (2006/06-7317)
2025-12-04 16:33:24,588 - INFO - ⚠️  No transcript available
2025-12-04 16:33:24,613 - INFO - 📊 Progress saved: 230 transcripts
2025-12-04 16:33:26,119 - INFO - [8011/1886] Fetching: JEFFREY H. BECK, LIQUIDATING TRUSTEE OF THE ESTATES OF CROWN VANTAGE, INC. AND CROWN PAPER COMPANY v. PACE INTERNATIONAL UNION et al. (2006/05-1448)
2025-12-04 16:33:27,929 - INFO - ✅ Success (527 turns, 65,125 chars)
2025-12-04 16:33:29,468 - INFO - [8012/1886] Fetching: JOHN FRANCIS FRY v. CHERYL K. PLILER, WARDEN (2006/06-5247)
2025-12-04 16:33:31,258 - ERROR - Unexpected error for 2006/06-5247: 'NoneType' object has no attribute 'get'
2025-12-04 16:33:31,258 - INFO - ⚠️  No transcript available
2025-12-04 16:33:32,792 - INFO - [8013/1886] Fetching: UNITED STATES v. ATLANTIC RESEARCH CORPORATION (2006/06-562)
2025-12-04 16:33:34,417 - INFO - ✅ Success (533 turns, 68,715 chars)
2025-12-04 16:33:35,958 - INFO - [8014/1886] Fetching: LISA WATSON, et al. v. PHILIP MORRIS COMPANIES, INC., et al. (2006/05-1284)
2025-12-04 16:33:37,635 - INFO - ✅ Success (534 turns, 64,698 chars)
2025-12-04 16:33:39,169 - INFO - [8015/1886] Fetching: LONG ISLAND CARE AT HOME, LTD., et al. v. EVELYN COKE (2006/06-593)
2025-12-04 16:33:40,691 - INFO - ✅ Success (504 turns, 62,335 chars)
2025-12-04 16:33:42,240 - INFO - [8016/1886] Fetching: GARY DAVENPORT, et al. v. WASHINGTON EDUCATION ASSOCIATION (2006/05-1589)
2025-12-04 16:33:44,045 - INFO - ✅ Success (516 turns, 66,649 chars)
2025-12-04 16:33:45,579 - INFO - [8017/1886] Fetching: THE PERMANENT MISSION OF INDIA TO THE UNITED NATIONS, et al. v. CITY OF NEW YORK, NEW YORK (2006/06-134)
2025-12-04 16:33:47,889 - INFO - ✅ Success (613 turns, 65,482 chars)
2025-12-04 16:33:49,433 - INFO - [8018/1886] Fetching: KEITH BOWLES v. HARRY RUSSELL, WARDEN (2006/06-5306)
2025-12-04 16:33:51,294 - INFO - ✅ Success (629 turns, 69,554 chars)
2025-12-04 16:33:52,841 - INFO - [8019/1886] Fetching: POWEREX CORP. v. RELIANT ENERGY SERVICES, INC., et al. (2006/05-85)
2025-12-04 16:33:54,755 - ERROR - Unexpected error for 2006/05-85: 'NoneType' object has no attribute 'get'
2025-12-04 16:33:54,756 - INFO - ⚠️  No transcript available
2025-12-04 16:33:56,304 - INFO - [8020/1886] Fetching: BRUCE EDWARD BRENDLIN v. CALIFORNIA (2006/06-8120)
2025-12-04 16:33:58,175 - INFO - ✅ Success (628 turns, 70,978 chars)
2025-12-04 16:33:59,716 - INFO - [8021/1886] Fetching: CREDIT SUISSE SECURITIES (USA) LLC, FKA CREDIT SUISSE FIRST BOSTON LLC, et al. v. GLEN BILLING et al. (2006/05-1157)
2025-12-04 16:34:01,592 - INFO - ✅ Success (665 turns, 73,538 chars)
2025-12-04 16:34:03,125 - INFO - [8022/1886] Fetching: TENNESSEE SECONDARY SCHOOL ATHLETIC ASSOCIATION v. BRENTWOOD ACADEMY (2006/06-427)
2025-12-04 16:34:05,733 - INFO - ✅ Success (575 turns, 67,800 chars)
2025-12-04 16:34:05,762 - INFO - 📊 Progress saved: 240 transcripts
2025-12-04 16:34:07,266 - INFO - [8023/1886] Fetching: TELLABS, INC., et al. v. MAKOR ISSUES & RIGHTS, LTD., et al. (2006/06-484)
2025-12-04 16:34:09,048 - INFO - ✅ Success (601 turns, 67,804 chars)
2025-12-04 16:34:10,600 - INFO - [8024/1886] Fetching: VICTOR A. RITA v. UNITED STATES (2006/06-5754)
2025-12-04 16:34:12,434 - INFO - ✅ Success (491 turns, 65,008 chars)
2025-12-04 16:34:13,981 - INFO - [8025/1886] Fetching: DEBORAH MORSE, et al. v. JOSEPH FREDERICK (2006/06-278)
2025-12-04 16:34:16,173 - INFO - ✅ Success (675 turns, 70,839 chars)
2025-12-04 16:34:17,732 - INFO - [8026/1886] Fetching: FEDERAL ELECTION COMMISSION v. WISCONSIN RIGHT TO LIFE, INC. (2006/06-969)
2025-12-04 16:34:19,669 - INFO - ✅ Success (669 turns, 71,155 chars)
2025-12-04 16:34:21,223 - INFO - [8027/1886] Fetching: CHARLES WILKIE, et al. v. HARVEY FRANK ROBBINS (2006/06-219)
2025-12-04 16:34:23,438 - INFO - ✅ Success (685 turns, 73,155 chars)
2025-12-04 16:34:24,974 - INFO - [8028/1886] Fetching: JAY F. HEIN, DIRECTOR, WHITE HOUSE OFFICE OF FAITH-BASED AND COMMUNITY INITIATIVES, et al. v. FREEDOM FROM RELIGION FOUNDATION, INC., et al. (2006/06-157)
2025-12-04 16:34:27,129 - INFO - ✅ Success (659 turns, 74,414 chars)
2025-12-04 16:34:28,681 - INFO - [8029/1886] Fetching: NATIONAL ASSOCIATION OF HOME BUILDERS, et al. v. DEFENDERS OF WILDLIFE et al. (2006/06-340)
2025-12-04 16:34:30,496 - INFO - ✅ Success (547 turns, 70,922 chars)
2025-12-04 16:34:32,050 - INFO - [8030/1886] Fetching: PARENTS INVOLVED IN COMMUNITY SCHOOLS v. SEATTLE SCHOOL DISTRICT NO. 1 et al. (2006/05-908)
2025-12-04 16:34:33,963 - INFO - ✅ Success (580 turns, 66,935 chars)
2025-12-04 16:34:35,500 - INFO - [8031/1886] Fetching: LEEGIN CREATIVE LEATHER PRODUCTS, INC. v. PSKS, INC., DBA KAY'S KLOSET . . . KAY'S SHOES (2006/06-480)
2025-12-04 16:34:37,252 - INFO - ✅ Success (539 turns, 68,305 chars)
2025-12-04 16:34:38,801 - INFO - [8032/1886] Fetching: SCOTT LOUIS PANETTI v. NATHANIEL QUARTERMAN, DIRECTOR, TEXAS DEPARTMENT OF CRIMINAL JUSTICE, CORRECTIONAL INSTITUTIONS DIVISION (2006/06-6407)
2025-12-04 16:34:40,537 - INFO - ✅ Success (557 turns, 65,937 chars)
2025-12-04 16:34:40,585 - INFO - 📊 Progress saved: 250 transcripts
2025-12-04 16:34:42,090 - INFO - [8033/1886] Fetching: BOARD OF EDUCATION OF THE CITY SCHOOL DISTRICT OF THE CITY OF NEW YORK v. TOM F., ON BEHALF OF GILBERT F., A MINOR CHILD (2007/06-637)
2025-12-04 16:34:43,708 - INFO - ✅ Success (530 turns, 69,033 chars)
2025-12-04 16:34:45,249 - INFO - [8034/1886] Fetching: RICHARD F. ALLEN, COMMISSIONER, ALABAMA DEPARTMENT OF CORRECTIONS v. DANIEL SIEBERT (2007/06-1680)
2025-12-04 16:34:45,734 - INFO - ⚠️  No transcript available
2025-12-04 16:34:47,271 - INFO - [8035/1886] Fetching: CSX TRANSPORTATION, INC. v. GEORGIA STATE BOARD OF EQUALIZATION ET AL (2007/06-1287)
2025-12-04 16:34:49,233 - ERROR - Unexpected error for 2007/06-1287: 'NoneType' object has no attribute 'get'
2025-12-04 16:34:49,233 - INFO - ⚠️  No transcript available
2025-12-04 16:34:50,773 - INFO - [8036/1886] Fetching: JAMES D. LOGAN v. UNITED STATES (2007/06-6911)
2025-12-04 16:34:52,545 - INFO - ✅ Success (358 turns, 43,853 chars)
2025-12-04 16:34:54,098 - INFO - [8037/1886] Fetching: BRIAN MICHAEL GALL v. UNITED STATES (2007/06-7949)
2025-12-04 16:34:55,834 - INFO - ✅ Success (542 turns, 68,948 chars)
2025-12-04 16:34:57,388 - INFO - [8038/1886] Fetching: MICHAEL A. WATSON v. UNITED STATES (2007/06-571)
2025-12-04 16:34:59,793 - INFO - ✅ Success (554 turns, 61,869 chars)
2025-12-04 16:35:01,329 - INFO - [8039/1886] Fetching: DERRICK KIMBROUGH v. UNITED STATES (2007/06-6330)
2025-12-04 16:35:03,311 - INFO - ✅ Success (440 turns, 63,147 chars)
2025-12-04 16:35:04,848 - INFO - [8040/1886] Fetching: AVRON J. ARAVE, WARDEN v. MAXWELL HOFFMAN (2007/07-110)
2025-12-04 16:35:05,356 - INFO - ⚠️  No transcript available
2025-12-04 16:35:06,902 - INFO - [8041/1886] Fetching: RANDALL WRIGHT, SHERIFF, SHAWANO COUNTY, WISCONSIN v. JOSEPH L. VAN PATTEN (2007/07-212)
2025-12-04 16:35:07,521 - INFO - ⚠️  No transcript available
2025-12-04 16:35:09,062 - INFO - [8042/1886] Fetching: JOHN R. SAND & GRAVEL COMPANY v. UNITED STATES (2007/06-1164)
2025-12-04 16:35:10,664 - INFO - ✅ Success (225 turns, 58,582 chars)
2025-12-04 16:35:12,204 - INFO - [8043/1886] Fetching: STONERIDGE INVESTMENT PARTNERS, LLC v. SCIENTIFIC-ATLANTA, INC., ET AL (2007/06-43)
2025-12-04 16:35:14,772 - INFO - ✅ Success (696 turns, 73,033 chars)
2025-12-04 16:35:16,312 - INFO - [8044/1886] Fetching: MICHAEL J. KNIGHT, TRUSTEE OF THE WILLIAM L. RUDKIN TESTAMENTARY TRUST v. COMMISSIONER OF INTERNAL REVENUE (2007/06-1286)
2025-12-04 16:35:18,205 - INFO - ✅ Success (613 turns, 67,623 chars)
2025-12-04 16:35:19,764 - INFO - [8045/1886] Fetching: NEW YORK STATE BOARD OF ELECTIONS, et al. v. MARGARITA LOPEZ TORRES ET AL (2007/06-766)
2025-12-04 16:35:21,594 - INFO - ✅ Success (505 turns, 67,037 chars)
2025-12-04 16:35:23,144 - INFO - [8046/1886] Fetching: ABDUS-SHAHID M. S. ALI v. FEDERAL BUREAU OF PRISONS ET AL (2007/06-9130)
2025-12-04 16:35:24,892 - INFO - ✅ Success (491 turns, 69,718 chars)
2025-12-04 16:35:24,923 - INFO - 📊 Progress saved: 260 transcripts
2025-12-04 16:35:26,429 - INFO - [8047/1886] Fetching: JAMES LARUE v. DEWOLFF, BOBERG & ASSOCIATES, INC., ET AL (2007/06-856)
2025-12-04 16:35:28,723 - INFO - ✅ Success (644 turns, 68,834 chars)
2025-12-04 16:35:30,264 - INFO - [8048/1886] Fetching: STEPHEN DANFORTH v. MINNESOTA (2007/06-8273)
2025-12-04 16:35:32,051 - INFO - ✅ Success (541 turns, 67,139 chars)
2025-12-04 16:35:33,603 - INFO - [8049/1886] Fetching: DONNA S. RIEGEL, INDIVIDUALLY AND AS ADMINISTRATOR OF THE ESTATE OF CHARLES R. RIEGEL v. MEDTRONIC, INC. (2007/06-179)
2025-12-04 16:35:36,110 - INFO - ✅ Success (580 turns, 65,482 chars)
2025-12-04 16:35:37,647 - INFO - [8050/1886] Fetching: ARNOLD M. PRESTON v. ALEX E. FERRER (2007/06-1463)
2025-12-04 16:35:40,175 - INFO - ✅ Success (684 turns, 72,587 chars)
2025-12-04 16:35:41,706 - INFO - [8051/1886] Fetching: G. STEVEN ROWE, ATTORNEY GENERAL OF MAINE v. NEW HAMPSHIRE MOTOR TRANSPORT ASSOCIATION, et al. (2007/06-457)
2025-12-04 16:35:43,491 - ERROR - Unexpected error for 2007/06-457: 'NoneType' object has no attribute 'get'
2025-12-04 16:35:43,491 - INFO - ⚠️  No transcript available
2025-12-04 16:35:45,029 - INFO - [8052/1886] Fetching: SPRINT/UNITED MANAGEMENT COMPANY v. ELLEN MENDELSOHN (2007/06-1221)
2025-12-04 16:35:47,110 - INFO - ✅ Success (765 turns, 75,323 chars)
2025-12-04 16:35:48,654 - INFO - [8053/1886] Fetching: FEDERAL EXPRESS CORPORATION v. PAUL HOLOWECKI, ET AL (2007/06-1322)
2025-12-04 16:35:50,662 - INFO - ✅ Success (699 turns, 70,158 chars)
2025-12-04 16:35:52,215 - INFO - [8054/1886] Fetching: MICHAEL H. BOULWARE v. UNITED STATES (2007/06-1509)
2025-12-04 16:35:54,039 - INFO - ✅ Success (624 turns, 71,358 chars)
2025-12-04 16:35:55,582 - INFO - [8055/1886] Fetching: WARNER-LAMBERT CO., LLC, et al. v. KIMBERLY KENT et al. (2007/06-1498)
2025-12-04 16:35:57,620 - INFO - ✅ Success (529 turns, 67,320 chars)
2025-12-04 16:35:59,196 - INFO - [8056/1886] Fetching: WASHINGTON STATE GRANGE v. WASHINGTON STATE REPUBLICAN PARTY, et al. (2007/06-713)
2025-12-04 16:36:01,263 - INFO - ✅ Success (482 turns, 61,499 chars)
2025-12-04 16:36:02,815 - INFO - [8057/1886] Fetching: ALLEN SNYDER v. LOUISIANA (2007/06-10119)
2025-12-04 16:36:04,818 - INFO - ✅ Success (774 turns, 73,527 chars)
2025-12-04 16:36:04,864 - INFO - 📊 Progress saved: 270 transcripts
2025-12-04 16:36:06,371 - INFO - [8058/1886] Fetching: JOSE ERNESTO MEDELLIN v. TEXAS (2007/06-984)
2025-12-04 16:36:08,935 - INFO - ✅ Success (904 turns, 104,362 chars)
2025-12-04 16:36:10,482 - INFO - [8059/1886] Fetching: HALL STREET ASSOCIATES, L.L.C. v. MATTEL, INC (2007/06-989)
2025-12-04 16:36:12,741 - INFO - ✅ Success (767 turns, 80,815 chars)
2025-12-04 16:36:14,282 - INFO - [8060/1886] Fetching: STATE OF NEW JERSEY v. STATE OF DELAWARE (2007/134 ORIG)
2025-12-04 16:36:14,656 - INFO - ⚠️  No transcript available
2025-12-04 16:36:16,208 - INFO - [8061/1886] Fetching: UNITED STATES v. CLINTWOOD ELKHORN MINING COMPANY ET AL (2007/07-308)
2025-12-04 16:36:17,830 - INFO - ✅ Success (532 turns, 66,313 chars)
2025-12-04 16:36:19,373 - INFO - [8062/1886] Fetching: MEADWESTVACO CORPORATION, SUCCESSOR IN INTEREST TO THE MEAD CORPORATION v. ILLINOIS DEPARTMENT OF REVENUE ET AL (2007/06-1413)
2025-12-04 16:36:21,532 - INFO - ✅ Success (617 turns, 68,163 chars)
2025-12-04 16:36:23,085 - INFO - [8063/1886] Fetching: RALPH BAZE AND THOMAS C. BOWLING v. JOHN D. REES, COMMISSIONER, KENTUCKY DEPARTMENT OF CORRECTIONS, ET AL (2007/07-5439)
2025-12-04 16:36:25,116 - INFO - ✅ Success (545 turns, 70,354 chars)
2025-12-04 16:36:26,660 - INFO - [8064/1886] Fetching: KEITH LAVON BURGESS v. UNITED STATES (2007/06-11429)
2025-12-04 16:36:28,112 - INFO - ✅ Success (359 turns, 44,954 chars)
2025-12-04 16:36:29,664 - INFO - [8065/1886] Fetching: LARRY BEGAY v. UNITED STATES (2007/06-11543)
2025-12-04 16:36:31,424 - INFO - ✅ Success (550 turns, 62,820 chars)
2025-12-04 16:36:32,979 - INFO - [8066/1886] Fetching: VIRGINIA v. DAVID LEE MOORE (2007/06-1082)
2025-12-04 16:36:34,945 - INFO - ✅ Success (622 turns, 73,566 chars)
2025-12-04 16:36:36,495 - INFO - [8067/1886] Fetching: WILLIAM CRAWFORD, et al., Petitioners v. MARION COUNTY ELECTION BOARD et al. (2007/07-21)
2025-12-04 16:36:38,644 - INFO - ✅ Success (650 turns, 79,004 chars)
2025-12-04 16:36:40,185 - INFO - [8068/1886] Fetching: HOMERO GONZALEZ v. UNITED STATES (2007/06-11612)
2025-12-04 16:36:41,630 - INFO - ✅ Success (389 turns, 52,320 chars)
2025-12-04 16:36:41,669 - INFO - 📊 Progress saved: 280 transcripts
2025-12-04 16:36:43,172 - INFO - [8069/1886] Fetching: UNITED STATES v. AHMED RESSAM (2007/07-455)
2025-12-04 16:36:45,316 - INFO - ✅ Success (317 turns, 38,071 chars)
2025-12-04 16:36:46,863 - INFO - [8070/1886] Fetching: UNITED STATES v. MICHAEL WILLIAMS (2007/06-694)
2025-12-04 16:36:48,504 - INFO - ✅ Success (573 turns, 67,509 chars)
2025-12-04 16:36:50,050 - INFO - [8071/1886] Fetching: DEPARTMENT OF REVENUE OF KENTUCKY, et al. v. GEORGE W. DAVIS, ET UX (2007/06-666)
2025-12-04 16:36:51,820 - INFO - ✅ Success (627 turns, 70,805 chars)
2025-12-04 16:36:53,367 - INFO - [8072/1886] Fetching: UNITED STATES v. GINO RODRIQUEZ (2007/06-1646)
2025-12-04 16:36:54,968 - INFO - ✅ Success (470 turns, 69,775 chars)
2025-12-04 16:36:56,517 - INFO - [8073/1886] Fetching: BOB RILEY, GOVERNOR OF ALABAMA v. YVONNE KENNEDY ET AL (2007/07-77)
2025-12-04 16:36:58,391 - INFO - ✅ Success (605 turns, 74,744 chars)
2025-12-04 16:36:59,949 - INFO - [8074/1886] Fetching: CBOCS WEST, INC. v. HEDRICK G. HUMPHRIES (2007/06-1431)
2025-12-04 16:37:02,485 - INFO - ✅ Success (640 turns, 66,197 chars)
2025-12-04 16:37:04,032 - INFO - [8075/1886] Fetching: MYRNA GOMEZ-PEREZ v. JOHN E. POTTER, POSTMASTER GENERAL (2007/06-1321)
2025-12-04 16:37:06,231 - INFO - ✅ Success (561 turns, 71,369 chars)
2025-12-04 16:37:07,787 - INFO - [8076/1886] Fetching: UNITED STATES v. EFRAIN SANTOS AND BENEDICTO DIAZ (2007/06-1005)
2025-12-04 16:37:09,448 - INFO - ✅ Success (501 turns, 61,426 chars)
2025-12-04 16:37:11,004 - INFO - [8077/1886] Fetching: HUMBERTO FIDEL REGALADO CUELLAR v. UNITED STATES (2007/06-1456)
2025-12-04 16:37:13,061 - INFO - ✅ Success (649 turns, 69,930 chars)
2025-12-04 16:37:14,603 - INFO - [8078/1886] Fetching: RICHLIN SECURITY SERVICE COMPANY v. MICHAEL CHERTOFF, SECRETARY OF HOMELAND SECURITY (2007/06-1717)
2025-12-04 16:37:16,304 - INFO - ✅ Success (548 turns, 68,079 chars)
2025-12-04 16:37:16,355 - INFO - 📊 Progress saved: 290 transcripts
2025-12-04 16:37:17,861 - INFO - [8079/1886] Fetching: ANUP ENGQUIST v. OREGON DEPARTMENT OF AGRICULTURE, ET AL (2007/07-474)
2025-12-04 16:37:19,781 - INFO - ✅ Success (608 turns, 70,921 chars)
2025-12-04 16:37:21,360 - INFO - [8080/1886] Fetching: QUANTA COMPUTER, INC., et al. v. LG ELECTRONICS, INC. (2007/06-937)
2025-12-04 16:37:23,110 - INFO - ✅ Success (597 turns, 71,009 chars)
2025-12-04 16:37:24,668 - INFO - [8081/1886] Fetching: JOHN BRIDGE, et al. v. PHOENIX BOND & INDEMNITY CO. ET AL (2007/07-210)
2025-12-04 16:37:26,230 - INFO - ✅ Success (448 turns, 57,642 chars)
2025-12-04 16:37:27,776 - INFO - [8082/1886] Fetching: ALLISON ENGINE COMPANY, INC., et al. v. UNITED STATES ex rel. ROGER L. SANDERS AND ROGER L. THACKER (2007/07-214)
2025-12-04 16:37:30,276 - INFO - ✅ Success (617 turns, 70,604 chars)
2025-12-04 16:37:31,832 - INFO - [8083/1886] Fetching: MUNAF v. GEREN (2007/06-1666)
2025-12-04 16:37:34,045 - INFO - ✅ Success (730 turns, 81,004 chars)
2025-12-04 16:37:35,594 - INFO - [8084/1886] Fetching: IRIZARRY v. UNITED STATES (2007/06-7517)
2025-12-04 16:37:37,155 - INFO - ✅ Success (483 turns, 62,574 chars)
2025-12-04 16:37:38,705 - INFO - [8085/1886] Fetching: BOUMEDIENE v. BUSH (2007/06-1195)
2025-12-04 16:37:40,369 - ERROR - Unexpected error for 2007/06-1195: 'NoneType' object has no attribute 'get'
2025-12-04 16:37:40,370 - INFO - ⚠️  No transcript available
2025-12-04 16:37:41,926 - INFO - [8086/1886] Fetching: PHILIPPINES v. PIMENTEL (2007/06-1204)
2025-12-04 16:37:43,538 - INFO - ✅ Success (550 turns, 70,930 chars)
2025-12-04 16:37:45,109 - INFO - [8087/1886] Fetching: TAYLOR v. STURGELL (2007/07-371)
2025-12-04 16:37:47,066 - ERROR - Unexpected error for 2007/07-371: 'NoneType' object has no attribute 'get'
2025-12-04 16:37:47,066 - INFO - ⚠️  No transcript available
2025-12-04 16:37:48,616 - INFO - [8088/1886] Fetching: DADA v. MUKASEY (2007/06-1181)
2025-12-04 16:37:50,632 - INFO - ✅ Success (611 turns, 69,834 chars)
2025-12-04 16:37:52,189 - INFO - [8089/1886] Fetching: FLA. DEP'T OF REVENUE v. PICCADILLY CAFETERIAS, INC. (2007/07-312)
2025-12-04 16:37:54,919 - INFO - ✅ Success (683 turns, 72,944 chars)
2025-12-04 16:37:56,470 - INFO - [8090/1886] Fetching: CHAMBER OF COMMERCE OF THE UNITED STATES v. BROWN (2007/06-939)
2025-12-04 16:37:58,948 - INFO - ✅ Success (619 turns, 71,743 chars)
2025-12-04 16:37:58,994 - INFO - 📊 Progress saved: 300 transcripts
2025-12-04 16:38:00,504 - INFO - [8091/1886] Fetching: MEACHAM v. KNOLLS ATOMIC POWER LAB. (2007/06-1505)
2025-12-04 16:38:02,398 - INFO - ✅ Success (504 turns, 65,947 chars)
2025-12-04 16:38:03,955 - INFO - [8092/1886] Fetching: METRO. LIFE INS. CO. v. GLENN (2007/06-923)
2025-12-04 16:38:05,976 - INFO - ✅ Success (617 turns, 68,090 chars)
2025-12-04 16:38:07,536 - INFO - [8093/1886] Fetching: KY. RET. SYS. v. EEOC (2007/06-1037)
2025-12-04 16:38:09,251 - INFO - ✅ Success (525 turns, 65,238 chars)
2025-12-04 16:38:10,804 - INFO - [8094/1886] Fetching: INDIANA v. EDWARDS (2007/07-208)
2025-12-04 16:38:12,646 - INFO - ✅ Success (567 turns, 71,210 chars)
2025-12-04 16:38:14,199 - INFO - [8095/1886] Fetching: ROTHGERY v. GILLESPIE COUNTY (2007/07-440)
2025-12-04 16:38:16,284 - INFO - ✅ Success (625 turns, 69,721 chars)
2025-12-04 16:38:17,832 - INFO - [8096/1886] Fetching: GREENLAW v. UNITED STATES (2007/07-330)
2025-12-04 16:38:19,834 - INFO - ✅ Success (636 turns, 70,250 chars)
2025-12-04 16:38:21,388 - INFO - [8097/1886] Fetching: SPRINT COMMUNS. CO., L.P. v. APCC SERVS. (2007/07-552)
2025-12-04 16:38:23,773 - INFO - ✅ Success (656 turns, 75,681 chars)
2025-12-04 16:38:25,316 - INFO - [8098/1886] Fetching: PLAINS COMMERCE BANK v. LONG FAMILY LAND & CATTLE CO. (2007/07-411)
2025-12-04 16:38:27,250 - INFO - ✅ Success (575 turns, 67,463 chars)
2025-12-04 16:38:28,809 - INFO - [8099/1886] Fetching: GILES v. CALIFORNIA (2007/07-6053)
2025-12-04 16:38:30,725 - INFO - ✅ Success (526 turns, 59,543 chars)
2025-12-04 16:38:32,274 - INFO - [8100/1886] Fetching: KENNEDY v. LOUISIANA (2007/07-343)
2025-12-04 16:38:34,110 - INFO - ✅ Success (609 turns, 73,406 chars)
2025-12-04 16:38:34,157 - INFO - 📊 Progress saved: 310 transcripts
2025-12-04 16:38:35,658 - INFO - [8101/1886] Fetching: EXXON SHIPPING CO. v. BAKER (2007/07-219)
2025-12-04 16:38:37,667 - INFO - ✅ Success (860 turns, 102,826 chars)
2025-12-04 16:38:39,207 - INFO - [8102/1886] Fetching: MORGAN STANLEY CAPITAL GROUP INC. v. PUBLIC UTILITY DISTRICT NO. 1 OF SNOHOMISH COUNTY, WASHINGTON, et al. (2007/06-1457)
2025-12-04 16:38:40,960 - INFO - ✅ Success (538 turns, 66,574 chars)
2025-12-04 16:38:42,511 - INFO - [8103/1886] Fetching: DISTRICT OF COLUMBIA v. HELLER (2007/07-290)
2025-12-04 16:38:43,488 - INFO - ✅ Success (901 turns, 112,520 chars)
2025-12-04 16:38:45,045 - INFO - [8104/1886] Fetching: DAVIS v. FEC (2007/07-320)
2025-12-04 16:38:48,810 - INFO - ✅ Success (513 turns, 67,386 chars)
2025-12-04 16:38:50,373 - INFO - [8105/1886] Fetching: MEDELLIN v. TEXAS (2007/06-984)
2025-12-04 16:38:50,951 - INFO - ✅ Success (904 turns, 104,362 chars)
2025-12-04 16:38:52,498 - INFO - [8106/1886] Fetching: KLEIN & CO. FUTURES, INC. v. BD. OF TRADE (2007/06-1265)
2025-12-04 16:38:54,423 - INFO - ✅ Success (606 turns, 70,631 chars)
2025-12-04 16:38:55,968 - INFO - [8107/1886] Fetching: JAMES ERIC MOORE v. UNITED STATES (2008/07-10689)
2025-12-04 16:38:56,464 - INFO - ⚠️  No transcript available
2025-12-04 16:38:58,023 - INFO - [8108/1886] Fetching: JENNIFER BRUNNER, OHIO SECRETARY OF STATE v. OHIO REPUBLICAN PARTY et al. (2008/08A332)
2025-12-04 16:38:58,714 - INFO - ⚠️  No transcript available
2025-12-04 16:39:00,250 - INFO - [8109/1886] Fetching: DONALD C. WINTER, SECRETARY OF THE NAV., et al. v. NATURAL RESOURCES DEFENSE COUNCIL, INC., et al. (2008/07-1239)
2025-12-04 16:39:02,568 - INFO - ✅ Success (596 turns, 70,009 chars)
2025-12-04 16:39:04,116 - INFO - [8110/1886] Fetching: EDWARD NATHANIEL BELL v. LORETTA K. KELLY, WARDEN (2008/07-1223)
2025-12-04 16:39:05,996 - INFO - ✅ Success (612 turns, 68,203 chars)
2025-12-04 16:39:07,557 - INFO - [8111/1886] Fetching: ANTHONY HEDGPETH, WARDEN v. MICHAEL ROBERT PULIDO (2008/07-544)
2025-12-04 16:39:09,032 - ERROR - Unexpected error for 2008/07-544: 'NoneType' object has no attribute 'get'
2025-12-04 16:39:09,032 - INFO - ⚠️  No transcript available
2025-12-04 16:39:10,579 - INFO - [8112/1886] Fetching: ALTRIA GROUP, INC., et al. v. STEPHANIE GOOD et al. (2008/07-562)
2025-12-04 16:39:13,065 - ERROR - Unexpected error for 2008/07-562: 'NoneType' object has no attribute 'get'
2025-12-04 16:39:13,066 - INFO - ⚠️  No transcript available
2025-12-04 16:39:14,606 - INFO - [8113/1886] Fetching: CARLOS JIMENEZ v. NATHANIEL QUARTERMAN, DIRECTOR, TEXAS DEPARTMENT OF CRIMINAL JUSTICE, CORRECTIONAL INSTITUTIONS DIVISION (2008/07-6984)
2025-12-04 16:39:16,763 - INFO - ✅ Success (545 turns, 68,222 chars)
2025-12-04 16:39:18,322 - INFO - [8114/1886] Fetching: DEONDERY CHAMBERS v. UNITED STATES (2008/06-11206)
2025-12-04 16:39:20,045 - INFO - ✅ Success (507 turns, 57,468 chars)
2025-12-04 16:39:20,087 - INFO - 📊 Progress saved: 320 transcripts
2025-12-04 16:39:21,592 - INFO - [8115/1886] Fetching: BENNIE DEAN HERRING v. UNITED STATES (2008/07-513)
2025-12-04 16:39:24,853 - INFO - ✅ Success (724 turns, 79,140 chars)
2025-12-04 16:39:26,426 - INFO - [8116/1886] Fetching: OREGON v. THOMAS EUGENE ICE (2008/07-901)
2025-12-04 16:39:28,021 - INFO - ✅ Success (396 turns, 56,738 chars)
2025-12-04 16:39:29,568 - INFO - [8117/1886] Fetching: DOUG WADDINGTON, SUPERINTENDENT, WASHINGTON CORRECTIONS CENTER v. CESAR SARAUSAD (2008/07-772)
2025-12-04 16:39:31,272 - INFO - ✅ Success (559 turns, 68,047 chars)
2025-12-04 16:39:32,832 - INFO - [8118/1886] Fetching: DANIEL B. LOCKE, et al. v. EDWARD A. KARASS, STATE CONTROLLER, et al. (2008/07-610)
2025-12-04 16:39:35,136 - INFO - ✅ Success (495 turns, 65,984 chars)
2025-12-04 16:39:36,683 - INFO - [8119/1886] Fetching: CORDELL PEARSON, et al. v. AFTON CALLAHAN (2008/07-751)
2025-12-04 16:39:38,491 - INFO - ✅ Success (565 turns, 68,429 chars)
2025-12-04 16:39:40,048 - INFO - [8120/1886] Fetching: LISA FITZGERALD, et vir v. BARNSTABLE SCHOOL COMMITTEE et al. (2008/07-1125)
2025-12-04 16:39:41,762 - INFO - ✅ Success (536 turns, 69,467 chars)
2025-12-04 16:39:43,319 - INFO - [8121/1886] Fetching: STEVEN SPEARS v. UNITED STATES (2008/08-5721)
2025-12-04 16:39:43,823 - INFO - ⚠️  No transcript available
2025-12-04 16:39:45,362 - INFO - [8122/1886] Fetching: VICKY S. CRAWFORD v. METROPOLITAN GOVERNMENT OF NASHVILLE AND DAVIDSON COUNTY, TENNESSEE (2008/06-1595)
2025-12-04 16:39:47,130 - INFO - ✅ Success (638 turns, 67,193 chars)
2025-12-04 16:39:48,674 - INFO - [8123/1886] Fetching: KARI E. KENNEDY, EXECUTRIX OF THE ESTATE OF WILLIAM PATRICK KENNEDY, DECEASED v. PLAN ADMINISTRATOR FOR DUPONT SAVINGS AND INVESTMENT PLAN et al. (2008/07-636)
2025-12-04 16:39:50,396 - INFO - ✅ Success (616 turns, 69,752 chars)
2025-12-04 16:39:51,950 - INFO - [8124/1886] Fetching: UNITED STATES v. EURODIF S. A. et al. (2008/07-1059)
2025-12-04 16:39:53,571 - INFO - ✅ Success (510 turns, 67,820 chars)
2025-12-04 16:39:55,127 - INFO - [8125/1886] Fetching: ARIZONA v. LEMON MONTREA JOHNSON (2008/07-1122)
2025-12-04 16:39:58,061 - INFO - ✅ Success (669 turns, 76,030 chars)
2025-12-04 16:39:58,105 - INFO - 📊 Progress saved: 330 transcripts
2025-12-04 16:39:59,605 - INFO - [8126/1886] Fetching: JOHN VAN DE KAMP, et al. v. THOMAS LEE GOLDSTEIN (2008/07-854)
2025-12-04 16:40:01,504 - INFO - ✅ Success (507 turns, 62,668 chars)
2025-12-04 16:40:03,065 - INFO - [8127/1886] Fetching: LAWRENCE W. NELSON AKA ZIKEE v. UNITED STATES (2008/08-5657)
2025-12-04 16:40:03,597 - INFO - ⚠️  No transcript available
2025-12-04 16:40:05,155 - INFO - [8128/1886] Fetching: BEN YSURSA, IDAHO SECRETARY OF STATE, et al. v. POCATELLO EDUCATION ASSOCIATION et al. (2008/07-869)
2025-12-04 16:40:06,874 - INFO - ✅ Success (497 turns, 63,353 chars)
2025-12-04 16:40:08,418 - INFO - [8129/1886] Fetching: DONALD L. CARCIERI, GOVERNOR OF RHODE ISLAND, et al. v. KEN L. SALAZAR, SECRETARY OF THE INTERIOR, et al. (2008/07-526)
2025-12-04 16:40:10,164 - INFO - ✅ Success (615 turns, 70,449 chars)
2025-12-04 16:40:11,711 - INFO - [8130/1886] Fetching: UNITED STATES v. RANDY EDWARD HAYES (2008/07-608)
2025-12-04 16:40:13,476 - INFO - ✅ Success (569 turns, 64,548 chars)
2025-12-04 16:40:15,019 - INFO - [8131/1886] Fetching: PACIFIC BELL TELEPHONE COMPANY, DBA AT&T CALIFORNIA et al. v. LINKLINE COMMUNICATIONS, INC., et al. (2008/07-512)
2025-12-04 16:40:16,815 - INFO - ✅ Success (508 turns, 64,342 chars)
2025-12-04 16:40:18,361 - INFO - [8132/1886] Fetching: PLEASANT GROVE CITY, UTAH et al. v. SUMMUM (2008/07-665)
2025-12-04 16:40:20,606 - INFO - ✅ Success (741 turns, 80,770 chars)
2025-12-04 16:40:22,162 - INFO - [8133/1886] Fetching: PRISCILLA SUMMERS et al. v. EARTH ISLAND INSTITUTE et al. (2008/07-463)
2025-12-04 16:40:23,769 - INFO - ✅ Success (529 turns, 66,610 chars)
2025-12-04 16:40:25,317 - INFO - [8134/1886] Fetching: DANIEL GIRMAI NEGUSIE v. ERIC H. HOLDER, JR., ATTORNEY GENERAL (2008/07-499)
2025-12-04 16:40:27,212 - INFO - ✅ Success (580 turns, 64,185 chars)
2025-12-04 16:40:28,773 - INFO - [8135/1886] Fetching: WYETH v. DIANA LEVINE (2008/06-1249)
2025-12-04 16:40:30,464 - INFO - ✅ Success (504 turns, 65,343 chars)
2025-12-04 16:40:32,006 - INFO - [8136/1886] Fetching: GARY BARTLETT, EXECUTIVE DIRECTOR OF THE NORTH CAROLINA STATE BOARD OF ELECTIONS et al. v. DWIGHT STRICKLAND et al. (2008/07-689)
2025-12-04 16:40:34,094 - INFO - ✅ Success (518 turns, 67,776 chars)
2025-12-04 16:40:34,148 - INFO - 📊 Progress saved: 340 transcripts
2025-12-04 16:40:35,657 - INFO - [8137/1886] Fetching: BETTY E. VADEN v. DISCOVER BANK et al. (2008/07-773)
2025-12-04 16:40:37,801 - INFO - ✅ Success (640 turns, 72,528 chars)
2025-12-04 16:40:39,349 - INFO - [8138/1886] Fetching: VERMONT v. MICHAEL BRILLON (2008/08-88)
2025-12-04 16:40:41,477 - INFO - ✅ Success (504 turns, 64,726 chars)
2025-12-04 16:40:43,041 - INFO - [8139/1886] Fetching: STATE OF KANSAS, PLAINTIFF v. STATE OF COLORADO (2008/105 ORIG)
2025-12-04 16:40:43,414 - INFO - ⚠️  No transcript available
2025-12-04 16:40:44,978 - INFO - [8140/1886] Fetching: MICHAEL A. KNOWLES, WARDEN v. ALEXANDRE MIRZAYANCE (2008/07-1315)
2025-12-04 16:40:46,829 - INFO - ✅ Success (576 turns, 67,655 chars)
2025-12-04 16:40:48,378 - INFO - [8141/1886] Fetching: JAMES BENJAMIN PUCKETT v. UNITED STATES (2008/07-9712)
2025-12-04 16:40:51,210 - INFO - ✅ Success (612 turns, 70,951 chars)
2025-12-04 16:40:52,753 - INFO - [8142/1886] Fetching: MICHAEL RIVERA v. ILLINOIS (2008/07-9995)
2025-12-04 16:40:54,604 - INFO - ✅ Success (517 turns, 65,952 chars)
2025-12-04 16:40:56,166 - INFO - [8143/1886] Fetching: HAWAII et al. v. OFFICE OF HAWAIIAN AFFAIRS et al. (2008/07-1372)
2025-12-04 16:40:57,983 - INFO - ✅ Success (475 turns, 68,048 chars)
2025-12-04 16:40:59,539 - INFO - [8144/1886] Fetching: PHILIP MORRIS USA INC. v. MAYOLA WILLIAMS, PERSONAL REPRESENTATIVE OF THE ESTATE OF JESSE D. WILLIAMS, DECEASED (2008/07-1216)
2025-12-04 16:41:01,776 - INFO - ✅ Success (660 turns, 72,972 chars)
2025-12-04 16:41:03,332 - INFO - [8145/1886] Fetching: EDWARD JEROME HARBISON v. RICKY BELL, WARDEN (2008/07-8521)
2025-12-04 16:41:05,298 - INFO - ✅ Success (641 turns, 72,592 chars)
2025-12-04 16:41:06,842 - INFO - [8146/1886] Fetching: ENTERGY CORPORATION v. RIVERKEEPER, INC., et al. (2008/07-588)
2025-12-04 16:41:08,748 - INFO - ✅ Success (699 turns, 78,404 chars)
2025-12-04 16:41:10,313 - INFO - [8147/1886] Fetching: 14 PENN PLAZA LLC et al. v. STEVEN PYETT et al. (2008/07-581)
2025-12-04 16:41:12,546 - INFO - ✅ Success (588 turns, 69,968 chars)
2025-12-04 16:41:12,591 - INFO - 📊 Progress saved: 350 transcripts
2025-12-04 16:41:14,097 - INFO - [8148/1886] Fetching: UNITED STATES v. NAVAJO NATION (2008/07-1410)
2025-12-04 16:41:15,742 - INFO - ✅ Success (534 turns, 70,267 chars)
2025-12-04 16:41:17,303 - INFO - [8149/1886] Fetching: JOHNNIE CORLEY v. UNITED STATES (2008/07-10441)
2025-12-04 16:41:18,975 - INFO - ✅ Success (519 turns, 63,521 chars)
2025-12-04 16:41:20,526 - INFO - [8150/1886] Fetching: ARIZONA v. RODNEY JOSEPH GANT (2008/07-542)
2025-12-04 16:41:22,377 - INFO - ✅ Success (557 turns, 60,987 chars)
2025-12-04 16:41:23,922 - INFO - [8151/1886] Fetching: MINISTRY OF DEFENSE AND SUPPORT FOR THE ARMED FORCES OF THE ISLAMIC REPUBLIC OF IRAN v. DARIUSH ELAHI (2008/07-615)
2025-12-04 16:41:25,555 - ERROR - Unexpected error for 2008/07-615: 'NoneType' object has no attribute 'get'
2025-12-04 16:41:25,556 - INFO - ⚠️  No transcript available
2025-12-04 16:41:27,115 - INFO - [8152/1886] Fetching: ERIC K. SHINSEKI, SECRETARY OF VETERANS AFFAIRS v. WOODROW F. SANDERS (2008/07-1209)
2025-12-04 16:41:28,824 - INFO - ✅ Success (540 turns, 66,527 chars)
2025-12-04 16:41:30,382 - INFO - [8153/1886] Fetching: JEAN MARC NKEN v. ERIC H. HOLDER, JR., ATTORNEY GENERAL (2008/08-681)
2025-12-04 16:41:32,014 - INFO - ✅ Success (541 turns, 71,452 chars)
2025-12-04 16:41:33,574 - INFO - [8154/1886] Fetching: GARY BRADFORD CONE v. RICKY BELL, WARDEN (2008/07-1114)
2025-12-04 16:41:36,047 - INFO - ✅ Success (607 turns, 74,235 chars)
2025-12-04 16:41:37,589 - INFO - [8155/1886] Fetching: FEDERAL COMMUNICATIONS COMMISSION, et al. v. FOX TELEVISION STATIONS, INC., et al. (2008/07-582)
2025-12-04 16:41:39,663 - INFO - ✅ Success (589 turns, 73,746 chars)
2025-12-04 16:41:41,225 - INFO - [8156/1886] Fetching: CHRISTOPHER MICHAEL DEAN v. UNITED STATES (2008/08-5274)
2025-12-04 16:41:43,125 - INFO - ✅ Success (637 turns, 68,057 chars)
2025-12-04 16:41:44,689 - INFO - [8157/1886] Fetching: KANSAS v. DONNIE RAY VENTRIS (2008/07-1356)
2025-12-04 16:41:46,138 - INFO - ✅ Success (404 turns, 50,013 chars)
2025-12-04 16:41:47,707 - INFO - [8158/1886] Fetching: BURLINGTON NORTHERN AND SANTA FE RAILWAY COMPANY, et al. v. UNITED STATES et al. (2008/07-1601)
2025-12-04 16:41:49,485 - INFO - ✅ Success (547 turns, 74,365 chars)
2025-12-04 16:41:49,536 - INFO - 📊 Progress saved: 360 transcripts
2025-12-04 16:41:51,046 - INFO - [8159/1886] Fetching: ARTHUR ANDERSEN LLP, et al. v. WAYNE CARLISLE et al. (2008/08-146)
2025-12-04 16:41:52,914 - INFO - ✅ Success (551 turns, 63,195 chars)
2025-12-04 16:41:54,473 - INFO - [8160/1886] Fetching: CARLSBAD TECHNOLOGY, INC. v. HIF BIO, INC., et al. (2008/07-1437)
2025-12-04 16:41:55,858 - INFO - ✅ Success (334 turns, 50,883 chars)
2025-12-04 16:41:57,404 - INFO - [8161/1886] Fetching: IGNACIO CARLOS FLORES-FIGUEROA v. UNITED STATES (2008/08-108)
2025-12-04 16:41:59,128 - INFO - ✅ Success (572 turns, 69,936 chars)
2025-12-04 16:42:00,682 - INFO - [8162/1886] Fetching: JOHN D. ASHCROFT, FORMER ATTORNEY GENERAL, et al. v. JAVAID IQBAL et al. (2008/07-1015)
2025-12-04 16:42:03,683 - INFO - ✅ Success (627 turns, 76,896 chars)
2025-12-04 16:42:05,249 - INFO - [8163/1886] Fetching: AT&T CORPORATION v. NOREEN HULTEEN et al. (2008/07-543)
2025-12-04 16:42:07,812 - INFO - ✅ Success (538 turns, 70,554 chars)
2025-12-04 16:42:09,359 - INFO - [8164/1886] Fetching: KEITH HAYWOOD v. CURTIS DROWN, et al. (2008/07-10374)
2025-12-04 16:42:11,154 - INFO - ✅ Success (572 turns, 70,785 chars)
2025-12-04 16:42:12,718 - INFO - [8165/1886] Fetching: JESSE JAY MONTEJO v. LOUISIANA (2008/07-1529)
2025-12-04 16:42:14,678 - INFO - ✅ Success (622 turns, 71,858 chars)
2025-12-04 16:42:16,246 - INFO - [8166/1886] Fetching: SALMAN KHADE ABUELHAWA v. UNITED STATES (2008/08-192)
2025-12-04 16:42:17,997 - INFO - ✅ Success (577 turns, 70,735 chars)
2025-12-04 16:42:19,540 - INFO - [8167/1886] Fetching: DAVID BOBBY, WARDEN v. MICHAEL BIES (2008/08-598)
2025-12-04 16:42:21,015 - INFO - ✅ Success (413 turns, 54,476 chars)
2025-12-04 16:42:22,565 - INFO - [8168/1886] Fetching: CSX TRANSPORTATION, INC. v. THURSTON HENSLEY (2008/08-1034)
2025-12-04 16:42:23,233 - INFO - ⚠️  No transcript available
2025-12-04 16:42:24,780 - INFO - [8169/1886] Fetching: REPUBLIC OF IRAQ v. JORDAN BEATY et al. (2008/07-1090)
2025-12-04 16:42:26,358 - ERROR - Unexpected error for 2008/07-1090: 'NoneType' object has no attribute 'get'
2025-12-04 16:42:26,358 - INFO - ⚠️  No transcript available
2025-12-04 16:42:27,907 - INFO - [8170/1886] Fetching: HUGH M. CAPERTON, et al. v. A. T. MASSEY COAL COMPANY, INC., et al. (2008/08-22)
2025-12-04 16:42:29,807 - INFO - ✅ Success (634 turns, 70,381 chars)
2025-12-04 16:42:29,852 - INFO - 📊 Progress saved: 370 transcripts
2025-12-04 16:42:31,354 - INFO - [8171/1886] Fetching: UNITED STATES v. JACOB DENEDO (2008/08-267)
2025-12-04 16:42:33,616 - ERROR - Unexpected error for 2008/08-267: 'NoneType' object has no attribute 'get'
2025-12-04 16:42:33,617 - INFO - ⚠️  No transcript available
2025-12-04 16:42:33,692 - INFO - 📊 Progress saved: 370 transcripts
2025-12-04 16:42:35,197 - INFO - [8172/1886] Fetching: UNITED STATES ex rel. IRWIN EISENSTEIN v. CITY OF NEW YORK, NEW YORK, et al. (2008/08-660)
2025-12-04 16:42:37,007 - INFO - ✅ Success (600 turns, 63,868 chars)
2025-12-04 16:42:38,570 - INFO - [8173/1886] Fetching: EDMUND BOYLE v. UNITED STATES (2008/07-1309)
2025-12-04 16:42:40,253 - INFO - ✅ Success (600 turns, 67,391 chars)
2025-12-04 16:42:41,813 - INFO - [8174/1886] Fetching: INDIANA STATE POLICE PENSION TRUST et al. v. CHRYSLER LLC et al. (2008/08A1096)
2025-12-04 16:42:42,210 - INFO - ⚠️  No transcript available
2025-12-04 16:42:43,755 - INFO - [8175/1886] Fetching: POLAR TANKERS, INC. v. CITY OF VALDEZ, ALASKA (2008/08-310)
2025-12-04 16:42:45,809 - INFO - ✅ Success (689 turns, 73,018 chars)
2025-12-04 16:42:47,367 - INFO - [8176/1886] Fetching: MANOJ NIJHAWAN v. ERIC H. HOLDER, JR., ATTORNEY GENERAL (2008/08-495)
2025-12-04 16:42:49,080 - INFO - ✅ Success (429 turns, 63,518 chars)
2025-12-04 16:42:50,634 - INFO - [8177/1886] Fetching: DISTRICT ATTORNEY'S OFFICE FOR THE THIRD JUDICIAL DISTRICT, et al. v. WILLIAM G. OSBORNE (2008/08-6)
2025-12-04 16:42:53,073 - INFO - ✅ Success (784 turns, 82,078 chars)
2025-12-04 16:42:54,635 - INFO - [8178/1886] Fetching: F. SCOTT YEAGER v. UNITED STATES (2008/08-67)
2025-12-04 16:42:56,340 - INFO - ✅ Success (496 turns, 63,899 chars)
2025-12-04 16:42:57,885 - INFO - [8179/1886] Fetching: THE TRAVELERS INDEMNITY COMPANY, et al. v. PEARLIE BAILEY et al. (2008/08-295)
2025-12-04 16:42:59,776 - INFO - ✅ Success (565 turns, 64,176 chars)
2025-12-04 16:43:01,340 - INFO - [8180/1886] Fetching: JACK GROSS v. FBL FINANCIAL SERVICES, INC. (2008/08-441)
2025-12-04 16:43:03,536 - INFO - ✅ Success (607 turns, 72,395 chars)
2025-12-04 16:43:05,123 - INFO - [8181/1886] Fetching: NORTHWEST AUSTIN MUNICIPAL UTILITY DISTRICT NUMBER ONE v. ERIC H. HOLDER, JR., ATTORNEY GENERAL, et al. (2008/08-322)
2025-12-04 16:43:07,445 - ERROR - Unexpected error for 2008/08-322: 'NoneType' object has no attribute 'get'
2025-12-04 16:43:07,446 - INFO - ⚠️  No transcript available
2025-12-04 16:43:08,990 - INFO - [8182/1886] Fetching: FOREST GROVE SCHOOL DISTRICT v. T. A. (2008/08-305)
2025-12-04 16:43:11,012 - INFO - ✅ Success (588 turns, 70,237 chars)
2025-12-04 16:43:12,565 - INFO - [8183/1886] Fetching: COEUR ALASKA, INC. v. SOUTHEAST ALASKA CONSERVATION COUNCIL et al. (2008/07-984)
2025-12-04 16:43:14,568 - INFO - ✅ Success (704 turns, 70,798 chars)
2025-12-04 16:43:14,614 - INFO - 📊 Progress saved: 380 transcripts
2025-12-04 16:43:16,121 - INFO - [8184/1886] Fetching: LUIS E. MELENDEZ-DIAZ v. MASSACHUSETTS (2008/07-591)
2025-12-04 16:43:18,059 - INFO - ✅ Success (642 turns, 77,534 chars)
2025-12-04 16:43:19,617 - INFO - [8185/1886] Fetching: SAFFORD UNIFIED SCHOOL DISTRICT #1, et al.v. APRIL REDDING (2008/08-479)
2025-12-04 16:43:21,719 - INFO - ✅ Success (760 turns, 76,797 chars)
2025-12-04 16:43:23,280 - INFO - [8186/1886] Fetching: ATLANTIC SOUNDING CO., INC., et al. v. EDGAR L. TOWNSEND (2008/08-214)
2025-12-04 16:43:25,291 - INFO - ✅ Success (469 turns, 55,529 chars)
2025-12-04 16:43:26,855 - INFO - [8187/1886] Fetching: THOMAS C. HORNE, SUPERINTENDENT, ARIZONA PUBLIC INSTRUCTION v. MIRIAM FLORES et al. (2008/08-289)
2025-12-04 16:43:29,579 - INFO - ✅ Success (651 turns, 77,474 chars)
2025-12-04 16:43:31,141 - INFO - [8188/1886] Fetching: ANDREW M. CUOMO, ATTORNEY GENERAL OF NEW YORK v. THE CLEARING HOUSE ASSOCIATION, L. L. C., et al. (2008/08-453)
2025-12-04 16:43:32,998 - INFO - ✅ Success (493 turns, 65,153 chars)
2025-12-04 16:43:34,563 - INFO - [8189/1886] Fetching: FRANK RICCI, et al. v. JOHN DESTEFANO et al. (2008/07-1428)
2025-12-04 16:43:36,730 - INFO - ✅ Success (800 turns, 94,892 chars)
2025-12-04 16:43:38,281 - INFO - [8190/1886] Fetching: MOHAWK INDUSTRIES, INC. v. NORMAN CARPENTER (2009/08-678)
2025-12-04 16:43:39,827 - INFO - ✅ Success (484 turns, 67,142 chars)
2025-12-04 16:43:41,394 - INFO - [8191/1886] Fetching: ANITA ALVAREZ, COOK COUNTY STATE'S ATTORNEY v. CHERMANE SMITH et al. (2009/08-351)
2025-12-04 16:43:43,514 - INFO - ✅ Success (758 turns, 79,377 chars)
2025-12-04 16:43:45,069 - INFO - [8192/1886] Fetching: UNION PACIFIC RAILROAD COMPANY v. BROTHERHOOD OF LOCOMOTIVE ENGINEERS AND TRAINMEN GENERAL COMMITTEE OF ADJUSTMENT, CENTRAL REGION (2009/08-604)
2025-12-04 16:43:46,741 - INFO - ✅ Success (650 turns, 74,141 chars)
2025-12-04 16:43:48,306 - INFO - [8193/1886] Fetching: JEFFREY A. BEARD, SECRETARY, PENNSYLVANIA DEPARTMENT OF CORRECTIONS, et al. v. JOSEPH J. KINDLER (2009/08-992)
2025-12-04 16:43:49,962 - INFO - ✅ Success (544 turns, 65,360 chars)
2025-12-04 16:43:50,018 - INFO - 📊 Progress saved: 390 transcripts
2025-12-04 16:43:51,524 - INFO - [8194/1886] Fetching: MICHIGAN v. JEREMY FISHER (2009/09-91)
2025-12-04 16:43:52,012 - INFO - ⚠️  No transcript available
2025-12-04 16:43:52,075 - INFO - 📊 Progress saved: 390 transcripts
2025-12-04 16:43:53,581 - INFO - [8195/1886] Fetching: GEORGE PORTER, JR. v. BILL MCCOLLUM, ATTORNEY GENERAL OF FLORIDA, et al. (2009/08-10537)
2025-12-04 16:43:54,085 - INFO - ⚠️  No transcript available
2025-12-04 16:43:54,128 - INFO - 📊 Progress saved: 390 transcripts
2025-12-04 16:43:55,634 - INFO - [8196/1886] Fetching: ROBERT WONG, WARDEN v. FERNANDO BELMONTES, JR. (2009/08-1263)
2025-12-04 16:43:56,106 - INFO - ⚠️  No transcript available
2025-12-04 16:43:56,149 - INFO - 📊 Progress saved: 390 transcripts
2025-12-04 16:43:57,655 - INFO - [8197/1886] Fetching: DAVID BOBBY, WARDEN v. ROBERT J. VAN HOOK (2009/09-144)
2025-12-04 16:43:58,153 - INFO - ⚠️  No transcript available
2025-12-04 16:43:58,302 - INFO - 📊 Progress saved: 390 transcripts
2025-12-04 16:43:59,818 - INFO - [8198/1886] Fetching: JOSEPH E. CORCORAN v. MARK LEVENHAGEN, SUPERINTENDENT, INDIANA STATE PRISON (2009/08-10495)
2025-12-04 16:44:00,365 - INFO - ⚠️  No transcript available
2025-12-04 16:44:00,425 - INFO - 📊 Progress saved: 390 transcripts
2025-12-04 16:44:01,932 - INFO - [8199/1886] Fetching: MARK A. BRISCOE AND SHELDON A. CYPRESS v. VIRGINIA (2009/07-11191)
2025-12-04 16:44:04,119 - INFO - ✅ Success (724 turns, 75,224 chars)
2025-12-04 16:44:05,675 - INFO - [8200/1886] Fetching: HEMI GROUP, LLC AND KAI GACHUPIN v. CITY OF NEW YORK, NEW YORK (2009/08-969)
2025-12-04 16:44:08,106 - INFO - ✅ Success (654 turns, 69,092 chars)
2025-12-04 16:44:10,275 - INFO - [8201/1886] Fetching: CITIZENS UNITED v. FEDERAL ELECTION COMMISSION (2009/08-205)
2025-12-04 16:44:10,649 - INFO - ⚠️  No transcript available
2025-12-04 16:44:12,208 - INFO - [8202/1886] Fetching: HOLLY WOOD, PETITIONER v. RICHARD F. ALLEN, COMMISSIONER, ALABAMA DEPARTMENT OF CORRECTIONS, et al. (2009/08-9156)
2025-12-04 16:44:14,535 - INFO - ✅ Success (596 turns, 66,340 chars)
2025-12-04 16:44:16,092 - INFO - [8203/1886] Fetching: STATE OF SOUTH CAROLINA v. STATE OF NORTH CAROLINA (2009/138, Orig.)
2025-12-04 16:44:16,463 - INFO - ⚠️  No transcript available
2025-12-04 16:44:18,023 - INFO - [8204/1886] Fetching: AGRON KUCANA v. ERIC H. HOLDER, JR., ATTORNEY GENERAL (2009/08-911)
2025-12-04 16:44:19,702 - INFO - ✅ Success (578 turns, 68,178 chars)
2025-12-04 16:44:21,249 - INFO - [8205/1886] Fetching: MARCUS A. WELLONS v. HILTON HALL, WARDEN (2009/09-5731)
2025-12-04 16:44:21,611 - INFO - ⚠️  No transcript available
2025-12-04 16:44:23,159 - INFO - [8206/1886] Fetching: ERIC PRESLEY v. GEORGIA (2009/09-5270)
2025-12-04 16:44:23,541 - INFO - ⚠️  No transcript available
2025-12-04 16:44:25,116 - INFO - [8207/1886] Fetching: DENNIS HOLLINGSWORTH, et al., APPLICANTS v. KRISTIN M. PERRY et al. (2009/09A648)
2025-12-04 16:44:25,485 - INFO - ⚠️  No transcript available
2025-12-04 16:44:27,033 - INFO - [8208/1886] Fetching: NRG POWER MARKETING, LLC, et al. v. MAINE PUBLIC UTILITIES COMMISSION et al. (2009/08-674)
2025-12-04 16:44:29,482 - INFO - ✅ Success (572 turns, 62,966 chars)
2025-12-04 16:44:31,033 - INFO - [8209/1886] Fetching: KEITH SMITH, WARDEN v. FRANK G. SPISAK, JR. (2009/08-724)
2025-12-04 16:44:32,780 - INFO - ✅ Success (575 turns, 71,000 chars)
2025-12-04 16:44:34,351 - INFO - [8210/1886] Fetching: E. K. MCDANIEL, WARDEN, et al. v. TROY BROWN (2009/08-559)
2025-12-04 16:44:35,086 - INFO - ⚠️  No transcript available
2025-12-04 16:44:36,636 - INFO - [8211/1886] Fetching: MARYLAND v. MICHAEL BLAINE SHATZER, SR. (2009/08-680)
2025-12-04 16:44:38,621 - INFO - ✅ Success (705 turns, 73,903 chars)
2025-12-04 16:44:40,175 - INFO - [8212/1886] Fetching: THE HERTZ CORPORATION v. MELINDA FRIEND et al. (2009/08-1107)
2025-12-04 16:44:41,642 - INFO - ✅ Success (446 turns, 57,978 chars)
2025-12-04 16:44:43,192 - INFO - [8213/1886] Fetching: FLORIDA v. KEVIN DEWAYNE POWELL (2009/08-1175)
2025-12-04 16:44:45,338 - INFO - ✅ Success (670 turns, 70,003 chars)
2025-12-04 16:44:46,903 - INFO - [8214/1886] Fetching: RICK THALER, DIRECTOR, TEXAS DEPARTMENT OF CRIMINAL JUSTICE, CORRECTIONAL INSTITUTIONS DIVISION v. ANTHONY CARDELL HAYNES (2009/09-273)
2025-12-04 16:44:47,397 - INFO - ⚠️  No transcript available
2025-12-04 16:44:48,951 - INFO - [8215/1886] Fetching: JAMEY L. WILKINS v. OFFICER GADDY (2009/08-10914)
2025-12-04 16:44:49,541 - INFO - ⚠️  No transcript available
2025-12-04 16:44:51,094 - INFO - [8216/1886] Fetching: MAC'S SHELL SERVICE, INC., et al. v. SHELL OIL PRODUCTS CO. LLC et al. (2009/08-240)
2025-12-04 16:44:53,052 - INFO - ✅ Success (579 turns, 68,794 chars)
2025-12-04 16:44:53,118 - INFO - 📊 Progress saved: 400 transcripts
2025-12-04 16:44:54,625 - INFO - [8217/1886] Fetching: REED ELSEVIER, INC., et al., v. IRVIN MUCHNICK et al. (2009/08-103)
2025-12-04 16:44:56,490 - INFO - ✅ Success (536 turns, 70,144 chars)
2025-12-04 16:44:58,089 - INFO - [8218/1886] Fetching: CURTIS DARNELL JOHNSON v. UNITED STATES (2009/08-6925)
2025-12-04 16:45:00,486 - INFO - ✅ Success (541 turns, 66,166 chars)
2025-12-04 16:45:02,049 - INFO - [8219/1886] Fetching: JAMAL KIYEMBA et al. v. BARACK H. OBAMA, PRESIDENT OF THE UNITED STATES et al. (2009/08-1234)
2025-12-04 16:45:03,069 - INFO - ⚠️  No transcript available
2025-12-04 16:45:04,620 - INFO - [8220/1886] Fetching: MILAVETZ, GALLOP & MILAVETZ, P. A., et al. v. UNITED STATES (2009/08-1119)
2025-12-04 16:45:06,649 - INFO - ✅ Success (652 turns, 75,730 chars)
2025-12-04 16:45:08,202 - INFO - [8221/1886] Fetching: TAYLOR JAMES BLOATE v. UNITED STATES (2009/08-728)
2025-12-04 16:45:10,421 - ERROR - Unexpected error for 2009/08-728: 'NoneType' object has no attribute 'get'
2025-12-04 16:45:10,422 - INFO - ⚠️  No transcript available
2025-12-04 16:45:11,973 - INFO - [8222/1886] Fetching: SHADY GROVE ORTHOPEDIC ASSOCIATES, P. A. v. ALLSTATE INSURANCE COMPANY (2009/08-1008)
2025-12-04 16:45:13,498 - INFO - ✅ Success (446 turns, 59,070 chars)
2025-12-04 16:45:15,050 - INFO - [8223/1886] Fetching: JOSE PADILLA v. KENTUCKY (2009/08-651)
2025-12-04 16:45:16,809 - INFO - ✅ Success (516 turns, 66,617 chars)
2025-12-04 16:45:18,361 - INFO - [8224/1886] Fetching: JERRY N. JONES, et al. v. HARRIS ASSOCIATES L. P. (2009/08-586)
2025-12-04 16:45:20,013 - INFO - ✅ Success (497 turns, 59,644 chars)
2025-12-04 16:45:21,566 - INFO - [8225/1886] Fetching: MARY BERGHUIS, WARDEN v. DIAPOLIS SMITH (2009/08-1402)
2025-12-04 16:45:23,430 - INFO - ✅ Success (576 turns, 66,582 chars)
2025-12-04 16:45:25,001 - INFO - [8226/1886] Fetching: GRAHAM COUNTY SOIL AND WATER CONSERVATION DISTRICT, et al. v. UNITED STATES ex rel. KAREN T. WILSON (2009/08-304)
2025-12-04 16:45:27,021 - ERROR - Unexpected error for 2009/08-304: 'NoneType' object has no attribute 'get'
2025-12-04 16:45:27,022 - INFO - ⚠️  No transcript available
2025-12-04 16:45:28,589 - INFO - [8227/1886] Fetching: UNITED STUDENT AID FUNDS, INC. v. FRANCISCO J. ESPINOSA (2009/08-1134)
2025-12-04 16:45:31,481 - INFO - ✅ Success (706 turns, 72,747 chars)
2025-12-04 16:45:33,033 - INFO - [8228/1886] Fetching: ESTHER HUI, et al. v. YANIRA CASTANEDA, AS PERSONAL REPRESENTATIVE OF THE ESTATE OF FRANCISCO CASTANEDA, et al. (2009/08-1529)
2025-12-04 16:45:34,606 - INFO - ✅ Success (483 turns, 60,525 chars)
2025-12-04 16:45:36,172 - INFO - [8229/1886] Fetching: PAUL RENICO, WARDEN v. REGINALD LETT (2009/09-338)
2025-12-04 16:45:38,457 - INFO - ✅ Success (661 turns, 70,036 chars)
2025-12-04 16:45:38,503 - INFO - 📊 Progress saved: 410 transcripts
2025-12-04 16:45:40,007 - INFO - [8230/1886] Fetching: KEN L. SALAZAR, SECRETARY OF THE INTERIOR, et al. v. FRANK BUONO (2009/08-472)
2025-12-04 16:45:42,039 - INFO - ✅ Success (565 turns, 70,829 chars)
2025-12-04 16:45:43,597 - INFO - [8231/1886] Fetching: STOLT-NIELSEN S. A., et al. v. ANIMALFEEDS INTERNATIONAL CORP. (2009/08-1198)
2025-12-04 16:45:45,520 - ERROR - Unexpected error for 2009/08-1198: 'NoneType' object has no attribute 'get'
2025-12-04 16:45:45,521 - INFO - ⚠️  No transcript available
2025-12-04 16:45:47,069 - INFO - [8232/1886] Fetching: MERCK & CO., INC., et al. v. RICHARD REYNOLDS et al. (2009/08-905)
2025-12-04 16:45:48,755 - ERROR - Unexpected error for 2009/08-905: 'NoneType' object has no attribute 'get'
2025-12-04 16:45:48,755 - INFO - ⚠️  No transcript available
2025-12-04 16:45:50,304 - INFO - [8233/1886] Fetching: KAREN L. JERMAN v. CARLISLE, MCNELLIE, RINI, KRAMER & ULRICH LPA, et al. (2009/08-1200)
2025-12-04 16:45:51,993 - ERROR - Unexpected error for 2009/08-1200: 'NoneType' object has no attribute 'get'
2025-12-04 16:45:51,993 - INFO - ⚠️  No transcript available
2025-12-04 16:45:53,542 - INFO - [8234/1886] Fetching: SONNY PERDUE, GOVERNOR OF GEORGIA, et al. v. KENNY A., BY HIS NEXT FRIEND LINDA WINN, et al. (2009/08-970)
2025-12-04 16:45:55,296 - INFO - ✅ Success (608 turns, 72,042 chars)
2025-12-04 16:45:56,869 - INFO - [8235/1886] Fetching: SALLY L. CONKRIGHT, et al. v. PAUL J. FROMMERT et al. (2009/08-810)
2025-12-04 16:45:58,744 - ERROR - Unexpected error for 2009/08-810: 'NoneType' object has no attribute 'get'
2025-12-04 16:45:58,745 - INFO - ⚠️  No transcript available
2025-12-04 16:46:00,305 - INFO - [8236/1886] Fetching: UNITED STATES v. ROBERT J. STEVENS (2009/08-769)
2025-12-04 16:46:02,329 - INFO - ✅ Success (654 turns, 73,932 chars)
2025-12-04 16:46:03,899 - INFO - [8237/1886] Fetching: TIMOTHY MARK CAMERON ABBOTT v. JACQUELYN VAYE ABBOTT (2009/08-645)
2025-12-04 16:46:06,430 - INFO - ✅ Success (556 turns, 65,544 chars)
2025-12-04 16:46:08,003 - INFO - [8238/1886] Fetching: TERRANCE JAMAR GRAHAM v. FLORIDA (2009/08-7412)
2025-12-04 16:46:09,891 - INFO - ✅ Success (594 turns, 66,485 chars)
2025-12-04 16:46:11,458 - INFO - [8239/1886] Fetching: UNITED STATES v. GRAYDON EARL COMSTOCK, JR., et al. (2009/08-1224)
2025-12-04 16:46:13,452 - INFO - ✅ Success (535 turns, 67,072 chars)
2025-12-04 16:46:15,026 - INFO - [8240/1886] Fetching: JOE HARRIS SULLIVAN v. FLORIDA (2009/08-7621)
2025-12-04 16:46:16,697 - INFO - ✅ Success (589 turns, 62,316 chars)
2025-12-04 16:46:18,251 - INFO - [8241/1886] Fetching: AMERICAN NEEDLE, INC. v. NATIONAL FOOTBALL LEAGUE et al. (2009/08-661)
2025-12-04 16:46:20,044 - INFO - ✅ Success (639 turns, 79,744 chars)
2025-12-04 16:46:21,640 - INFO - [8242/1886] Fetching: ARTHUR L. LEWIS, JR., et al. v. CITY OF CHICAGO, ILLINOIS (2009/08-974)
2025-12-04 16:46:23,246 - INFO - ✅ Success (554 turns, 65,589 chars)
2025-12-04 16:46:24,798 - INFO - [8243/1886] Fetching: UNITED STATES v. MARTIN O'BRIEN AND ARTHUR BURGESS (2009/08-1569)
2025-12-04 16:46:26,325 - INFO - ✅ Success (515 turns, 60,960 chars)
2025-12-04 16:46:26,381 - INFO - 📊 Progress saved: 420 transcripts
2025-12-04 16:46:27,886 - INFO - [8244/1886] Fetching: BRIDGET HARDT v. RELIANCE STANDARD LIFE INSURANCE COMPANY (2009/09-448)
2025-12-04 16:46:30,032 - ERROR - Unexpected error for 2009/09-448: 'NoneType' object has no attribute 'get'
2025-12-04 16:46:30,033 - INFO - ⚠️  No transcript available
2025-12-04 16:46:30,092 - INFO - 📊 Progress saved: 420 transcripts
2025-12-04 16:46:31,597 - INFO - [8245/1886] Fetching: UNITED STATES v. GLENN MARCUS (2009/08-1341)
2025-12-04 16:46:32,973 - INFO - ✅ Success (368 turns, 45,720 chars)
2025-12-04 16:46:34,545 - INFO - [8246/1886] Fetching: JOHN ROBERTSON v. UNITED STATES ex rel. WYKENNA WATSON (2009/08-6261)
2025-12-04 16:46:36,817 - INFO - ✅ Success (781 turns, 83,314 chars)
2025-12-04 16:46:38,372 - INFO - [8247/1886] Fetching: LAWRENCE JOSEPH JEFFERSON v. STEPHEN UPTON, WARDEN (2009/09-8852)
2025-12-04 16:46:39,235 - INFO - ⚠️  No transcript available
2025-12-04 16:46:40,795 - INFO - [8248/1886] Fetching: MOHAMED ALI SAMANTAR v. BASHE ABDI YOUSUF et al. (2009/08-1555)
2025-12-04 16:46:42,699 - INFO - ✅ Success (697 turns, 80,227 chars)
2025-12-04 16:46:44,246 - INFO - [8249/1886] Fetching: STATE OF ALABAMA, et al., PLAINTIFFS v. STATE OF NORTH CAROLINA. (2009/132, Orig.)
2025-12-04 16:46:44,639 - INFO - ⚠️  No transcript available
2025-12-04 16:46:46,191 - INFO - [8250/1886] Fetching: MARY BERGHUIS, WARDEN v. VAN CHESTER THOMPKINS (2009/08-1470)
2025-12-04 16:46:48,351 - INFO - ✅ Success (744 turns, 72,457 chars)
2025-12-04 16:46:49,906 - INFO - [8251/1886] Fetching: RICHARD A. LEVIN, TAX COMMISSIONER OF OHIO v. COMMERCE ENERGY, INC., et al. (2009/09-223)
2025-12-04 16:46:51,481 - INFO - ✅ Success (548 turns, 63,431 chars)
2025-12-04 16:46:53,037 - INFO - [8252/1886] Fetching: THOMAS CARR v. UNITED STATES (2009/08-1301)
2025-12-04 16:46:54,707 - INFO - ✅ Success (553 turns, 69,592 chars)
2025-12-04 16:46:56,257 - INFO - [8253/1886] Fetching: MICHAEL GARY BARBER, et al. v. J. E. THOMAS, WARDEN (2009/09-5201)
2025-12-04 16:46:58,120 - INFO - ✅ Success (658 turns, 69,447 chars)
2025-12-04 16:46:59,684 - INFO - [8254/1886] Fetching: JAN HAMILTON, CHAPTER 13 TRUSTEE v. STEPHANIE KAY LANNING (2009/08-998)
2025-12-04 16:47:01,478 - INFO - ✅ Success (550 turns, 63,735 chars)
2025-12-04 16:47:03,048 - INFO - [8255/1886] Fetching: WANDA KRUPSKI v. COSTA CROCIERE S. P. A. (2009/09-337)
2025-12-04 16:47:05,083 - INFO - ✅ Success (655 turns, 61,721 chars)
2025-12-04 16:47:06,636 - INFO - [8256/1886] Fetching: UNITED STATES v. JUVENILE MALE (2009/09-940)
2025-12-04 16:47:07,014 - INFO - ⚠️  No transcript available
2025-12-04 16:47:08,562 - INFO - [8257/1886] Fetching: JOSE ANGEL CARACHURI-ROSENDO v. ERIC H. HOLDER, JR., ATTORNEY GENERAL (2009/09-60)
2025-12-04 16:47:10,899 - INFO - ✅ Success (674 turns, 76,600 chars)
2025-12-04 16:47:10,945 - INFO - 📊 Progress saved: 430 transcripts
2025-12-04 16:47:12,451 - INFO - [8258/1886] Fetching: MICHAEL J. ASTRUE, COMMISSIONER OF SOCIAL SECURITY v. CATHERINE G. RATLIFF (2009/08-1322)
2025-12-04 16:47:14,307 - INFO - ✅ Success (609 turns, 64,360 chars)
2025-12-04 16:47:15,857 - INFO - [8259/1886] Fetching: BRIAN RUSSELL DOLAN v. UNITED STATES (2009/09-367)
2025-12-04 16:47:18,397 - ERROR - Unexpected error for 2009/09-367: 'NoneType' object has no attribute 'get'
2025-12-04 16:47:18,398 - INFO - ⚠️  No transcript available
2025-12-04 16:47:19,948 - INFO - [8260/1886] Fetching: ALBERT HOLLAND v. FLORIDA (2009/09-5327)
2025-12-04 16:47:21,636 - INFO - ✅ Success (552 turns, 64,011 chars)
2025-12-04 16:47:23,197 - INFO - [8261/1886] Fetching: NEW PROCESS STEEL, L. P. v. NATIONAL LABOR RELATIONS BOARD (2009/08-1457)
2025-12-04 16:47:25,094 - INFO - ✅ Success (611 turns, 62,945 chars)
2025-12-04 16:47:26,651 - INFO - [8262/1886] Fetching: STOP THE BEACH RENOURISHMENT, INC. v. FLORIDA DEPARTMENT OF ENVIRONMENTAL PROTECTION et al. (2009/08-1151)
2025-12-04 16:47:28,827 - ERROR - Unexpected error for 2009/08-1151: 'NoneType' object has no attribute 'get'
2025-12-04 16:47:28,827 - INFO - ⚠️  No transcript available
2025-12-04 16:47:30,381 - INFO - [8263/1886] Fetching: CITY OF ONTARIO, CALIFORNIA, et al. v. JEFF QUON et al. (2009/08-1332)
2025-12-04 16:47:32,401 - INFO - ✅ Success (668 turns, 71,024 chars)
2025-12-04 16:47:33,973 - INFO - [8264/1886] Fetching: WILLIAM G. SCHWAB v. NADEJDA REILLY (2009/08-538)
2025-12-04 16:47:35,697 - INFO - ✅ Success (669 turns, 75,387 chars)
2025-12-04 16:47:37,250 - INFO - [8265/1886] Fetching: PERCY DILLON v. UNITED STATES (2009/09-6338)
2025-12-04 16:47:38,798 - INFO - ✅ Success (460 turns, 55,754 chars)
2025-12-04 16:47:40,353 - INFO - [8266/1886] Fetching: ERIC H. HOLDER, JR., ATTORNEY GENERAL, et al. v. HUMANITARIAN LAW PROJECT et al. (2009/08-1498)
2025-12-04 16:47:42,652 - INFO - ✅ Success (716 turns, 74,702 chars)
2025-12-04 16:47:44,219 - INFO - [8267/1886] Fetching: RENT-A-CENTER, WEST, INC. v. ANTONIO JACKSON (2009/09-497)
2025-12-04 16:47:46,200 - INFO - ✅ Success (630 turns, 72,303 chars)
2025-12-04 16:47:47,773 - INFO - [8268/1886] Fetching: KAWASAKI KISEN KAISHA LTD. et al. v. REGAL-BELOIT CORP. et al. (2009/08-1553)
2025-12-04 16:47:49,642 - INFO - ✅ Success (661 turns, 70,557 chars)
2025-12-04 16:47:51,196 - INFO - [8269/1886] Fetching: MONSANTO COMPANY, et al. v. GEERTSON SEED FARMS et al. (2009/09-475)
2025-12-04 16:47:53,110 - INFO - ✅ Success (609 turns, 70,275 chars)
2025-12-04 16:47:53,182 - INFO - 📊 Progress saved: 440 transcripts
2025-12-04 16:47:54,687 - INFO - [8270/1886] Fetching: JOHN DOE #1, et al. v. SAM REED, WASHINGTON SECRETARY OF STATE, et al. (2009/09-559)
2025-12-04 16:47:57,033 - ERROR - Unexpected error for 2009/09-559: 'NoneType' object has no attribute 'get'
2025-12-04 16:47:57,034 - INFO - ⚠️  No transcript available
2025-12-04 16:47:57,091 - INFO - 📊 Progress saved: 440 transcripts
2025-12-04 16:47:58,596 - INFO - [8271/1886] Fetching: ROBERT MORRISON, et al. v. NATIONAL AUSTRALIA BANK LTD. et al. (2009/08-1191)
2025-12-04 16:48:00,667 - ERROR - Unexpected error for 2009/08-1191: 'NoneType' object has no attribute 'get'
2025-12-04 16:48:00,668 - INFO - ⚠️  No transcript available
2025-12-04 16:48:00,715 - INFO - 📊 Progress saved: 440 transcripts
2025-12-04 16:48:02,221 - INFO - [8272/1886] Fetching: GRANITE ROCK COMPANY v. INTERNATIONAL BROTHERHOOD OF TEAMSTERS et al. (2009/08-1214)
2025-12-04 16:48:04,239 - INFO - ✅ Success (617 turns, 67,120 chars)
2025-12-04 16:48:05,796 - INFO - [8273/1886] Fetching: BILLY JOE MAGWOOD v. TONY PATTERSON, WARDEN, et al. (2009/09-158)
2025-12-04 16:48:07,549 - INFO - ✅ Success (611 turns, 66,254 chars)
2025-12-04 16:48:09,118 - INFO - [8274/1886] Fetching: JEFFREY K. SKILLING v. UNITED STATES (2009/08-1394)
2025-12-04 16:48:10,902 - INFO - ✅ Success (617 turns, 78,128 chars)
2025-12-04 16:48:12,464 - INFO - [8275/1886] Fetching: CONRAD M. BLACK, JOHN A. BOULTBEE, AND MARK S. KIPNIS v. UNITED STATES (2009/08-876)
2025-12-04 16:48:14,175 - INFO - ✅ Success (526 turns, 65,606 chars)
2025-12-04 16:48:15,749 - INFO - [8276/1886] Fetching: FREE ENTERPRISE FUND AND BECKSTEAD AND WATTS, LLP v. PUBLIC COMPANY ACCOUNTING OVERSIGHT BOARD et al. (2009/08-861)
2025-12-04 16:48:18,971 - INFO - ✅ Success (855 turns, 86,858 chars)
2025-12-04 16:48:20,545 - INFO - [8277/1886] Fetching: BERNARD L. BILSKI AND RAND A. WARSAW v. DAVID J. KAPPOS, UNDER SECRETARY OF COMMERCE FOR INTELLECTUAL PROPERTY AND DIRECTOR, PATENT AND TRADEMARK OFFICE (2009/08-964)
2025-12-04 16:48:23,074 - ERROR - Unexpected error for 2009/08-964: 'NoneType' object has no attribute 'get'
2025-12-04 16:48:23,074 - INFO - ⚠️  No transcript available
2025-12-04 16:48:24,628 - INFO - [8278/1886] Fetching: CHRISTIAN LEGAL SOCIETY CHAPTER OF THE UNIVERSITY OF CALIFORNIA, HASTINGS COLLEGE OF THE LAW, AKA HASTINGS CHRISTIAN FELLOWSHIP v. LEO P. MARTINEZ et al. (2009/08-1371)
2025-12-04 16:48:26,880 - INFO - ✅ Success (770 turns, 76,259 chars)
2025-12-04 16:48:28,456 - INFO - [8279/1886] Fetching: OTIS MCDONALD, et al. v. CITY OF CHICAGO, ILLINOIS, et al. (2009/08-1521)
2025-12-04 16:48:30,515 - INFO - ✅ Success (651 turns, 77,138 chars)
2025-12-04 16:48:32,072 - INFO - [8280/1886] Fetching: DEMARCUS ALI SEARS v. STEPHEN UPTON, WARDEN (2009/09-8854)
2025-12-04 16:48:32,445 - INFO - ⚠️  No transcript available
2025-12-04 16:48:33,998 - INFO - [8281/1886] Fetching: POTTAWATTAMIE COUNTY, IOWA, et al., PETITIONERS v. CURTIS W. MCGHEE, JR., et al. (2009/08-1065)
2025-12-04 16:48:35,746 - INFO - ✅ Success (573 turns, 73,510 chars)
2025-12-04 16:48:37,309 - INFO - [8282/1886] Fetching: WEYHRAUCH v. UNITED STATES (2009/08-1196)
2025-12-04 16:48:39,096 - ERROR - Unexpected error for 2009/08-1196: 'NoneType' object has no attribute 'get'
2025-12-04 16:48:39,098 - INFO - ⚠️  No transcript available
2025-12-04 16:48:40,667 - INFO - [8283/1886] Fetching: BILL K. WILSON, SUPERINTENDENT, INDIANA STATE PRISON, PETITIONER v. JOSEPH E. CORCORAN (2010/10-91)
2025-12-04 16:48:41,045 - INFO - ⚠️  No transcript available
2025-12-04 16:48:42,611 - INFO - [8284/1886] Fetching: KEVIN ABBOTT, PETITIONER v. UNITED STATES (2010/09-479)
2025-12-04 16:48:44,208 - ERROR - Unexpected error for 2010/09-479: 'NoneType' object has no attribute 'get'
2025-12-04 16:48:44,209 - INFO - ⚠️  No transcript available
2025-12-04 16:48:45,768 - INFO - [8285/1886] Fetching: LOS ANGELES COUNTY, CALIFORNIA, PETITIONER v. CRAIG ARTHUR HUMPHRIES et al. (2010/09-350)
2025-12-04 16:48:47,525 - INFO - ✅ Success (556 turns, 65,239 chars)
2025-12-04 16:48:49,084 - INFO - [8286/1886] Fetching: COSTCO WHOLESALE CORPORATION, PETITIONER  v. OMEGA, S.A. (2010/08-1423)
2025-12-04 16:48:50,606 - INFO - ✅ Success (466 turns, 61,727 chars)
2025-12-04 16:48:50,661 - INFO - 📊 Progress saved: 450 transcripts
2025-12-04 16:48:52,167 - INFO - [8287/1886] Fetching: MADISON COUNTY, NEW YORK et al.v. ONEIDA INDIAN NATION OF NEW YORK (2010/10-72)
2025-12-04 16:48:52,998 - INFO - ⚠️  No transcript available
2025-12-04 16:48:53,047 - INFO - 📊 Progress saved: 450 transcripts
2025-12-04 16:48:54,553 - INFO - [8288/1886] Fetching: MAYO FOUNDATION FOR MEDICAL EDUCATION AND RESEARCH, et al., PETITIONERS v. UNITED STATES (2010/09-837)
2025-12-04 16:48:56,562 - INFO - ✅ Success (403 turns, 46,171 chars)
2025-12-04 16:48:58,127 - INFO - [8289/1886] Fetching: JASON M. RANSOM, PETITIONER v. FIA CARD SERVICES, N.A., FKA MBNA AMERICA BANK, N.A. (2010/09-907)
2025-12-04 16:48:59,992 - INFO - ✅ Success (626 turns, 68,654 chars)
2025-12-04 16:49:01,567 - INFO - [8290/1886] Fetching: KELLY HARRINGTON, WARDEN, PETITIONER, v. JOSHUA RICHTER (2010/09-587)
2025-12-04 16:49:03,467 - INFO - ✅ Success (600 turns, 72,153 chars)
2025-12-04 16:49:05,039 - INFO - [8291/1886] Fetching: JEFF PREMO, SUPERINTENDENT, OREGON STATE PENITENTIARY, PETITIONER v. RANDY JOSEPH MOORE (2010/09-658)
2025-12-04 16:49:06,552 - INFO - ✅ Success (387 turns, 48,557 chars)
2025-12-04 16:49:08,113 - INFO - [8292/1886] Fetching: NATIONAL AERONAUTICS AND SPACE ADMINISTRATION, et al., PETITIONERS v. ROBERT M. NELSON et al. (2010/09-530)
2025-12-04 16:49:10,143 - ERROR - Unexpected error for 2010/09-530: 'NoneType' object has no attribute 'get'
2025-12-04 16:49:10,144 - INFO - ⚠️  No transcript available
2025-12-04 16:49:11,707 - INFO - [8293/1886] Fetching: GARY SWARTHOUT, WARDEN, PETITIONER v. DAMON COOKE. (2010/10-333)
2025-12-04 16:49:12,106 - INFO - ⚠️  No transcript available
2025-12-04 16:49:13,680 - INFO - [8294/1886] Fetching: CHASE BANK USA, NA., PETITIONER v. JAMES A. MCCOY, INDIVIDUALLY AND ON BEHALF OF ALL OTHERS SIMILARLY SITUATED (2010/09-329)
2025-12-04 16:49:15,199 - INFO - ✅ Success (479 turns, 62,490 chars)
2025-12-04 16:49:16,772 - INFO - [8295/1886] Fetching: MICHELLE ORITZ, PETITIONER v. PAULA JORDAN et al. (2010/09-737)
2025-12-04 16:49:18,472 - INFO - ✅ Success (543 turns, 66,609 chars)
2025-12-04 16:49:20,034 - INFO - [8296/1886] Fetching: ERIC L. THOMPSON, PETITIONER v. NORTH AMERICAN STAINLESS, LP (2010/09-291)
2025-12-04 16:49:21,743 - INFO - ✅ Success (584 turns, 64,695 chars)
2025-12-04 16:49:23,316 - INFO - [8297/1886] Fetching: RUSSEL BRUESEWITZ, et al. PETITIONERS v. WYETH LLC, FKA WYETH, INC., FKA WYETH LABORATORIES, et al. (2010/09-152)
2025-12-04 16:49:25,349 - ERROR - Unexpected error for 2010/09-152: 'NoneType' object has no attribute 'get'
2025-12-04 16:49:25,350 - INFO - ⚠️  No transcript available
2025-12-04 16:49:26,915 - INFO - [8298/1886] Fetching: CSX TRANSPORTATION, INC., PETITIONER v. ALABAMA DEPARTMENT OF REVENUE et al. (2010/09-520)
2025-12-04 16:49:28,678 - INFO - ✅ Success (577 turns, 72,613 chars)
2025-12-04 16:49:30,233 - INFO - [8299/1886] Fetching: JAMES WALKER, WARDEN, et al., PETITIONERS v. CHARLES W. MARTIN (2010/09-996)
2025-12-04 16:49:32,032 - INFO - ✅ Success (541 turns, 56,977 chars)
2025-12-04 16:49:33,591 - INFO - [8300/1886] Fetching: DELBERT WILLIAMSON, et al., PETITIONERS v. MAZDA MOTOR OF AMERICA, INC., et al. (2010/08-1314)
2025-12-04 16:49:35,120 - ERROR - Unexpected error for 2010/08-1314: 'NoneType' object has no attribute 'get'
2025-12-04 16:49:35,121 - INFO - ⚠️  No transcript available
2025-12-04 16:49:36,696 - INFO - [8301/1886] Fetching: MICHIGAN, PETITIONER v. RICHARD PERRY BRYANT (2010/09-150)
2025-12-04 16:49:38,673 - INFO - ✅ Success (677 turns, 73,627 chars)
2025-12-04 16:49:38,745 - INFO - 📊 Progress saved: 460 transcripts
2025-12-04 16:49:40,250 - INFO - [8302/1886] Fetching: FEDERAL COMMUNICATIONS COMMISSION, et al., PETITIONERS v. AT&T INC. et al. (2010/09-1279)
2025-12-04 16:49:41,583 - INFO - ✅ Success (377 turns, 49,538 chars)
2025-12-04 16:49:43,142 - INFO - [8303/1886] Fetching: VINCENT E. STAUB, PETITIONER v. PROCTOR HOSPITAL (2010/09-400)
2025-12-04 16:49:44,799 - INFO - ✅ Success (544 turns, 59,649 chars)
2025-12-04 16:49:46,373 - INFO - [8304/1886] Fetching: DORETHA H. HENDERSON, AUTHORIZED REPRESENTATIVE OF DAVID L. HENDERSON, DECEASED, PETITIONER v. ERIC K. SHINESKI, SECRETARY OF VETERANS AFFAIRS (2010/09-1036)
2025-12-04 16:49:48,190 - INFO - ✅ Success (602 turns, 67,643 chars)
2025-12-04 16:49:49,760 - INFO - [8305/1886] Fetching: ALBERT SNYDER, PETITIONER v. FRED W. PHELPS, SR., et al. (2010/09-751)
2025-12-04 16:49:51,940 - INFO - ✅ Success (601 turns, 65,097 chars)
2025-12-04 16:49:53,500 - INFO - [8306/1886] Fetching: JASON PEPPER, PETITIONER v. UNITED STATES (2010/09-6822)
2025-12-04 16:49:55,059 - INFO - ✅ Success (519 turns, 66,946 chars)
2025-12-04 16:49:56,615 - INFO - [8307/1886] Fetching: ASHBEL T. WALL, II, DIRECTOR, RHODE ISLAND DEPARTMENT OF CORRECTIONS, PETITIONER v. KHALIL KHOLI (2010/09-868)
2025-12-04 16:49:58,615 - INFO - ✅ Success (660 turns, 65,012 chars)
2025-12-04 16:50:00,170 - INFO - [8308/1886] Fetching: GLEN SCOTT MILNER, PETITIONER v. DEPARTMENT OF THE NAVY (2010/09-1163)
2025-12-04 16:50:02,148 - INFO - ✅ Success (544 turns, 61,261 chars)
2025-12-04 16:50:03,701 - INFO - [8309/1886] Fetching: HENRY W. SKINNER, PETITIONER v. LYNN SWITZER, DISTRICT ATTORNEY FOR THE 31ST JUDICIAL DISTRICT OF TEXAS (2010/09-9000)
2025-12-04 16:50:05,509 - INFO - ✅ Success (579 turns, 68,868 chars)
2025-12-04 16:50:07,084 - INFO - [8310/1886] Fetching: T. FELKNER v. STEVEN FRANK JACKSON (2010/10-797)
2025-12-04 16:50:07,444 - INFO - ⚠️  No transcript available
2025-12-04 16:50:09,005 - INFO - [8311/1886] Fetching: KEVIN KASTEN, PETITIONER v. SAINT-GOBAIN PERFORMANCE PLASTICS CORPORATION (2010/09-834)
2025-12-04 16:50:11,208 - INFO - ✅ Success (578 turns, 65,449 chars)
2025-12-04 16:50:12,771 - INFO - [8312/1886] Fetching: MATRIXX INITIATIVES, INC., et al., PETITIONERS v. JAMES SIRACUSANO et al. (2010/09-1156)
2025-12-04 16:50:14,538 - INFO - ✅ Success (534 turns, 69,989 chars)
2025-12-04 16:50:14,599 - INFO - 📊 Progress saved: 470 transcripts
2025-12-04 16:50:16,104 - INFO - [8313/1886] Fetching: HARRY F. CONNICK, DISTRICT ATTORNEY, et al., PETITIONERS v. JOHN THOMPSON (2010/09-571)
2025-12-04 16:50:18,013 - INFO - ✅ Success (718 turns, 72,547 chars)
2025-12-04 16:50:19,583 - INFO - [8314/1886] Fetching: ASTRA USA, INC., et al., PETITIONERS v. SANTA CLARA COUNTY, CALIFORNIA (2010/09-1273)
2025-12-04 16:50:21,102 - INFO - ✅ Success (516 turns, 63,636 chars)
2025-12-04 16:50:22,668 - INFO - [8315/1886] Fetching: ARIZONA CHRISTIAN SCHOOL TUITION ORGANIZATION, PETITIONER v. KATHLEEN M. WINN et al. (2010/09-987)
2025-12-04 16:50:24,546 - INFO - ✅ Success (637 turns, 66,640 chars)
2025-12-04 16:50:26,112 - INFO - [8316/1886] Fetching: VINCENT CULLEN, ACTING WARDEN, PETITIONER v. SCOTT LYNN PINHOLSTER (2010/09-1088)
2025-12-04 16:50:27,813 - INFO - ✅ Success (484 turns, 64,393 chars)
2025-12-04 16:50:29,376 - INFO - [8317/1886] Fetching: HARVEY LEROY SOSSAMON, III, PETITIONER v. TEXAS et al. (2010/08-1438)
2025-12-04 16:50:30,837 - INFO - ✅ Success (459 turns, 59,112 chars)
2025-12-04 16:50:32,406 - INFO - [8318/1886] Fetching: VIRGINIA OFFICE FOR PROTECTION AND ADVOCACY, PETITIONER v. JAMES W. STEWART III, COMMISSIONER, VIRGINIA DEPARTMENT OF BEHAVIORAL HEALTH AND DEVELOPMENTAL SERVICES, et al. (2010/09-529)
2025-12-04 16:50:34,292 - INFO - ✅ Success (551 turns, 65,636 chars)
2025-12-04 16:50:35,847 - INFO - [8319/1886] Fetching: DAVID BOBBY, WARDEN, PETITIONER, v. HARRY MITTS (2010/10-1000)
2025-12-04 16:50:36,336 - INFO - ⚠️  No transcript available
2025-12-04 16:50:37,897 - INFO - [8320/1886] Fetching: STATE OF MONTANA, PLAINTIFF v. STATE OF WYOMING AND STATE OF NORTH DAKOTA (2010/137, Orig.)
2025-12-04 16:50:38,263 - INFO - ⚠️  No transcript available
2025-12-04 16:50:39,816 - INFO - [8321/1886] Fetching: AT&T MOBILITY LLC, PETITIONER v. VINCENT CONCEPCION (2010/09-893)
2025-12-04 16:50:41,476 - INFO - ✅ Success (513 turns, 67,977 chars)
2025-12-04 16:50:43,058 - INFO - [8322/1886] Fetching: UNITED STATES, PETITIONER v. TOHONO O'ODHAM NATION (2010/09-846)
2025-12-04 16:50:44,621 - INFO - ✅ Success (525 turns, 62,528 chars)
2025-12-04 16:50:46,216 - INFO - [8323/1886] Fetching: SCHINDLER ELEVATOR CORPORATION, PETITIONER v. UNITED STATES ex rel. DANIEL KIRK (2010/10-188)
2025-12-04 16:50:47,986 - INFO - ✅ Success (445 turns, 58,356 chars)
2025-12-04 16:50:49,546 - INFO - [8324/1886] Fetching: CIGNA CORPORATION, et al., PETITIONERS v. JANICE C. AMARA, et al., INDIVIDUALLY AND ON BEHALF OF ALL OTHERS SIMILARLY SITUATED (2010/09-804)
2025-12-04 16:50:52,238 - INFO - ✅ Success (562 turns, 65,909 chars)
2025-12-04 16:50:52,295 - INFO - 📊 Progress saved: 480 transcripts
2025-12-04 16:50:53,798 - INFO - [8325/1886] Fetching: KENTUCKY, PETITIONER, v. HOLLIS DESHAUN KING (2010/09-1272)
2025-12-04 16:50:55,627 - INFO - ✅ Success (585 turns, 64,650 chars)
2025-12-04 16:50:57,200 - INFO - [8326/1886] Fetching: GENERAL DYNAMICS CORPORATION, PETITIONER, v. UNITED STATES (2010/09-1298)
2025-12-04 16:50:59,388 - INFO - ✅ Success (564 turns, 71,571 chars)
2025-12-04 16:51:00,946 - INFO - [8327/1886] Fetching: EDMUND G. BROWN, JR., GOVERNOR OF CALIFORNIA, et al., APPELLANTS v. MARCIANO PLATA et al. (2010/09-1233)
2025-12-04 16:51:03,333 - INFO - ✅ Success (692 turns, 89,648 chars)
2025-12-04 16:51:04,910 - INFO - [8328/1886] Fetching: CHAMBER OF COMMERCE OF THE UNITED STATES OF AMERICA, et al., PETITIONERS v. MICHAEL B. WHITING ET AL (2010/09-115)
2025-12-04 16:51:06,634 - INFO - ✅ Success (595 turns, 68,513 chars)
2025-12-04 16:51:08,195 - INFO - [8329/1886] Fetching: UNITED STATES, PETITIONER v. JASON LOUIS TINKLENBERG (2010/09-1498)
2025-12-04 16:51:10,268 - INFO - ✅ Success (527 turns, 66,021 chars)
2025-12-04 16:51:11,849 - INFO - [8330/1886] Fetching: CHARLES ANDREW FOWLER, AKA MAN, PETITIONER v. UNITED STATES (2010/10-5443)
2025-12-04 16:51:14,284 - INFO - ✅ Success (536 turns, 67,165 chars)
2025-12-04 16:51:15,860 - INFO - [8331/1886] Fetching: BOB CAMRETA, PETITIONER v. SARAH GREENE, PERSONALLY AND AS NEXT FRIEND OF S. G., A MINOR, AND K. G., A MINOR (2010/09-1454)
2025-12-04 16:51:17,823 - INFO - ✅ Success (595 turns, 66,667 chars)
2025-12-04 16:51:19,386 - INFO - [8332/1886] Fetching: GLOBAL-TECH APPLIANCES, INC., et al., PETITIONERS v. SEB S.A. (2010/10-6)
2025-12-04 16:51:21,249 - INFO - ✅ Success (631 turns, 68,380 chars)
2025-12-04 16:51:22,806 - INFO - [8333/1886] Fetching: JOHN D. ASHCROFT, PETITIONER v. ABDULLAH AL-KIDD (2010/10-98)
2025-12-04 16:51:24,270 - INFO - ✅ Success (464 turns, 65,642 chars)
2025-12-04 16:51:25,831 - INFO - [8334/1886] Fetching: RICKY D FOX, PETITIONER v. JUDY ANN VICE, AS EXECUTRIX OF THE ESTATE OF VICE, et al. (2010/10-114)
2025-12-04 16:51:27,457 - INFO - ✅ Success (532 turns, 68,739 chars)
2025-12-04 16:51:27,513 - INFO - 📊 Progress saved: 490 transcripts
2025-12-04 16:51:29,015 - INFO - [8335/1886] Fetching: CLIFTON TERELLE MCNEILL, PETITIONER v. UNITED STATES (2010/10-5258)
2025-12-04 16:51:30,255 - INFO - ✅ Success (292 turns, 41,615 chars)
2025-12-04 16:51:31,826 - INFO - [8336/1886] Fetching: BOARD OF TRUSTEES OF THE LELAND STANFORD JUNIOR UNIVERSITY, PETITIONER v. ROCHE MOLECULAR SYSTEMS, INC., et al. (2010/09-1159)
2025-12-04 16:51:33,503 - INFO - ✅ Success (513 turns, 70,553 chars)
2025-12-04 16:51:35,083 - INFO - [8337/1886] Fetching: ERICA P. JOHN FUND, INC., FKA ARCHDIOCESE OF MILWAUKEE SUPPORTING FUND, INC., PETITIONER v. HALLIBURTON CO., et al. (2010/09-1403)
2025-12-04 16:51:37,623 - INFO - ✅ Success (458 turns, 59,438 chars)
2025-12-04 16:51:39,192 - INFO - [8338/1886] Fetching: MICROSOFT CORPORATION, PETITIONER v. I4I  LIMITED PARTNERSHIP et al. (2010/10-290)
2025-12-04 16:51:41,255 - INFO - ✅ Success (369 turns, 61,358 chars)
2025-12-04 16:51:42,824 - INFO - [8339/1886] Fetching: FRANTZ DEPIERRE, PETITIONER v. UNITED STATES (2010/09-1533)
2025-12-04 16:51:44,477 - INFO - ✅ Success (591 turns, 67,986 chars)
2025-12-04 16:51:46,041 - INFO - [8340/1886] Fetching: TALK AMERICA, PETITIONER v. MICHIGAN BELL TELEPHONE COMPANY DBA AT&T MICHIGAN (2010/10-313)
2025-12-04 16:51:47,798 - INFO - ✅ Success (598 turns, 68,994 chars)
2025-12-04 16:51:49,370 - INFO - [8341/1886] Fetching: MARCUS SYKES, PETITIONER v. UNITED STATES (2010/09-11311)
2025-12-04 16:51:51,143 - INFO - ✅ Success (581 turns, 64,366 chars)
2025-12-04 16:51:52,713 - INFO - [8342/1886] Fetching: RUBEN FLORES-VILLAR, PETITIONER v. UNITED STATES (2010/09-5801)
2025-12-04 16:51:54,327 - INFO - ✅ Success (519 turns, 68,455 chars)
2025-12-04 16:51:55,911 - INFO - [8343/1886] Fetching: UNITED STATES, PETITIONER v. JICARILLA APACHE NATION (2010/10-382)
2025-12-04 16:51:57,442 - INFO - ✅ Success (492 turns, 64,255 chars)
2025-12-04 16:51:59,005 - INFO - [8344/1886] Fetching: JANUS CAPITAL GROUP, INC., et al., PETITIONERS v. FIRST DERIVATIVE TRADERS (2010/09-525)
2025-12-04 16:52:01,184 - INFO - ✅ Success (704 turns, 73,884 chars)
2025-12-04 16:52:01,249 - INFO - 📊 Progress saved: 500 transcripts
2025-12-04 16:52:02,755 - INFO - [8345/1886] Fetching: NEVADA COMMISSION ON ETHICS, PETITIONER v. MICHAEL A. CARRIGAN (2010/10-568)
2025-12-04 16:52:04,665 - INFO - ✅ Success (566 turns, 66,522 chars)
2025-12-04 16:52:06,231 - INFO - [8346/1886] Fetching: CAROL ANNE BOND, PETITIONER v. UNITED STATES (2010/09-1227)
2025-12-04 16:52:07,871 - INFO - ✅ Success (518 turns, 70,591 chars)
2025-12-04 16:52:09,487 - INFO - [8347/1886] Fetching: WILLIE GENE DAVIS, PETITIONER v. UNITED STATES (2010/09-11328)
2025-12-04 16:52:11,011 - INFO - ✅ Success (402 turns, 60,634 chars)
2025-12-04 16:52:12,593 - INFO - [8348/1886] Fetching: J. D. B., PETITIONER v. NORTH CAROLINA (2010/09-11121)
2025-12-04 16:52:14,505 - INFO - ✅ Success (591 turns, 65,261 chars)
2025-12-04 16:52:16,074 - INFO - [8349/1886] Fetching: KEITH SMITH, et al., PETITIONERS v. BAYER CORPORATION (2010/09-1205)
2025-12-04 16:52:17,559 - INFO - ✅ Success (410 turns, 61,901 chars)
2025-12-04 16:52:19,141 - INFO - [8350/1886] Fetching: ALEJANDRA TAPIA, PETITIONER v. UNITED STATES (2010/10-5400)
2025-12-04 16:52:20,731 - INFO - ✅ Success (471 turns, 62,224 chars)
2025-12-04 16:52:22,312 - INFO - [8351/1886] Fetching: WAL-MART STORES, INC., PETITIONER v. BETTY DUKES et al. (2010/10-277)
2025-12-04 16:52:24,007 - INFO - ✅ Success (507 turns, 68,854 chars)
2025-12-04 16:52:25,580 - INFO - [8352/1886] Fetching: BOROUGH OF DURYEA, PENNSYLVANIA, et al., PETITIONERS v. CHARLES J GUARNIERI (2010/09-1476)
2025-12-04 16:52:27,257 - INFO - ✅ Success (468 turns, 62,353 chars)
2025-12-04 16:52:28,839 - INFO - [8353/1886] Fetching: AMERICAN ELECTRIC POWER COMPANY, INC., et al., PETITIONERS v. CONNECTICUT ET AL (2010/10-174)
2025-12-04 16:52:30,696 - INFO - ✅ Success (626 turns, 85,623 chars)
2025-12-04 16:52:32,279 - INFO - [8354/1886] Fetching: MICHAEL D. TURNER, PETITIONER v. REBECCA L. ROGERS et al. (2010/10-10)
2025-12-04 16:52:34,276 - INFO - ✅ Success (587 turns, 73,844 chars)
2025-12-04 16:52:34,338 - INFO - 📊 Progress saved: 510 transcripts
2025-12-04 16:52:35,842 - INFO - [8355/1886] Fetching: CSX TRANSPORTATION, INC., PETITIONER v. ROBERT MCBRIDE (2010/10-235)
2025-12-04 16:52:38,002 - INFO - ✅ Success (532 turns, 68,747 chars)
2025-12-04 16:52:39,583 - INFO - [8356/1886] Fetching: DONALD BULLCOMING, PETITIONER v. NEW MEXICO (2010/09-10876)
2025-12-04 16:52:41,461 - INFO - ✅ Success (612 turns, 73,595 chars)
2025-12-04 16:52:43,034 - INFO - [8357/1886] Fetching: PLIVIA, INC., et al., PETITIONERS v. GLADYS MENSING (2010/09-993)
2025-12-04 16:52:44,840 - INFO - ✅ Success (523 turns, 67,762 chars)
2025-12-04 16:52:46,427 - INFO - [8358/1886] Fetching: SORRELL, ATTORNEY GENERAL OF VERMONT, et al. v. IMS HEALTH INC. ET AL (2010/10-779)
2025-12-04 16:52:48,307 - INFO - ✅ Success (755 turns, 85,776 chars)
2025-12-04 16:52:49,880 - INFO - [8359/1886] Fetching: WILLIAM FREEMAN v. UNITED STATES (2010/09-10245)
2025-12-04 16:52:51,737 - INFO - ✅ Success (587 turns, 67,089 chars)
2025-12-04 16:52:53,318 - INFO - [8360/1886] Fetching: HOWARD K. STERN, EXECUTOR OF THE ESTATE OF VICKI LYNN MARSHALL, PETITIONER, v. ELAINE T. MARSHALL, EXECUTRIX OF THE ESTATE OF E. PIERCE MARSHALL (2010/10-179)
2025-12-04 16:52:54,953 - INFO - ✅ Success (450 turns, 65,155 chars)
2025-12-04 16:52:56,532 - INFO - [8361/1886] Fetching: GOODYEAR DUNLOP TIRES OPERATIONS, S.A., et al., PETITIONERS v. EDGAR D. BROWN, ET UX., CO-ADMINISTRATORS OF THE ESTATE OF JULIAN DAVID BROWN, et al. (2010/10-76)
2025-12-04 16:52:57,993 - INFO - ✅ Success (424 turns, 60,462 chars)
2025-12-04 16:52:59,559 - INFO - [8362/1886] Fetching: J. MCINTYRE MACHINERY, LTD., PETITIONER v. ROBERT NICASTRO, INDIVIDUALLY AND AS ADMINISTRATOR OF THE ESTATE OF ROSEANNE NICASTRO (2010/09-1343)
2025-12-04 16:53:02,836 - INFO - ✅ Success (729 turns, 71,092 chars)
2025-12-04 16:53:04,421 - INFO - [8363/1886] Fetching: EDMUND G. BROWN, JR., GOVERNOR OF CALIFORNIA, et al., PETITIONERS v. ENTERTAINMENT MERCHANTS ASSOCIATION, et al. (2010/08-1448)
2025-12-04 16:53:06,413 - INFO - ✅ Success (650 turns, 71,174 chars)
2025-12-04 16:53:07,997 - INFO - [8364/1886] Fetching: ARIZONA FREE ENTERPRISE CLUB'S FREEDOM CLUB PAC, et al., PETITIONERS v. KEN BENNETT, IN HIS OFFICIAL CAPACITY AS ARIZONA SECRETARY OF STATE, et al. (2010/10-238)
2025-12-04 16:53:09,674 - INFO - ✅ Success (501 turns, 68,263 chars)
2025-12-04 16:53:09,747 - INFO - 📊 Progress saved: 520 transcripts
2025-12-04 16:53:11,253 - INFO - [8365/1886] Fetching: HUMBERTO LEAL GARCIA, AKA HUMBERTO LEAL v. TEXAS (2010/11â5001)
2025-12-04 16:53:11,624 - INFO - ⚠️  No transcript available
2025-12-04 16:53:11,698 - INFO - 📊 Progress saved: 520 transcripts
2025-12-04 16:53:13,203 - INFO - [8366/1886] Fetching: JOSE TOLENTINO, PETITIONER v. NEW YORK (2010/09-11556)
2025-12-04 16:53:15,153 - INFO - ✅ Success (599 turns, 68,230 chars)
2025-12-04 16:53:16,719 - INFO - [8367/1886] Fetching: JAVIER CAVAZOS, ACTING WARDEN v. SHIRLEY REE SMITH (2011/10-1115)
2025-12-04 16:53:17,720 - INFO - ⚠️  No transcript available
2025-12-04 16:53:19,342 - INFO - [8368/1886] Fetching: ERIC GREENE, AKA JARMAINE Q. TRICE v. JON FISHER, SUPERINTENDENT, STATE CORRECTIONAL INSTITUTION AT SMITHFIELD, et al. (2011/10-637)
2025-12-04 16:53:20,850 - INFO - ✅ Success (482 turns, 59,244 chars)
2025-12-04 16:53:22,426 - INFO - [8369/1886] Fetching: DAVID BOBBY, WARDEN v. ARCHIE DIXON (2011/10-1540)
2025-12-04 16:53:22,932 - INFO - ⚠️  No transcript available
2025-12-04 16:53:24,496 - INFO - [8370/1886] Fetching: KPMG LLP v. ROBERT COCCHI et al. (2011/10-1521)
2025-12-04 16:53:25,030 - INFO - ⚠️  No transcript available
2025-12-04 16:53:26,608 - INFO - [8371/1886] Fetching: RAFAEL ARRIAZA GONZALES v. RICK THALER, DIRECTOR, TEXAS DEPARTMENT OF CRIMINAL JUSTICE, CORRECTIONAL INSTITUTIONS DIVISION (2011/10-895)
2025-12-04 16:53:28,352 - INFO - ✅ Success (659 turns, 71,882 chars)
2025-12-04 16:53:29,939 - INFO - [8372/1886] Fetching: MARGARET MINNECI, et al. v. RICHARD LEE POLLARD et al. (2011/10-1104)
2025-12-04 16:53:31,714 - INFO - ✅ Success (591 turns, 67,137 chars)
2025-12-04 16:53:33,289 - INFO - [8373/1886] Fetching: COMPUCREDIT CORPORATION et al. v. WANDA GREENWOOD et al. (2011/10-948)
2025-12-04 16:53:34,699 - INFO - ✅ Success (393 turns, 53,853 chars)
2025-12-04 16:53:36,263 - INFO - [8374/1886] Fetching: JUAN SMITH v. BURL CAIN, WARDEN (2011/10-8145)
2025-12-04 16:53:37,992 - INFO - ✅ Success (632 turns, 68,834 chars)
2025-12-04 16:53:39,575 - INFO - [8375/1886] Fetching: BARION PERRY v. NEW HAMPSHIRE (2011/10-8974)
2025-12-04 16:53:41,243 - INFO - ✅ Success (551 turns, 66,308 chars)
2025-12-04 16:53:42,831 - INFO - [8376/1886] Fetching: PACIFIC OPERATORS OFFSHORE, LLP, et al. v. LUISA L. VALLADOLID ET AL (2011/10-507)
2025-12-04 16:53:44,596 - INFO - ✅ Success (588 turns, 73,342 chars)
2025-12-04 16:53:46,162 - INFO - [8377/1886] Fetching: HOSANNA-TABOR EVANGELICAL LUTHERAN CHURCH AND SCHOOL v. EQUAL EMPLOYMENT OPPORTUNITY COMMISSION, et al. (2011/10-553)
2025-12-04 16:53:47,953 - ERROR - Unexpected error for 2011/10-553: 'NoneType' object has no attribute 'get'
2025-12-04 16:53:47,953 - INFO - ⚠️  No transcript available
2025-12-04 16:53:49,524 - INFO - [8378/1886] Fetching: MARCUS HARDY, WARDEN v. IRVING L. CROSS (2011/11-74)
2025-12-04 16:53:50,004 - INFO - ⚠️  No transcript available
2025-12-04 16:53:51,566 - INFO - [8379/1886] Fetching: JOEL JUDULANG, PETITIONER v. ERIC H. HOLDER, JR., ATTORNEY GENERAL (2011/10-694)
2025-12-04 16:53:53,077 - ERROR - Unexpected error for 2011/10-694: 'NoneType' object has no attribute 'get'
2025-12-04 16:53:53,077 - INFO - ⚠️  No transcript available
2025-12-04 16:53:54,644 - INFO - [8380/1886] Fetching: MARCUS D. MIMS, PETITIONER v. ARROW FINANCIAL SERVICES, LLC (2011/10-1195)
2025-12-04 16:53:55,675 - INFO - ✅ Success (23 turns, 3,776 chars)
2025-12-04 16:53:57,260 - INFO - [8381/1886] Fetching: LAWRENCE GOLAN, et al. v. ERIC H. HOLDER, JR., ATTORNEY GENERAL, et al. (2011/10-545)
2025-12-04 16:53:58,957 - INFO - ✅ Success (589 turns, 68,973 chars)
2025-12-04 16:53:59,023 - INFO - 📊 Progress saved: 530 transcripts
2025-12-04 16:54:00,530 - INFO - [8382/1886] Fetching: CORY R. MAPLES, PETITIONER v. KIM T. THOMAS, COMMISSIONER, ALABAMA DEPARTMENT OF CORRECTIONS (2011/10-63)
2025-12-04 16:54:03,018 - INFO - ✅ Success (688 turns, 73,423 chars)
2025-12-04 16:54:04,592 - INFO - [8383/1886] Fetching: BILLY JOE REYNOLDS, PETITIONER v. UNITED STATES (2011/10-6549)
2025-12-04 16:54:06,580 - ERROR - Unexpected error for 2011/10-6549: 'NoneType' object has no attribute 'get'
2025-12-04 16:54:06,581 - INFO - ⚠️  No transcript available
2025-12-04 16:54:08,160 - INFO - [8384/1886] Fetching: DARIN RYBURN, et al., PETITIONERS v. GEORGE R. HUFF, et al. (2011/11-208)
2025-12-04 16:54:08,647 - INFO - ⚠️  No transcript available
2025-12-04 16:54:10,218 - INFO - [8385/1886] Fetching: NATIONAL MEAT ASSOCIATION, PETITIONER v. KAMALA D. HARRIS, ATTORNEY GENERAL OF CALIFORNIA, et al. (2011/10-224)
2025-12-04 16:54:11,974 - INFO - ✅ Success (524 turns, 65,572 chars)
2025-12-04 16:54:13,550 - INFO - [8386/1886] Fetching: UNITED STATES, PETITIONER v. ANTOINE JONES (2011/10-1259)
2025-12-04 16:54:14,386 - INFO - ✅ Success (697 turns, 76,345 chars)
2025-12-04 16:54:15,968 - INFO - [8387/1886] Fetching: RICK PERRY, GOVERNOR OF TEXAS, et al., APPELLANTS v. SHANNON PEREZ et al. (2011/11-713)
2025-12-04 16:54:17,812 - INFO - ✅ Success (715 turns, 79,723 chars)
2025-12-04 16:54:19,401 - INFO - [8388/1886] Fetching: AKIO KAWASHIMA, ET UX., PETITIONERS v. ERIC H. HOLDER, JR., ATTORNEY GENERAL. (2011/10-577)
2025-12-04 16:54:21,071 - INFO - ✅ Success (461 turns, 56,030 chars)
2025-12-04 16:54:22,644 - INFO - [8389/1886] Fetching: CAROL HOWES, WARDEN, PETITIONER v. RANDALL LEE FIELDS (2011/10-680)
2025-12-04 16:54:24,366 - INFO - ✅ Success (568 turns, 64,574 chars)
2025-12-04 16:54:25,956 - INFO - [8390/1886] Fetching: JOHN E. WETZEL, SECRETARY, PENNSYLVANIA DEPARTMENT OF CORRECTIONS, et al., PETITIONERS v. JAMES LAMBERT (2011/11-38)
2025-12-04 16:54:26,481 - INFO - ⚠️  No transcript available
2025-12-04 16:54:28,063 - INFO - [8391/1886] Fetching: MARMET HEALTH CARE CENTER, INC., et al., PETITIONERS (NO. 11-391) v. CLAYTON BROWN et al. (2011/11-391)
2025-12-04 16:54:28,736 - INFO - ⚠️  No transcript available
2025-12-04 16:54:30,319 - INFO - [8392/1886] Fetching: CURT MESSERSCHMIDT et al., PETITIONERS v. BRENDA MILLENDER, AS EXECUTOR OF THE ESTATE OF AUGUSTA MILLENDER, DECEASED, et al. (2011/10-704)
2025-12-04 16:54:32,605 - INFO - ✅ Success (626 turns, 74,576 chars)
2025-12-04 16:54:34,192 - INFO - [8393/1886] Fetching: PPL MONTANA, LLC, PETITIONER v. MONTANA (2011/10-218)
2025-12-04 16:54:35,935 - INFO - ✅ Success (643 turns, 74,845 chars)
2025-12-04 16:54:37,517 - INFO - [8394/1886] Fetching: TOBY DOUGLAS, DIRECTOR, CALIFORNIA DEPARTMENT OF HEALTH CARE SERVICES, PETITIONER v. INDEPENDENT LIVING CENTER OF SOUTHERN CALIFORNIA, INC., et al. (2011/09-958)
2025-12-04 16:54:39,405 - INFO - ✅ Success (606 turns, 72,094 chars)
2025-12-04 16:54:40,976 - INFO - [8395/1886] Fetching: GLORIA GAIL KURNS, EXECUTRIX OF THE ESTATE OF GEORGE M. CORSON, DECEASED, et al., PETITIONERS v. RAILROAD FRICTION PRODUCTS CORPORATION et al. (2011/10-879)
2025-12-04 16:54:42,695 - INFO - ✅ Success (453 turns, 55,201 chars)
2025-12-04 16:54:42,782 - INFO - 📊 Progress saved: 540 transcripts
2025-12-04 16:54:44,288 - INFO - [8396/1886] Fetching: MICHAEL MARTEL, WARDEN, PETITIONER v. KENNETH CLAIR (2011/10-1265)
2025-12-04 16:54:46,072 - INFO - ✅ Success (526 turns, 65,069 chars)
2025-12-04 16:54:47,653 - INFO - [8397/1886] Fetching: LUIS MARIANO MARTINEZ, PETITIONER v. CHARLES L. RYAN, DIRECTOR, ARIZONA DEPARTMENT OF CORRECTIONS (2011/10-1001)
2025-12-04 16:54:49,365 - INFO - ✅ Success (550 turns, 63,901 chars)
2025-12-04 16:54:50,942 - INFO - [8398/1886] Fetching: DANIEL COLEMAN, PETITIONER v. COURT OF APPEALS OF MARYLAND et al. (2011/10-1016)
2025-12-04 16:54:52,403 - INFO - ✅ Success (444 turns, 55,675 chars)
2025-12-04 16:54:53,982 - INFO - [8399/1886] Fetching: DANA ROBERTS, PETITIONER v. SEA-LAND SERVICES, INC., et al. (2011/10-1399)
2025-12-04 16:54:56,017 - INFO - ✅ Success (702 turns, 68,602 chars)
2025-12-04 16:54:57,584 - INFO - [8400/1886] Fetching: MAYO COLLABORATIVE SERVICES, DBA MAYO MEDICAL LABORATORIES, et al., PETITIONERS v. PROMETHEUS LABORATORIES, INC. (2011/10-1150)
2025-12-04 16:54:59,588 - INFO - ✅ Success (754 turns, 74,208 chars)
2025-12-04 16:55:01,150 - INFO - [8401/1886] Fetching: CREDIT SUISSE SECURITIES (USA) LLC, et al., PETITIONERS v. VANESSA SIMMONDS (2011/10-1261)
2025-12-04 16:55:02,972 - INFO - ✅ Success (557 turns, 65,862 chars)
2025-12-04 16:55:04,554 - INFO - [8402/1886] Fetching: MENACHEM BINYAMIN ZIVOTOFSKY, BY HIS PARENTS AND GUARDIANS, ARI Z. AND NAOMI SIEGMAN ZIVOTOFSKY, PETITIONER v. HILLARY RODHAM CLINTON, SECRETARY OF STATE (2011/10-699)
2025-12-04 16:55:06,349 - INFO - ✅ Success (535 turns, 67,014 chars)
2025-12-04 16:55:07,933 - INFO - [8403/1886] Fetching: BLAINE LAFLER, PETITIONER v. ANTHONY COOPER (2011/10-209)
2025-12-04 16:55:09,907 - INFO - ✅ Success (710 turns, 73,726 chars)
2025-12-04 16:55:11,477 - INFO - [8404/1886] Fetching: MISSOURI, PETITIONER v. GALIN E. FRYE (2011/10-444)
2025-12-04 16:55:13,175 - INFO - ✅ Success (521 turns, 59,088 chars)
2025-12-04 16:55:14,745 - INFO - [8405/1886] Fetching: CHANTELL SACKETT, et vir, PETITIONERS v. ENVIRONMENTAL PROTECTION AGENCY, et al. (2011/10-1062)
2025-12-04 16:55:16,518 - INFO - ✅ Success (570 turns, 71,202 chars)
2025-12-04 16:55:16,597 - INFO - 📊 Progress saved: 550 transcripts
2025-12-04 16:55:18,103 - INFO - [8406/1886] Fetching: MONROE ACE SETSER, PETITIONER v. UNITED STATES (2011/10-7387)
2025-12-04 16:55:19,929 - INFO - ✅ Success (630 turns, 71,196 chars)
2025-12-04 16:55:21,512 - INFO - [8407/1886] Fetching: PANAGIS VARTELAS, PETITIONER v. ERIC H. HOLDER, JR., ATTORNEY GENERAL (2011/10-1211)
2025-12-04 16:55:23,034 - INFO - ✅ Success (541 turns, 63,621 chars)
2025-12-04 16:55:24,603 - INFO - [8408/1886] Fetching: FEDERAL AVIATION ADMINISTRATION, et al., PETITIONERS v. STANMORE CAWTHON COOPER (2011/10-1024)
2025-12-04 16:55:26,100 - INFO - ✅ Success (482 turns, 63,890 chars)
2025-12-04 16:55:27,702 - INFO - [8409/1886] Fetching: ALEXANDER VASQUEZ, PETITIONER v. UNITED STATES. (2011/11-199)
2025-12-04 16:55:29,449 - INFO - ✅ Success (637 turns, 73,250 chars)
2025-12-04 16:55:31,018 - INFO - [8410/1886] Fetching: CHARLES A. REHBERG, PETITIONER v. JAMES P. PAULK (2011/10-788)
2025-12-04 16:55:32,946 - INFO - ✅ Success (584 turns, 64,391 chars)
2025-12-04 16:55:34,515 - INFO - [8411/1886] Fetching: ALBERT W. FLORENCE, PETITIONER v. BOARD OF CHOSEN FREEHOLDERS OF THE COUNTY OF BURLINGTON et al. (2011/10-945)
2025-12-04 16:55:36,513 - INFO - ✅ Success (735 turns, 79,560 chars)
2025-12-04 16:55:38,096 - INFO - [8412/1886] Fetching: CARACO PHARMACEUTICAL LABORATORIES, LTD., et al., PETITIONERS v. NOVO NORDISK A/S et al. (2011/10-844)
2025-12-04 16:55:40,042 - INFO - ✅ Success (676 turns, 71,120 chars)
2025-12-04 16:55:41,623 - INFO - [8413/1886] Fetching: STEVE A. FILARSKY, PETITIONER v. NICHOLAS B. DELIA. (2011/10-1018)
2025-12-04 16:55:43,718 - INFO - ✅ Success (657 turns, 74,713 chars)
2025-12-04 16:55:45,308 - INFO - [8414/1886] Fetching: ASID MOHAMAD, INDIVIDUALLY AND FOR THE ESTATE OF AZZAM RAHIM, DECEASED, et al., PETITIONERS v. PALESTINIAN AUTHORITY et al. (2011/11-88)
2025-12-04 16:55:46,936 - INFO - ✅ Success (493 turns, 61,300 chars)
2025-12-04 16:55:48,532 - INFO - [8415/1886] Fetching: DAVID J. KAPPOS, UNDER SECRETARY OF COMMERCE FOR INTELLECTUAL PROPERTY AND DIRECTOR, PATENT AND TRADEMARK OFFICE, PETITIONER v. GILBERT P. HYATT (2011/10-1219)
2025-12-04 16:55:50,067 - INFO - ✅ Success (468 turns, 63,167 chars)
2025-12-04 16:55:50,130 - INFO - 📊 Progress saved: 560 transcripts
2025-12-04 16:55:51,633 - INFO - [8416/1886] Fetching: PATRICK WOOD, PETITIONER v. KEVIN MILYARD, WARDEN, et al. (2011/10-9995)
2025-12-04 16:55:53,231 - INFO - ✅ Success (578 turns, 64,430 chars)
2025-12-04 16:55:54,818 - INFO - [8417/1886] Fetching: UNITED STATES, PETITIONER v. HOME CONCRETE & SUPPLY, LLC, et al. (2011/11-139)
2025-12-04 16:55:56,478 - INFO - ✅ Success (560 turns, 69,096 chars)
2025-12-04 16:55:58,053 - INFO - [8418/1886] Fetching: LYNWOOD D. HALL, ET UX., PETITIONERS v. UNITED STATES (2011/10-875)
2025-12-04 16:55:59,707 - INFO - ✅ Success (567 turns, 67,740 chars)
2025-12-04 16:56:01,276 - INFO - [8419/1886] Fetching: MICHAEL J. ASTRUE, COMMISSIONER OF SOCIAL SECURITY, PETITIONER v. KAREN K. CAPATO, ON BEHALF OF B. N. C., et al. (2011/11-159)
2025-12-04 16:56:03,251 - INFO - ✅ Success (518 turns, 64,931 chars)
2025-12-04 16:56:04,844 - INFO - [8420/1886] Fetching: KOUICHI TANIGUCHI, PETITIONER v. KAN PACIFIC SAIPAN, LTD., DBA MARIANAS RESORT AND SPA (2011/10-1472)
2025-12-04 16:56:06,856 - INFO - ✅ Success (496 turns, 60,880 chars)
2025-12-04 16:56:08,427 - INFO - [8421/1886] Fetching: ERIC H. HOLDER, JR., ATTORNEY GENERAL, PETITIONER  v. CARLOS MARTINEZ GUTIERREZ (2011/10-1542)
2025-12-04 16:56:10,116 - INFO - ✅ Success (545 turns, 68,961 chars)
2025-12-04 16:56:11,701 - INFO - [8422/1886] Fetching: ALEX BLUEFORD, PETITIONER v. ARKANSAS (2011/10-1320)
2025-12-04 16:56:13,385 - INFO - ✅ Success (586 turns, 65,625 chars)
2025-12-04 16:56:14,973 - INFO - [8423/1886] Fetching: TAMMY FORET FREEMAN, et al., PETITIONERS v. QUICKEN LOANS, INC. (2011/10-1042)
2025-12-04 16:56:16,908 - INFO - ✅ Success (641 turns, 71,864 chars)
2025-12-04 16:56:18,497 - INFO - [8424/1886] Fetching: RADLAX GATEWAY HOTEL, LLC, et al. v. AMALGAMATED BANK (2011/11-166)
2025-12-04 16:56:20,165 - INFO - ✅ Success (558 turns, 69,277 chars)
2025-12-04 16:56:21,756 - INFO - [8425/1886] Fetching: BRIAN COLEMAN, SUPERINTENDENT, STATE CORRECTIONAL INSTITUTION AT FAYETTE, et al. v. LORENZO JOHNSON (2011/11-1053)
2025-12-04 16:56:22,289 - INFO - ⚠️  No transcript available
2025-12-04 16:56:23,877 - INFO - [8426/1886] Fetching: VIRGIL D. 'GUS' REICHLE, JR., et al., PETITIONERS v. STEVEN HOWARDS (2011/11-262)
2025-12-04 16:56:25,635 - INFO - ✅ Success (595 turns, 68,296 chars)
2025-12-04 16:56:25,717 - INFO - 📊 Progress saved: 570 transcripts
2025-12-04 16:56:27,224 - INFO - [8427/1886] Fetching: CHRISTINE ARMOUR, et al., PETITIONERS v. CITY OF INDIANAPOLIS, INDIANA, et al. (2011/11-161)
2025-12-04 16:56:29,053 - INFO - ✅ Success (812 turns, 81,076 chars)
2025-12-04 16:56:30,633 - INFO - [8428/1886] Fetching: PHILIP PARKER, WARDEN v. DAVID EUGENE MATTHEWS (2011/11-845)
2025-12-04 16:56:31,417 - INFO - ⚠️  No transcript available
2025-12-04 16:56:33,006 - INFO - [8429/1886] Fetching: ELGIN v. DEPARTMENT OF TREASURY (2011/11-45)
2025-12-04 16:56:34,812 - INFO - ✅ Success (614 turns, 69,998 chars)
2025-12-04 16:56:36,384 - INFO - [8430/1886] Fetching: MATCH-E-BE-NASH-SHE-WISH BAND OF POTTAWATOMI INDIANS v. PATCHAK (2011/11-246)
2025-12-04 16:56:38,460 - INFO - ✅ Success (630 turns, 69,697 chars)
2025-12-04 16:56:40,046 - INFO - [8431/1886] Fetching: SALAZAR v. RAMAH NAVAJO CHAPTER (2011/11-551)
2025-12-04 16:56:42,491 - INFO - ✅ Success (750 turns, 74,623 chars)
2025-12-04 16:56:44,083 - INFO - [8432/1886] Fetching: MICHAEL SHANE CHRISTOPHER, et al., PETITIONERS v. SMITHKLINE BEECHAM CORPORATION DBA GLAXOSMITHKLINE (2011/11-204)
2025-12-04 16:56:46,000 - INFO - ✅ Success (738 turns, 80,103 chars)
2025-12-04 16:56:47,589 - INFO - [8433/1886] Fetching: WILLIAMS v. ILLINOIS (2011/10-8505)
2025-12-04 16:56:49,346 - INFO - ✅ Success (586 turns, 64,237 chars)
2025-12-04 16:56:50,936 - INFO - [8434/1886] Fetching: SOUTHERN UNION CO. v. UNITED STATES (2011/11-94)
2025-12-04 16:56:52,654 - INFO - ✅ Success (527 turns, 65,449 chars)
2025-12-04 16:56:54,232 - INFO - [8435/1886] Fetching: DIANNE KNOX, et al., PETITIONERS v. SERVICE EMPLOYEES INTERNATIONAL UNION, LOCAL 1000 (2011/10-1121)
2025-12-04 16:56:55,855 - INFO - ✅ Success (536 turns, 64,668 chars)
2025-12-04 16:56:57,448 - INFO - [8436/1886] Fetching: EDWARD DORSEY, SR., PETITIONER  v. UNITED STATES (2011/11-5683)
2025-12-04 16:56:59,304 - INFO - ✅ Success (591 turns, 68,535 chars)
2025-12-04 16:57:00,888 - INFO - [8437/1886] Fetching: FEDERAL COMMUNICATIONS COMMISSION, et al., PETITIONERS v. FOX TELEVISION STATIONS, INC., et al. (2011/10-1293)
2025-12-04 16:57:02,598 - INFO - ✅ Success (541 turns, 67,992 chars)
2025-12-04 16:57:02,682 - INFO - 📊 Progress saved: 580 transcripts
2025-12-04 16:57:04,188 - INFO - [8438/1886] Fetching: AMERICAN TRADITION PARTNERSHIP, INC., FKA WESTERN TRADITION PARTNERSHIP, INC., et al. v. STEVE BULLOCK, ATTORNEY GENERAL OF MONTANA, et al. (2011/11-1179)
2025-12-04 16:57:04,679 - INFO - ⚠️  No transcript available
2025-12-04 16:57:04,739 - INFO - 📊 Progress saved: 580 transcripts
2025-12-04 16:57:06,246 - INFO - [8439/1886] Fetching: EVAN MILLER, PETITIONER v. ALABAMA (2011/10-9646)
2025-12-04 16:57:08,074 - INFO - ✅ Success (598 turns, 72,751 chars)
2025-12-04 16:57:09,659 - INFO - [8440/1886] Fetching: ARIZONA, et al., PETITIONERS v. UNITED STATES (2011/11-182)
2025-12-04 16:57:11,576 - INFO - ✅ Success (800 turns, 98,039 chars)
2025-12-04 16:57:13,145 - INFO - [8441/1886] Fetching: UNITED STATES, PETITIONER v. XAVIER ALVAREZ (2011/11-210)
2025-12-04 16:57:14,885 - INFO - ✅ Success (570 turns, 64,365 chars)
2025-12-04 16:57:16,477 - INFO - [8442/1886] Fetching: NATIONAL FEDERATION OF INDEPENDENT BUSINESS, et al., PETITIONERS v. KATHLEEN SEBELIUS, SECRETARY OF HEALTH AND HUMAN SERVICES, et al. (2011/11-393)
2025-12-04 16:57:18,581 - INFO - ✅ Success (783 turns, 94,826 chars)
2025-12-04 16:57:20,168 - INFO - [8443/1886] Fetching: FIRST AMERICAN FINANCIAL CORPORATION, SUCCESSOR IN INTEREST TO THE FIRST AMERICAN CORPORATION, et al., PETITIONERS v. DENISE P. EDWARDS (2011/10-708)
2025-12-04 16:57:22,595 - INFO - ✅ Success (654 turns, 72,150 chars)
2025-12-04 16:57:24,166 - INFO - [8444/1886] Fetching: ARKANSAS GAME AND FISH COMMISSION, PETITIONER v. UNITED STATES (2012/11-597)
2025-12-04 16:57:25,948 - INFO - ✅ Success (631 turns, 68,173 chars)
2025-12-04 16:57:27,540 - INFO - [8445/1886] Fetching: STEVEN LEFEMINE, DBA COLUMBIA CHRISTIANS FOR LIFE v. DAN WIDEMAN et al. (2012/12-168)
2025-12-04 16:57:28,042 - INFO - ⚠️  No transcript available
2025-12-04 16:57:29,626 - INFO - [8446/1886] Fetching: NITRO-LIFT TECHNOLOGIES, L.L.C. v. EDDIE LEE HOWARD et al. (2012/11-1377)
2025-12-04 16:57:30,126 - INFO - ⚠️  No transcript available
2025-12-04 16:57:31,711 - INFO - [8447/1886] Fetching: UNITED STATES, PETITIONER v. JAMES X. BORMES (2012/11-192)
2025-12-04 16:57:33,415 - INFO - ✅ Success (576 turns, 67,868 chars)
2025-12-04 16:57:34,982 - INFO - [8448/1886] Fetching: CAROLYN M. KLOECKNER, PETITIONER v. HILDA L. SOLIS, SECRETARY OF LABOR (2012/11-184)
2025-12-04 16:57:36,659 - INFO - ✅ Success (613 turns, 67,169 chars)
2025-12-04 16:57:38,251 - INFO - [8449/1886] Fetching: CALVIN SMITH, PETITIONER v. UNITED STATES (2012/11-8976)
2025-12-04 16:57:40,193 - INFO - ✅ Success (680 turns, 74,333 chars)
2025-12-04 16:57:41,786 - INFO - [8450/1886] Fetching: ALREADY, LLC, DBA YUMS, PETITIONER v. NIKE, INC. (2012/11-982)
2025-12-04 16:57:43,614 - INFO - ✅ Success (593 turns, 71,372 chars)
2025-12-04 16:57:43,700 - INFO - 📊 Progress saved: 590 transcripts
2025-12-04 16:57:45,206 - INFO - [8451/1886] Fetching: LOS ANGELES COUNTY FLOOD CONTROL DISTRICT PETITIONER v. NATURAL RESOURCES DEFENSE COUNCIL, INC., et al. (2012/11-460)
2025-12-04 16:57:47,141 - INFO - ✅ Success (719 turns, 76,130 chars)
2025-12-04 16:57:48,731 - INFO - [8452/1886] Fetching: CHARLES L. RYAN, PETITIONER v. ERNEST VALENCIA GONZALES (2012/10-930)
2025-12-04 16:57:50,351 - INFO - ✅ Success (456 turns, 49,987 chars)
2025-12-04 16:57:51,947 - INFO - [8453/1886] Fetching: FANE LOZMAN, PETITIONER v. THE CITY OF RIVIERA BEACH, FLORIDA (2012/11-626)
2025-12-04 16:57:53,848 - INFO - ✅ Success (608 turns, 71,129 chars)
2025-12-04 16:57:55,439 - INFO - [8454/1886] Fetching: KATHLEEN SEBELIUS, SECRETARY OF HEALTH AND HUMAN SERVICES, PETITIONER v. AUBURN REGIONAL MEDICAL CENTER et al. (2012/11-1231)
2025-12-04 16:57:57,053 - INFO - ✅ Success (537 turns, 67,501 chars)
2025-12-04 16:57:58,635 - INFO - [8455/1886] Fetching: JEFFREY LEE CHAFIN, PETITIONER v. LYNNE HALES CHAFIN (2012/11-1347)
2025-12-04 16:58:00,829 - INFO - ✅ Success (698 turns, 74,602 chars)
2025-12-04 16:58:02,421 - INFO - [8456/1886] Fetching: CHUNON L. BAILEY, AKA POLO, PETITIONER v. UNITED STATES (2012/11-770)
2025-12-04 16:58:04,135 - INFO - ✅ Success (613 turns, 75,372 chars)
2025-12-04 16:58:05,727 - INFO - [8457/1886] Fetching: FEDERAL TRADE COMMISSION, PETITIONER v. PHOEBE PUTNEY HEALTH SYSTEM, INC., et al. (2012/11-1160)
2025-12-04 16:58:07,374 - INFO - ✅ Success (541 turns, 66,251 chars)
2025-12-04 16:58:08,952 - INFO - [8458/1886] Fetching: FLORIDA, PETITIONER v. CLAYTON HARRIS (2012/11-817)
2025-12-04 16:58:10,530 - INFO - ✅ Success (525 turns, 62,655 chars)
2025-12-04 16:58:12,127 - INFO - [8459/1886] Fetching: ARMARCION D. HENDERSON, PETITIONER v. UNITED STATES (2012/11-9307)
2025-12-04 16:58:13,723 - INFO - ✅ Success (579 turns, 67,908 chars)
2025-12-04 16:58:15,315 - INFO - [8460/1886] Fetching: DEBORAH K. JOHNSON, ACTING WARDEN, PETITIONER v. TARA SHENEVA WILLIAMS (2012/11-465)
2025-12-04 16:58:16,852 - INFO - ✅ Success (461 turns, 54,563 chars)
2025-12-04 16:58:16,918 - INFO - 📊 Progress saved: 600 transcripts
2025-12-04 16:58:18,424 - INFO - [8461/1886] Fetching: LAMAR EVANS, PETITIONER v. MICHIGAN (2012/11-1327)
2025-12-04 16:58:20,070 - INFO - ✅ Success (588 turns, 69,153 chars)
2025-12-04 16:58:21,654 - INFO - [8462/1886] Fetching: ROSELVA CHAIDEZ, PETITIONER v. UNITED STATES (2012/11-820)
2025-12-04 16:58:23,288 - INFO - ✅ Success (522 turns, 70,711 chars)
2025-12-04 16:58:24,876 - INFO - [8463/1886] Fetching: OLIVEA MARX, PETITIONER v. GENERAL REVENUE CORPORATION (2012/11-1175)
2025-12-04 16:58:26,545 - INFO - ✅ Success (575 turns, 61,853 chars)
2025-12-04 16:58:28,119 - INFO - [8464/1886] Fetching: JAMES R. CLAPPER, JR., DIRECTOR OF NATIONAL INTELLIGENCE, et al., PETITIONERS v. AMNESTY INTERNATIONAL USA et al. (2012/11-1025)
2025-12-04 16:58:29,850 - INFO - ✅ Success (606 turns, 73,283 chars)
2025-12-04 16:58:31,432 - INFO - [8465/1886] Fetching: MARC J. GABELLI AND BRUCE ALPERT, PETITIONERS v. SECURITIES AND EXCHANGE COMMISSION (2012/11-1274)
2025-12-04 16:58:33,213 - INFO - ✅ Success (570 turns, 65,475 chars)
2025-12-04 16:58:34,804 - INFO - [8466/1886] Fetching: AMGEN INC., et al., PETITIONERS v. CONNECTICUT RETIREMENT PLANS AND TRUST FUNDS (2012/11-1085)
2025-12-04 16:58:36,427 - INFO - ✅ Success (527 turns, 63,864 chars)
2025-12-04 16:58:38,009 - INFO - [8467/1886] Fetching: STEVEN ALAN LEVIN, PETITIONER v. UNITED STATES et al. (2012/11-1351)
2025-12-04 16:58:39,582 - INFO - ✅ Success (556 turns, 69,452 chars)
2025-12-04 16:58:41,174 - INFO - [8468/1886] Fetching: SUPAP KIRTSAENG, DBA BLUECHRISTINE99, PETITIONER v. JOHN WILEY & SONS, INC. (2012/11-697)
2025-12-04 16:58:42,812 - INFO - ✅ Success (559 turns, 65,988 chars)
2025-12-04 16:58:44,387 - INFO - [8469/1886] Fetching: THE STANDARD FIRE INSURANCE COMPANY, PETITIONER v. GREG KNOWLES (2012/11-1450)
2025-12-04 16:58:45,946 - INFO - ✅ Success (503 turns, 69,082 chars)
2025-12-04 16:58:47,536 - INFO - [8470/1886] Fetching: DOUG DECKER, IN HIS OFFICIAL CAPACITY AS OREGON STATE FORESTER, et al., PETITIONERS v. NORTHWEST ENVIRONMENTAL DEFENSE CENTER; (2012/11-338)
2025-12-04 16:58:49,175 - INFO - ✅ Success (456 turns, 57,011 chars)
2025-12-04 16:58:49,266 - INFO - 📊 Progress saved: 610 transcripts
2025-12-04 16:58:50,772 - INFO - [8471/1886] Fetching: ALDONA WOS, SECRETARY, NORTH CAROLINA DEPARTMENT OF HEALTH AND HUMAN SERVICES, PETITIONER v. E. M. A., A MINOR, BY AND THROUGH HER GUARDIAN AD LITEM, DANIEL H. JOHNSON, et al. (2012/12-98)
2025-12-04 16:58:52,665 - INFO - ✅ Success (625 turns, 68,874 chars)
2025-12-04 16:58:54,255 - INFO - [8472/1886] Fetching: JERRY W. GUNN, et al., PETITIONERS v. VERNON F. MINTON (2012/11-1118)
2025-12-04 16:58:55,819 - INFO - ✅ Success (542 turns, 62,080 chars)
2025-12-04 16:58:57,416 - INFO - [8473/1886] Fetching: FLORIDA, PETITIONER v. JOELIS JARDINES (2012/11-564)
2025-12-04 16:58:59,461 - INFO - ✅ Success (755 turns, 79,674 chars)
2025-12-04 16:59:01,048 - INFO - [8474/1886] Fetching: COMCAST CORPORATION, et al., PETITIONERS v. CAROLINE BEHREND et al. (2012/11-864)
2025-12-04 16:59:03,533 - INFO - ✅ Success (566 turns, 67,095 chars)
2025-12-04 16:59:05,124 - INFO - [8475/1886] Fetching: KIM MILLBROOK, PETITIONER v. UNITED STATES (2012/11-10362)
2025-12-04 16:59:06,681 - INFO - ✅ Success (520 turns, 72,645 chars)
2025-12-04 16:59:08,262 - INFO - [8476/1886] Fetching: JOHN MARSHALL, WARDEN v. OTIS LEE RODGERS (2012/12-382)
2025-12-04 16:59:08,737 - INFO - ⚠️  No transcript available
2025-12-04 16:59:10,334 - INFO - [8477/1886] Fetching: GENESIS HEALTHCARE CORPORATION, et al., PETITIONERS v. LAURA SYMCZYK (2012/11-1059)
2025-12-04 16:59:12,066 - INFO - ✅ Success (596 turns, 71,158 chars)
2025-12-04 16:59:13,663 - INFO - [8478/1886] Fetching: US AIRWAYS, INC., IN ITS CAPACITY AS FIDUCIARY AND PLAN ADMINISTRATOR OF THE US AIRWAYS, INC. EMPLOYEE BENEFITS PLAN, PETITIONER v. JAMES E. MCCUTCHEN et al. (2012/11-1285)
2025-12-04 16:59:15,426 - INFO - ✅ Success (629 turns, 72,426 chars)
2025-12-04 16:59:17,007 - INFO - [8479/1886] Fetching: ESTHER KIOBEL, INDIVIDUALLY AND ON BEHALF OF HER LATE HUSBAND, DR. BARINEM KIOBEL, et al., PETITIONERS v. ROYAL DUTCH PETROLEUM CO. et al. (2012/10-1491)
2025-12-04 16:59:17,381 - INFO - ⚠️  No transcript available
2025-12-04 16:59:18,948 - INFO - [8480/1886] Fetching: MISSOURI, PETITIONER v. G. MCNEELY (2012/11-1425)
2025-12-04 16:59:20,682 - INFO - ✅ Success (609 turns, 75,489 chars)
2025-12-04 16:59:22,273 - INFO - [8481/1886] Fetching: ADRIAN MONCRIEFFE, PETITIONER v. ERIC H. HOLDER, JR., ATTORNEY GENERAL (2012/11-702)
2025-12-04 16:59:24,086 - INFO - ✅ Success (693 turns, 77,343 chars)
2025-12-04 16:59:25,677 - INFO - [8482/1886] Fetching: MARK J. MCBURNEY, et al., PETITIONERS v. NATHANIEL L. YOUNG, DEPUTY COMMISSIONER AND DIRECTOR, VIRGINIA DIVISION OF CHILD SUPPORT ENFORCEMENT, et al. (2012/12-17)
2025-12-04 16:59:27,927 - INFO - ✅ Success (626 turns, 66,450 chars)
2025-12-04 16:59:28,007 - INFO - 📊 Progress saved: 620 transcripts
2025-12-04 16:59:29,513 - INFO - [8483/1886] Fetching: JONATHAN EDWARD BOYER, PETITIONER v. LOUISIANA (2012/11-9953)
2025-12-04 16:59:31,664 - INFO - ✅ Success (619 turns, 67,267 chars)
2025-12-04 16:59:33,252 - INFO - [8484/1886] Fetching: DANâS CITY USED CARS, INC., DBA DANâS CITY AUTO BODY, PETITIONER v. ROBERT PELKEY (2012/12-52)
2025-12-04 16:59:34,952 - INFO - ✅ Success (540 turns, 63,635 chars)
2025-12-04 16:59:36,548 - INFO - [8485/1886] Fetching: RANDY CURTIS BULLOCK, PETITIONER v. BANKCHAMPAIGN, N. A. (2012/11-1518)
2025-12-04 16:59:38,693 - INFO - ✅ Success (572 turns, 66,284 chars)
2025-12-04 16:59:40,279 - INFO - [8486/1886] Fetching: VERNON HUGH BOWMAN, PETITIONER v. MONSANTO COMPANY et al. (2012/11-796)
2025-12-04 16:59:41,979 - INFO - ✅ Success (665 turns, 75,424 chars)
2025-12-04 16:59:43,572 - INFO - [8487/1886] Fetching: CITY OF ARLINGTON, TEXAS, et al., PETITIONERS v. FEDERAL COMMUNICATIONS COMMISSION et al. (2012/11-1545)
2025-12-04 16:59:45,652 - INFO - ✅ Success (622 turns, 73,881 chars)
2025-12-04 16:59:47,246 - INFO - [8488/1886] Fetching: PPL CORPORATION AND SUBSIDIARIES, PETITIONERS v. COMMISSIONER OF INTERNAL REVENUE (2012/12-43)
2025-12-04 16:59:48,891 - INFO - ✅ Success (613 turns, 69,176 chars)
2025-12-04 16:59:50,477 - INFO - [8489/1886] Fetching: LINDA METRISH, WARDEN, PETITIONER v. BURT LANCASTER (2012/12-547)
2025-12-04 16:59:52,557 - INFO - ✅ Success (635 turns, 69,332 chars)
2025-12-04 16:59:54,135 - INFO - [8490/1886] Fetching: KATHLEEN SEBELIUS, SECRETARY OF HEALTH AND HUMAN SERVICES, PETITIONER v. MELISSA CLOER (2012/12-236)
2025-12-04 16:59:55,759 - INFO - ✅ Success (458 turns, 64,448 chars)
2025-12-04 16:59:57,383 - INFO - [8491/1886] Fetching: GREG MCQUIGGIN, WARDEN, PETITIONER v. FLOYD PERKINS (2012/12-126)
2025-12-04 16:59:59,419 - INFO - ✅ Success (652 turns, 76,775 chars)
2025-12-04 17:00:01,016 - INFO - [8492/1886] Fetching: CARLOS TREVINO, PETITIONER v. RICK THALER, DIRECTOR, TEXAS DEPARTMENT OF CRIMINAL JUSTICE, CORRECTIONAL INSTITUTIONS DIVISION (2012/11-10189)
2025-12-04 17:00:03,933 - INFO - ✅ Success (509 turns, 63,529 chars)
2025-12-04 17:00:04,023 - INFO - 📊 Progress saved: 630 transcripts
2025-12-04 17:00:05,530 - INFO - [8493/1886] Fetching: MARYLAND, PETITIONER v. ALONZO JAY KING, JR. (2012/12-207)
2025-12-04 17:00:08,595 - INFO - ✅ Success (621 turns, 73,078 chars)
2025-12-04 17:00:10,178 - INFO - [8494/1886] Fetching: JACQUELINE HILLMAN, PETITIONER v. JUDY A. MARETTA (2012/11-1221)
2025-12-04 17:00:11,983 - INFO - ✅ Success (468 turns, 61,186 chars)
2025-12-04 17:00:13,580 - INFO - [8495/1886] Fetching: NEVADA, et al., PETITIONERS v. CALVIN OâNEIL JACKSON (2012/12-694)
2025-12-04 17:00:14,074 - INFO - ⚠️  No transcript available
2025-12-04 17:00:15,669 - INFO - [8496/1886] Fetching: MARVIN D. HORNE, et al., PETITIONERS v. DEPARTMENT OF AGRICULTURE (2012/12-123)
2025-12-04 17:00:17,550 - INFO - ✅ Success (657 turns, 70,482 chars)
2025-12-04 17:00:19,127 - INFO - [8497/1886] Fetching: MARVIN PEUGH, PETITIONER v. UNITED STATES (2012/12-62)
2025-12-04 17:00:21,663 - INFO - ✅ Success (607 turns, 69,529 chars)
2025-12-04 17:00:23,249 - INFO - [8498/1886] Fetching: OXFORD HEALTH PLANS LLC, PETITIONER v. JOHN IVAN SUTTER (2012/12-135)
2025-12-04 17:00:24,891 - INFO - ✅ Success (518 turns, 59,637 chars)
2025-12-04 17:00:26,473 - INFO - [8499/1886] Fetching: AMERICAN TRUCKING ASSOCIATIONS, INC., PETITIONER v. CITY OF LOS ANGELES, CALIFORNIA, et al. (2012/11-798)
2025-12-04 17:00:28,200 - INFO - ✅ Success (616 turns, 66,909 chars)
2025-12-04 17:00:29,777 - INFO - [8500/1886] Fetching: TARRANT REGIONAL WATER DISTRICT, PETITIONER v. RUDOLF JOHN HERRMANN, et al. (2012/11-889)
2025-12-04 17:00:31,626 - INFO - ✅ Success (689 turns, 72,901 chars)
2025-12-04 17:00:33,227 - INFO - [8501/1886] Fetching: UNITED STATES, PETITIONER v. ANTHONY DAVILA (2012/12-167)
2025-12-04 17:00:35,184 - INFO - ✅ Success (378 turns, 57,062 chars)
2025-12-04 17:00:36,765 - INFO - [8502/1886] Fetching: ASSOCIATION FOR MOLECULAR PATHOLOGY, et al., PETITIONERS v. MYRIAD GENETICS, INC., et al. (2012/12-398)
2025-12-04 17:00:39,808 - INFO - ✅ Success (737 turns, 80,292 chars)
2025-12-04 17:00:41,385 - INFO - [8503/1886] Fetching: GENOVEVO SALINAS, PETITIONER v. TEXAS (2012/12-246)
2025-12-04 17:00:43,126 - INFO - ✅ Success (661 turns, 75,397 chars)
2025-12-04 17:00:43,201 - INFO - 📊 Progress saved: 640 transcripts
2025-12-04 17:00:44,708 - INFO - [8504/1886] Fetching: FEDERAL TRADE COMMISSION, PETITIONER v. ACTAVIS, INC., et al. (2012/12-416)
2025-12-04 17:00:46,345 - INFO - ✅ Success (521 turns, 69,709 chars)
2025-12-04 17:00:47,928 - INFO - [8505/1886] Fetching: ALLEN RYAN ALLEYNE, PETITIONER v. UNITED STATES (2012/11-9335)
2025-12-04 17:00:49,726 - INFO - ✅ Success (540 turns, 62,637 chars)
2025-12-04 17:00:51,316 - INFO - [8506/1886] Fetching: EDWARD F. MARACICH, et al., PETITIONERS v. MICHAEL EUGENE SPEARS et al. (2012/12-25)
2025-12-04 17:00:53,205 - INFO - ✅ Success (621 turns, 73,740 chars)
2025-12-04 17:00:54,788 - INFO - [8507/1886] Fetching: ARIZONA, et al., PETITIONERS v. THE INTER TRIBAL COUNCIL OF ARIZONA, INC., et al. (2012/12-71)
2025-12-04 17:00:56,679 - INFO - ✅ Success (690 turns, 76,249 chars)
2025-12-04 17:00:58,276 - INFO - [8508/1886] Fetching: AGENCY FOR INTERNATIONAL DEVELOPMENT, et al., PETITIONERS v. ALLIANCE FOR OPEN SOCIETY INTERNATIONAL, INC., et al. (2012/12-10)
2025-12-04 17:00:59,395 - INFO - ✅ Success (564 turns, 69,174 chars)
2025-12-04 17:01:01,027 - INFO - [8509/1886] Fetching: AMERICAN EXPRESS COMPANY, et al., PETITIONERS v. ITALIAN COLORS RESTAURANT, et al. (2012/12-133)
2025-12-04 17:01:03,819 - INFO - ✅ Success (622 turns, 72,422 chars)
2025-12-04 17:01:05,421 - INFO - [8510/1886] Fetching: MATTHEW ROBERT DESCAMPS, PETITIONER v. UNITED STATES (2012/11-9540)
2025-12-04 17:01:07,102 - INFO - ✅ Success (550 turns, 64,861 chars)
2025-12-04 17:01:08,706 - INFO - [8511/1886] Fetching: ABIGAIL NOEL FISHER, PETITIONER v. UNIVERSITY OF TEXAS AT AUSTIN et al. (2012/11-345)
2025-12-04 17:01:10,966 - INFO - ✅ Success (938 turns, 96,957 chars)
2025-12-04 17:01:12,564 - INFO - [8512/1886] Fetching: MUTUAL PHARMACEUTICAL COMPANY, INC., PETITIONER v. KAREN L. BARTLETT (2012/12-142)
2025-12-04 17:01:14,224 - INFO - ✅ Success (553 turns, 68,358 chars)
2025-12-04 17:01:15,821 - INFO - [8513/1886] Fetching: MAETTA VANCE, PETITIONER v. BALL STATE UNIVERSITY (2012/11-556)
2025-12-04 17:01:17,461 - INFO - ✅ Success (541 turns, 69,768 chars)
2025-12-04 17:01:17,541 - INFO - 📊 Progress saved: 650 transcripts
2025-12-04 17:01:19,052 - INFO - [8514/1886] Fetching: UNITED STATES, PETITIONER v. ANTHONY JAMES KEBODEAUX (2012/12-418)
2025-12-04 17:01:20,643 - INFO - ✅ Success (554 turns, 66,345 chars)
2025-12-04 17:01:22,245 - INFO - [8515/1886] Fetching: UNIVERSITY OF TEXAS SOUTHWESTERN MEDICAL CENTER, PETITIONER v. NAIEL NASSAR (2012/12-484)
2025-12-04 17:01:23,777 - INFO - ✅ Success (594 turns, 71,604 chars)
2025-12-04 17:01:25,372 - INFO - [8516/1886] Fetching: SHELBY COUNTY v. HOLDER (2012/12-96)
2025-12-04 17:01:27,599 - INFO - ✅ Success (745 turns, 85,768 chars)
2025-12-04 17:01:29,189 - INFO - [8517/1886] Fetching: KOONTZ v. ST. JOHNS RIVER WATER MGMT. DIST. (2012/11-1447)
2025-12-04 17:01:31,621 - INFO - ✅ Success (602 turns, 69,038 chars)
2025-12-04 17:01:33,221 - INFO - [8518/1886] Fetching: ADOPTIVE COUPLE v. BABY GIRL (2012/12-399)
2025-12-04 17:01:35,161 - INFO - ✅ Success (688 turns, 74,828 chars)
2025-12-04 17:01:36,760 - INFO - [8519/1886] Fetching: RYAN v. SCHAD (2012/12-1084)
2025-12-04 17:01:37,248 - INFO - ⚠️  No transcript available
2025-12-04 17:01:38,842 - INFO - [8520/1886] Fetching: HOLLINGSWORTH v. PERRY (2012/12-144)
2025-12-04 17:01:40,808 - INFO - ✅ Success (676 turns, 83,826 chars)
2025-12-04 17:01:42,406 - INFO - [8521/1886] Fetching: SEKHAR v. UNITED STATES (2012/12-357)
2025-12-04 17:01:44,171 - INFO - ✅ Success (635 turns, 76,575 chars)
2025-12-04 17:01:45,773 - INFO - [8522/1886] Fetching: UNITED STATES v. WINDSOR (2012/12-307)
2025-12-04 17:01:47,056 - INFO - ✅ Success (1135 turns, 139,227 chars)
2025-12-04 17:01:48,655 - INFO - [8523/1886] Fetching: MADIGAN v. LEVIN (2013/12-872)
2025-12-04 17:01:50,250 - ERROR - Unexpected error for 2013/12-872: 'NoneType' object has no attribute 'get'
2025-12-04 17:01:50,252 - INFO - ⚠️  No transcript available
2025-12-04 17:01:51,854 - INFO - [8524/1886] Fetching: STANTON v. SIMS (2013/12-1217)
2025-12-04 17:01:52,383 - INFO - ⚠️  No transcript available
2025-12-04 17:01:53,985 - INFO - [8525/1886] Fetching: BURT v. TITLOW (2013/12-414)
2025-12-04 17:01:55,619 - INFO - ✅ Success (619 turns, 72,042 chars)
2025-12-04 17:01:57,198 - INFO - [8526/1886] Fetching: FORD MOTOR CO. v. UNITED STATES (2013/13-113)
2025-12-04 17:01:57,675 - INFO - ⚠️  No transcript available
2025-12-04 17:01:59,270 - INFO - [8527/1886] Fetching: UNITED STATES v. WOODS (2013/12-562)
2025-12-04 17:02:01,026 - INFO - ✅ Success (580 turns, 71,778 chars)
2025-12-04 17:02:01,141 - INFO - 📊 Progress saved: 660 transcripts
2025-12-04 17:02:02,648 - INFO - [8528/1886] Fetching: ATLANTIC MARINE CONSTR. CO. v. UNITED STATES DIST. COURT FOR WESTERN DIST. OF TEX. (2013/12-929)
2025-12-04 17:02:04,559 - INFO - ✅ Success (648 turns, 70,285 chars)
2025-12-04 17:02:06,166 - INFO - [8529/1886] Fetching: SPRINT COMMUNICATIONS, INC. v. JACOBS (2013/12-815)
2025-12-04 17:02:07,555 - INFO - ✅ Success (446 turns, 52,021 chars)
2025-12-04 17:02:09,150 - INFO - [8530/1886] Fetching: UNITE HERE LOCAL 355 v. MULHALL (2013/12-99)
2025-12-04 17:02:11,063 - INFO - ✅ Success (647 turns, 69,216 chars)
2025-12-04 17:02:12,661 - INFO - [8531/1886] Fetching: KANSAS v. CHEEVER (2013/12-609)
2025-12-04 17:02:14,480 - INFO - ✅ Success (617 turns, 72,335 chars)
2025-12-04 17:02:16,091 - INFO - [8532/1886] Fetching: HEIMESHOFF v. HARTFORD LIFE & ACCIDENT INS. CO. (2013/12-729)
2025-12-04 17:02:17,929 - INFO - ✅ Success (574 turns, 73,363 chars)
2025-12-04 17:02:19,513 - INFO - [8533/1886] Fetching: DAIMLERCHRYSLER AG v. BAUMAN (2013/11-965)
2025-12-04 17:02:22,237 - INFO - ✅ Success (586 turns, 68,773 chars)
2025-12-04 17:02:23,829 - INFO - [8534/1886] Fetching: MISS. EX REL. HOOD v. AU OPTRONICS CORP. (2013/12-1036)
2025-12-04 17:02:26,345 - INFO - ✅ Success (601 turns, 69,074 chars)
2025-12-04 17:02:27,939 - INFO - [8535/1886] Fetching: RAY HALUCH GRAVEL CO. v. CENT. PENSION FUND OF INT'L UNION OF OPERATING ENG'RS (2013/12-992)
2025-12-04 17:02:29,459 - INFO - ⚠️  No transcript available
2025-12-04 17:02:31,046 - INFO - [8536/1886] Fetching: MEDTRONIC, INC. v. MIROWSKI FAMILY VENTURES, LLC (2013/12-1128)
2025-12-04 17:02:32,710 - INFO - ✅ Success (573 turns, 63,208 chars)
2025-12-04 17:02:34,309 - INFO - [8537/1886] Fetching: BURRAGE v. UNITED STATES (2013/12-7515)
2025-12-04 17:02:36,115 - INFO - ✅ Success (654 turns, 71,345 chars)
2025-12-04 17:02:37,722 - INFO - [8538/1886] Fetching: SANDIFER v. UNITED STATES STEEL CORP. (2013/12-417)
2025-12-04 17:02:39,490 - INFO - ✅ Success (651 turns, 68,365 chars)
2025-12-04 17:02:39,573 - INFO - 📊 Progress saved: 670 transcripts
2025-12-04 17:02:41,079 - INFO - [8539/1886] Fetching: AIR WISCONSIN AIRLINES CORP. v. HOEPER (2013/12-315)
2025-12-04 17:02:42,788 - INFO - ✅ Success (653 turns, 75,063 chars)
2025-12-04 17:02:44,412 - INFO - [8540/1886] Fetching: HINTON v. ALABAMA (2013/13-6440)
2025-12-04 17:02:44,899 - INFO - ⚠️  No transcript available
2025-12-04 17:02:46,500 - INFO - [8541/1886] Fetching: KALEY v. UNITED STATES (2013/12-464)
2025-12-04 17:02:48,527 - INFO - ✅ Success (586 turns, 67,217 chars)
2025-12-04 17:02:50,128 - INFO - [8542/1886] Fetching: FERNANDEZ v. CALIFORNIA (2013/12-7822)
2025-12-04 17:02:52,573 - INFO - ✅ Success (635 turns, 69,061 chars)
2025-12-04 17:02:54,188 - INFO - [8543/1886] Fetching: WALDEN v. FIORE (2013/12-574)
2025-12-04 17:02:56,401 - INFO - ✅ Success (725 turns, 80,527 chars)
2025-12-04 17:02:58,012 - INFO - [8544/1886] Fetching: CHADBOURNE & PARKE LLP v. TROICE (2013/12-79)
2025-12-04 17:02:59,811 - INFO - ✅ Success (600 turns, 69,387 chars)
2025-12-04 17:03:01,409 - INFO - [8545/1886] Fetching: UNITED STATES v. APEL (2013/12-1038)
2025-12-04 17:03:03,399 - INFO - ✅ Success (610 turns, 71,050 chars)
2025-12-04 17:03:05,003 - INFO - [8546/1886] Fetching: LAWSON v. FMR LLC (2013/12-3)
2025-12-04 17:03:06,816 - INFO - ✅ Success (675 turns, 72,112 chars)
2025-12-04 17:03:08,407 - INFO - [8547/1886] Fetching: LAW v. SIEGEL (2013/12-5196)
2025-12-04 17:03:10,002 - ERROR - Unexpected error for 2013/12-5196: 'NoneType' object has no attribute 'get'
2025-12-04 17:03:10,003 - INFO - ⚠️  No transcript available
2025-12-04 17:03:11,586 - INFO - [8548/1886] Fetching: LOZANO v. MONTOYA ALVAREZ (2013/12-820)
2025-12-04 17:03:13,893 - INFO - ✅ Success (689 turns, 73,017 chars)
2025-12-04 17:03:15,496 - INFO - [8549/1886] Fetching: BG GROUP PLC v. REPUBLIC OF ARGENTINA (2013/12-138)
2025-12-04 17:03:17,261 - INFO - ✅ Success (669 turns, 77,695 chars)
2025-12-04 17:03:18,857 - INFO - [8550/1886] Fetching: ROSEMOND v. UNITED STATES (2013/12-895)
2025-12-04 17:03:20,674 - INFO - ✅ Success (642 turns, 68,674 chars)
2025-12-04 17:03:20,761 - INFO - 📊 Progress saved: 680 transcripts
2025-12-04 17:03:22,271 - INFO - [8551/1886] Fetching: BRANDT TRUST v. UNITED STATES (2013/12-1173)
2025-12-04 17:03:24,224 - INFO - ✅ Success (622 turns, 67,602 chars)
2025-12-04 17:03:25,813 - INFO - [8552/1886] Fetching: LEXMARK INT'L, INC. v. STATIC CONTROL COMPONENTS, INC., (2013/12-873)
2025-12-04 17:03:27,490 - INFO - ✅ Success (469 turns, 60,934 chars)
2025-12-04 17:03:29,097 - INFO - [8553/1886] Fetching: UNITED STATES v. QUALITY STORES, INC., et al. (2013/12-1408)
2025-12-04 17:03:30,429 - INFO - ✅ Success (318 turns, 41,392 chars)
2025-12-04 17:03:32,011 - INFO - [8554/1886] Fetching: UNITED STATES v. CASTLEMAN (2013/12-1371)
2025-12-04 17:03:33,822 - INFO - ✅ Success (671 turns, 77,269 chars)
2025-12-04 17:03:35,422 - INFO - [8555/1886] Fetching: MCCUTCHEON v. FEC (2013/12-536)
2025-12-04 17:03:37,102 - ERROR - Unexpected error for 2013/12-536: 'NoneType' object has no attribute 'get'
2025-12-04 17:03:37,103 - INFO - ⚠️  No transcript available
2025-12-04 17:03:38,690 - INFO - [8556/1886] Fetching: NORTHWEST, INC. v. GINSBERG (2013/12-462)
2025-12-04 17:03:40,311 - INFO - ✅ Success (566 turns, 69,818 chars)
2025-12-04 17:03:41,901 - INFO - [8557/1886] Fetching: SCHUETTE v. COALITION TO DEFEND AFFIRMATIVE ACTION (2013/12-682)
2025-12-04 17:03:43,533 - INFO - ✅ Success (614 turns, 70,537 chars)
2025-12-04 17:03:45,136 - INFO - [8558/1886] Fetching: PRADO NAVARETTE v. CALIFORNIA (2013/12-9490)
2025-12-04 17:03:47,090 - INFO - ✅ Success (694 turns, 75,392 chars)
2025-12-04 17:03:48,699 - INFO - [8559/1886] Fetching: WHITE v. WOODALL (2013/12-794)
2025-12-04 17:03:50,443 - INFO - ✅ Success (581 turns, 60,547 chars)
2025-12-04 17:03:52,062 - INFO - [8560/1886] Fetching: PAROLINE v. UNITED STATES (2013/12-8561)
2025-12-04 17:03:53,902 - INFO - ✅ Success (631 turns, 66,806 chars)
2025-12-04 17:03:55,489 - INFO - [8561/1886] Fetching: EPA v. EME HOMER CITY GENERATION (2013/12-1182)
2025-12-04 17:03:57,216 - INFO - ✅ Success (742 turns, 100,466 chars)
2025-12-04 17:03:57,306 - INFO - 📊 Progress saved: 690 transcripts
2025-12-04 17:03:58,817 - INFO - [8562/1886] Fetching: OCTANE FITNESS, LLC v. ICON HEALTH & FITNESS, INC. (2013/12-1184)
2025-12-04 17:04:00,583 - INFO - ✅ Success (555 turns, 63,023 chars)
2025-12-04 17:04:02,184 - INFO - [8563/1886] Fetching: HIGHMARK INC. v. ALLCARE HEALTH MGMT. SYS. (2013/12-1163)
2025-12-04 17:04:03,446 - ERROR - Unexpected error for 2013/12-1163: 'NoneType' object has no attribute 'get'
2025-12-04 17:04:03,447 - INFO - ⚠️  No transcript available
2025-12-04 17:04:05,049 - INFO - [8564/1886] Fetching: TOWN OF GREECE v. GALLOWAY (2013/12-696)
2025-12-04 17:04:06,952 - INFO - ✅ Success (681 turns, 71,135 chars)
2025-12-04 17:04:08,568 - INFO - [8565/1886] Fetching: ROBERS v. UNITED STATES (2013/12-9012)
2025-12-04 17:04:10,723 - INFO - ✅ Success (784 turns, 75,685 chars)
2025-12-04 17:04:12,313 - INFO - [8566/1886] Fetching: TOLAN v. COTTON (2013/13-551)
2025-12-04 17:04:12,799 - INFO - ⚠️  No transcript available
2025-12-04 17:04:14,412 - INFO - [8567/1886] Fetching: PETRELLA v. METRO-GOLDWYN-MAYER, INC. (2013/12-1315)
2025-12-04 17:04:16,018 - INFO - ✅ Success (683 turns, 74,632 chars)
2025-12-04 17:04:17,618 - INFO - [8568/1886] Fetching: HALL v. FLORIDA (2013/12-10882)
2025-12-04 17:04:19,383 - INFO - ✅ Success (596 turns, 64,071 chars)
2025-12-04 17:04:20,976 - INFO - [8569/1886] Fetching: WOOD v. MOSS (2013/13-115)
2025-12-04 17:04:22,794 - INFO - ✅ Success (631 turns, 72,015 chars)
2025-12-04 17:04:24,383 - INFO - [8570/1886] Fetching: MICHIGAN v. BAY MILLS INDIAN COMMUNITY (2013/12-515)
2025-12-04 17:04:26,354 - INFO - ✅ Success (714 turns, 77,790 chars)
2025-12-04 17:04:27,964 - INFO - [8571/1886] Fetching: PLUMHOFF v. RICKARD (2013/12-1117)
2025-12-04 17:04:29,785 - INFO - ✅ Success (698 turns, 70,008 chars)
2025-12-04 17:04:31,382 - INFO - [8572/1886] Fetching: MARTINEZ v. ILLINOIS (2013/13-5967)
2025-12-04 17:04:31,896 - INFO - ⚠️  No transcript available
2025-12-04 17:04:33,499 - INFO - [8573/1886] Fetching: LIMELIGHT NETWORKS, INC. v. AKAMAI TECHNOLOGIES, INC. (2013/12-786)
2025-12-04 17:04:35,157 - ERROR - Unexpected error for 2013/12-786: 'NoneType' object has no attribute 'get'
2025-12-04 17:04:35,157 - INFO - ⚠️  No transcript available
2025-12-04 17:04:36,746 - INFO - [8574/1886] Fetching: NAUTILUS, INC. v. BIOSIG INSTRUMENTS, INC (2013/13-369)
2025-12-04 17:04:38,413 - ERROR - Unexpected error for 2013/13-369: 'NoneType' object has no attribute 'get'
2025-12-04 17:04:38,414 - INFO - ⚠️  No transcript available
2025-12-04 17:04:40,036 - INFO - [8575/1886] Fetching: BOND v. UNITED STATES (2013/12-158)
2025-12-04 17:04:41,647 - INFO - ✅ Success (518 turns, 70,283 chars)
2025-12-04 17:04:43,243 - INFO - [8576/1886] Fetching: CTS CORP. v. WALDBURGER (2013/13-339)
2025-12-04 17:04:44,761 - ERROR - Unexpected error for 2013/13-339: 'NoneType' object has no attribute 'get'
2025-12-04 17:04:44,762 - INFO - ⚠️  No transcript available
2025-12-04 17:04:46,363 - INFO - [8577/1886] Fetching: EXECUTIVE BENEFITS INS. AGENCY v. ARKISON (2013/12-1200)
2025-12-04 17:04:48,195 - ERROR - Unexpected error for 2013/12-1200: 'NoneType' object has no attribute 'get'
2025-12-04 17:04:48,196 - INFO - ⚠️  No transcript available
2025-12-04 17:04:49,786 - INFO - [8578/1886] Fetching: SCIALABBA v. CUELLAR DE OSORIO (2013/12-930)
2025-12-04 17:04:51,532 - INFO - ✅ Success (657 turns, 77,229 chars)
2025-12-04 17:04:51,632 - INFO - 📊 Progress saved: 700 transcripts
2025-12-04 17:04:53,142 - INFO - [8579/1886] Fetching: POM WONDERFUL LLC v. COCA-COLA CO. (2013/12-761)
2025-12-04 17:04:54,665 - INFO - ✅ Success (498 turns, 64,978 chars)
2025-12-04 17:04:56,266 - INFO - [8580/1886] Fetching: CLARK v. RAMEKER (2013/13-299)
2025-12-04 17:04:57,171 - INFO - ⚠️  No transcript available
2025-12-04 17:04:58,780 - INFO - [8581/1886] Fetching: REPUBLIC OF ARGENTINA v. NML CAPITAL, LTD. (2013/12-842)
2025-12-04 17:05:01,030 - INFO - ✅ Success (606 turns, 67,904 chars)
2025-12-04 17:05:02,668 - INFO - [8582/1886] Fetching: SUSAN B. ANTHONY LIST v. DRIEHAUS (2013/13-193)
2025-12-04 17:05:04,240 - ERROR - Unexpected error for 2013/13-193: 'NoneType' object has no attribute 'get'
2025-12-04 17:05:04,242 - INFO - ⚠️  No transcript available
2025-12-04 17:05:05,834 - INFO - [8583/1886] Fetching: ABRAMSKI v. UNITED STATES (2013/12-1493)
2025-12-04 17:05:07,511 - INFO - ✅ Success (630 turns, 72,139 chars)
2025-12-04 17:05:09,124 - INFO - [8584/1886] Fetching: HALLIBURTON CO. v. ERICA P. JOHN FUND, INC. (2013/13-317)
2025-12-04 17:05:10,724 - INFO - ✅ Success (526 turns, 67,562 chars)
2025-12-04 17:05:12,335 - INFO - [8585/1886] Fetching: UTIL. AIR REGULATORY GROUP v. EPA (2013/12-1146)
2025-12-04 17:05:14,318 - INFO - ✅ Success (911 turns, 113,941 chars)
2025-12-04 17:05:15,927 - INFO - [8586/1886] Fetching: LOUGHRIN v. UNITED STATES (2013/13-316)
2025-12-04 17:05:17,959 - INFO - ✅ Success (700 turns, 76,359 chars)
2025-12-04 17:05:19,570 - INFO - [8587/1886] Fetching: RILEY v. CALIFORNIA (2013/13-132)
2025-12-04 17:05:21,300 - INFO - ✅ Success (665 turns, 76,046 chars)
2025-12-04 17:05:22,909 - INFO - [8588/1886] Fetching: FIFTH THIRD BANCORP v. DUDENHOEFFER (2013/12-751)
2025-12-04 17:05:25,381 - INFO - ✅ Success (677 turns, 71,713 chars)
2025-12-04 17:05:26,979 - INFO - [8589/1886] Fetching: AMERICAN BROADCASTING COS. v. AEREO, INC. (2013/13-461)
2025-12-04 17:05:29,096 - INFO - ✅ Success (573 turns, 70,644 chars)
2025-12-04 17:05:30,701 - INFO - [8590/1886] Fetching: MCCULLEN v. COAKLEY (2013/12-1168)
2025-12-04 17:05:32,631 - INFO - ✅ Success (744 turns, 76,251 chars)
2025-12-04 17:05:32,713 - INFO - 📊 Progress saved: 710 transcripts
2025-12-04 17:05:34,215 - INFO - [8591/1886] Fetching: NLRB v. NOEL CANNING (2013/12-1281)
2025-12-04 17:05:37,419 - ERROR - Unexpected error for 2013/12-1281: 'NoneType' object has no attribute 'get'
2025-12-04 17:05:37,419 - INFO - ⚠️  No transcript available
2025-12-04 17:05:37,495 - INFO - 📊 Progress saved: 710 transcripts
2025-12-04 17:05:39,005 - INFO - [8592/1886] Fetching: BURWELL v. HOBBY LOBBY STORES (2013/13-354)
2025-12-04 17:05:41,141 - INFO - ✅ Success (899 turns, 110,681 chars)
2025-12-04 17:05:42,734 - INFO - [8593/1886] Fetching: HARRIS v. QUINN (2013/11-681)
2025-12-04 17:05:44,665 - INFO - ✅ Success (629 turns, 74,238 chars)
2025-12-04 17:05:46,264 - INFO - [8594/1886] Fetching: WILLIAMS v. JOHNSON (2013/13-9085)
2025-12-04 17:05:46,870 - INFO - ⚠️  No transcript available
2025-12-04 17:05:48,475 - INFO - [8595/1886] Fetching: LANE v. FRANKS (2013/13-483)
2025-12-04 17:05:49,990 - INFO - ✅ Success (497 turns, 61,926 chars)
2025-12-04 17:05:51,577 - INFO - [8596/1886] Fetching: ALICE CORP. PTY. LTD. v. CLS BANK INT'L (2013/13-298)
2025-12-04 17:05:53,553 - INFO - ✅ Success (631 turns, 70,046 chars)
2025-12-04 17:05:55,176 - INFO - [8597/1886] Fetching: UNITED STATES v. CLARKE (2013/13-301)
2025-12-04 17:05:56,090 - INFO - ⚠️  No transcript available
2025-12-04 17:05:57,682 - INFO - [8598/1886] Fetching: HEIEN v. NORTH CAROLINA (2014/13-604)
2025-12-04 17:05:59,407 - INFO - ✅ Success (568 turns, 69,844 chars)
2025-12-04 17:06:01,010 - INFO - [8599/1886] Fetching: HOLT v. HOBBS (2014/13-6827)
2025-12-04 17:06:03,064 - INFO - ✅ Success (632 turns, 66,560 chars)
2025-12-04 17:06:04,669 - INFO - [8600/1886] Fetching: DART CHEROKEE BASIN OPERATING CO., LLC v. OWENS (2014/13-719)
2025-12-04 17:06:06,984 - INFO - ✅ Success (622 turns, 67,620 chars)
2025-12-04 17:06:08,586 - INFO - [8601/1886] Fetching: INTEGRITY STAFFING SOLUTIONS, INC. v. BUSK (2014/13-433)
2025-12-04 17:06:11,284 - INFO - ✅ Success (729 turns, 76,042 chars)
2025-12-04 17:06:12,900 - INFO - [8602/1886] Fetching: WARGER v. SHAUERS (2014/13-517)
2025-12-04 17:06:14,285 - INFO - ✅ Success (474 turns, 57,885 chars)
2025-12-04 17:06:15,888 - INFO - [8603/1886] Fetching: KANSAS v. NEBRASKA AND COLORADO (2014/126, ORIG.)
2025-12-04 17:06:16,272 - INFO - ⚠️  No transcript available
2025-12-04 17:06:17,872 - INFO - [8604/1886] Fetching: NC BD. OF DENTAL EXAMINERS v. FTC (2014/13-534)
2025-12-04 17:06:18,789 - INFO - ⚠️  No transcript available
2025-12-04 17:06:20,396 - INFO - [8605/1886] Fetching: TEVA PHARMS. USA, INC. v. SANDOZ, INC. (2014/13-854)
2025-12-04 17:06:22,189 - INFO - ✅ Success (565 turns, 71,946 chars)
2025-12-04 17:06:22,273 - INFO - 📊 Progress saved: 720 transcripts
2025-12-04 17:06:23,779 - INFO - [8606/1886] Fetching: JENNINGS v. STEPHENS (2014/13-7211)
2025-12-04 17:06:24,706 - INFO - ⚠️  No transcript available
2025-12-04 17:06:24,813 - INFO - 📊 Progress saved: 720 transcripts
2025-12-04 17:06:26,317 - INFO - [8607/1886] Fetching: ZIVOTOFSKY v. KERRY (2014/13-628)
2025-12-04 17:06:28,142 - INFO - ✅ Success (525 turns, 66,809 chars)
2025-12-04 17:06:29,743 - INFO - [8608/1886] Fetching: OMNICARE, INC. v. LABORERS DIST. COUNCIL CONSTR. INDUS. PENSION FUND (2014/13-435)
2025-12-04 17:06:31,402 - INFO - ✅ Success (545 turns, 76,337 chars)
2025-12-04 17:06:33,012 - INFO - [8609/1886] Fetching: DEP'T OF HOMELAND SEC. v. MACLEAN (2014/13-894)
2025-12-04 17:06:36,224 - ERROR - Unexpected error for 2014/13-894: 'NoneType' object has no attribute 'get'
2025-12-04 17:06:36,224 - INFO - ⚠️  No transcript available
2025-12-04 17:06:37,811 - INFO - [8610/1886] Fetching: JESINOSKI v. COUNTRYWIDE HOME LOANS, INC. (2014/13-684)
2025-12-04 17:06:39,350 - INFO - ✅ Success (524 turns, 64,785 chars)
2025-12-04 17:06:40,959 - INFO - [8611/1886] Fetching: YATES v. UNITED STATES (2014/13-7451)
2025-12-04 17:06:42,886 - INFO - ✅ Success (641 turns, 68,672 chars)
2025-12-04 17:06:44,489 - INFO - [8612/1886] Fetching: JOHNSON v. UNITED STATES (2014/13-7120)
2025-12-04 17:06:46,076 - INFO - ✅ Success (511 turns, 66,526 chars)
2025-12-04 17:06:47,677 - INFO - [8613/1886] Fetching: ALA. LEGISLATIVE BLACK CAUCUS v. ALABAMA (2014/13-895)
2025-12-04 17:06:50,480 - INFO - ✅ Success (666 turns, 82,290 chars)
2025-12-04 17:06:52,073 - INFO - [8614/1886] Fetching: M&G POLYMERS USA, LLC v. TACKETT (2014/13-1010)
2025-12-04 17:06:53,636 - INFO - ✅ Success (428 turns, 52,323 chars)
2025-12-04 17:06:55,241 - INFO - [8615/1886] Fetching: ALA. DEP'T OF REVENUE v. CSX TRANSP., INC. (2014/13-553)
2025-12-04 17:06:57,776 - INFO - ✅ Success (565 turns, 74,051 chars)
2025-12-04 17:06:59,371 - INFO - [8616/1886] Fetching: COMPTROLLER OF THE TREASURY v. WYNNE (2014/13-485)
2025-12-04 17:07:01,027 - INFO - ✅ Success (568 turns, 66,183 chars)
2025-12-04 17:07:02,622 - INFO - [8617/1886] Fetching: PEREZ v. MORTGAGE BANKERS ASS'N (2014/13-1041)
2025-12-04 17:07:04,233 - INFO - ✅ Success (460 turns, 56,100 chars)
2025-12-04 17:07:04,340 - INFO - 📊 Progress saved: 730 transcripts
2025-12-04 17:07:05,844 - INFO - [8618/1886] Fetching: ELONIS v. UNITED STATES (2014/13-983)
2025-12-04 17:07:06,776 - INFO - ✅ Success (677 turns, 75,120 chars)
2025-12-04 17:07:08,372 - INFO - [8619/1886] Fetching: B&B HARDWARE, INC. v. HARGIS INDUS., INC. (2014/13-352)
2025-12-04 17:07:09,989 - ERROR - Unexpected error for 2014/13-352: 'NoneType' object has no attribute 'get'
2025-12-04 17:07:09,990 - INFO - ⚠️  No transcript available
2025-12-04 17:07:11,596 - INFO - [8620/1886] Fetching: WHITFIELD v. UNITED STATES (2014/13-9026)
2025-12-04 17:07:13,361 - INFO - ✅ Success (543 turns, 69,391 chars)
2025-12-04 17:07:14,959 - INFO - [8621/1886] Fetching: YOUNG v. UPS (2014/12-1226)
2025-12-04 17:07:16,841 - INFO - ✅ Success (615 turns, 74,245 chars)
2025-12-04 17:07:18,453 - INFO - [8622/1886] Fetching: HANA FINANCIAL, INC. v. HANA BANK (2014/13-1211)
2025-12-04 17:07:19,882 - INFO - ✅ Success (464 turns, 63,575 chars)
2025-12-04 17:07:21,484 - INFO - [8623/1886] Fetching: DIRECT MKTG. ASS'N v. BROHL (2014/13-1032)
2025-12-04 17:07:23,138 - INFO - ✅ Success (528 turns, 63,646 chars)
2025-12-04 17:07:24,747 - INFO - [8624/1886] Fetching: DOT v. ASS'N OF AM. R.R. (2014/13-1080)
2025-12-04 17:07:26,445 - INFO - ✅ Success (518 turns, 62,995 chars)
2025-12-04 17:07:28,051 - INFO - [8625/1886] Fetching: GELBOIM v. BANK OF AM. CORP. (2014/13-1174)
2025-12-04 17:07:29,895 - INFO - ✅ Success (650 turns, 70,722 chars)
2025-12-04 17:07:31,494 - INFO - [8626/1886] Fetching: UNITED STATES v. KWAI FUN WONG (2014/13-1074)
2025-12-04 17:07:33,080 - INFO - ✅ Success (540 turns, 66,788 chars)
2025-12-04 17:07:34,686 - INFO - [8627/1886] Fetching: KELLOGG BROWN & ROOT SERVICES, INC. v. UNITED STATES EX REL. CARTER (2014/12-1497)
2025-12-04 17:07:36,676 - INFO - ✅ Success (669 turns, 72,047 chars)
2025-12-04 17:07:38,275 - INFO - [8628/1886] Fetching: MELLOULI v. LYNCH (2014/13-1034)
2025-12-04 17:07:40,121 - INFO - ✅ Success (593 turns, 64,805 chars)
2025-12-04 17:07:40,208 - INFO - 📊 Progress saved: 740 transcripts
2025-12-04 17:07:41,713 - INFO - [8629/1886] Fetching: REED v. TOWN OF GILBERT (2014/13-502)
2025-12-04 17:07:43,523 - INFO - ✅ Success (573 turns, 66,850 chars)
2025-12-04 17:07:45,137 - INFO - [8630/1886] Fetching: WELLNESS INTERNATIONAL NETWORK, LIMITED v. SHARIF (2014/13-935)
2025-12-04 17:07:47,142 - INFO - ✅ Success (668 turns, 76,152 chars)
2025-12-04 17:07:48,747 - INFO - [8631/1886] Fetching: ARMSTRONG v. EXCEPTIONAL CHILD CENTER, INC. (2014/14-15)
2025-12-04 17:07:50,477 - INFO - ✅ Success (671 turns, 71,296 chars)
2025-12-04 17:07:52,081 - INFO - [8632/1886] Fetching: TEXAS DEPARTMENT OF HOUSING AND COMMUNITY AFFAIRS v. INCLUSIVE COMMUNITIES PROJECT, INC. (2014/13-1371)
2025-12-04 17:07:54,057 - INFO - ✅ Success (631 turns, 67,844 chars)
2025-12-04 17:07:55,673 - INFO - [8633/1886] Fetching: RODRIGUEZ v. UNITED STATES (2014/13-9972)
2025-12-04 17:07:57,532 - ERROR - Unexpected error for 2014/13-9972: 'NoneType' object has no attribute 'get'
2025-12-04 17:07:57,533 - INFO - ⚠️  No transcript available
2025-12-04 17:07:59,135 - INFO - [8634/1886] Fetching: KERRY v. DIN (2014/13-1402)
2025-12-04 17:08:01,141 - ERROR - Unexpected error for 2014/13-1402: 'NoneType' object has no attribute 'get'
2025-12-04 17:08:01,142 - INFO - ⚠️  No transcript available
2025-12-04 17:08:02,745 - INFO - [8635/1886] Fetching: COLEMAN v. TOLLEFSON (2014/13-1333)
2025-12-04 17:08:04,747 - INFO - ✅ Success (403 turns, 63,998 chars)
2025-12-04 17:08:06,358 - INFO - [8636/1886] Fetching: HENDERSON v. UNITED STATES (2014/13-1487)
2025-12-04 17:08:08,315 - INFO - ✅ Success (424 turns, 57,596 chars)
2025-12-04 17:08:09,921 - INFO - [8637/1886] Fetching: TIBBLE v. EDISON INTERNATIONAL (2014/13-550)
2025-12-04 17:08:11,519 - ERROR - Unexpected error for 2014/13-550: 'NoneType' object has no attribute 'get'
2025-12-04 17:08:11,520 - INFO - ⚠️  No transcript available
2025-12-04 17:08:13,106 - INFO - [8638/1886] Fetching: EQUAL EMPLOYMENT OPPORTUNITY COMMISSION v. ABERCROMBIE & FITCH STORES, INC. (2014/14-86)
2025-12-04 17:08:14,974 - ERROR - Unexpected error for 2014/14-86: 'NoneType' object has no attribute 'get'
2025-12-04 17:08:14,974 - INFO - ⚠️  No transcript available
2025-12-04 17:08:16,576 - INFO - [8639/1886] Fetching: BAKER BOTTS, L.L.P., v. ASARCO, L.L.C. (2014/14-103)
2025-12-04 17:08:18,335 - INFO - ✅ Success (434 turns, 67,977 chars)
2025-12-04 17:08:19,940 - INFO - [8640/1886] Fetching: ARIZONA STATE LEGISLATURE v. ARIZONA INDEPENDENT REDISTRICTING COMMISSION (2014/13-1314)
2025-12-04 17:08:21,922 - INFO - ✅ Success (420 turns, 68,730 chars)
2025-12-04 17:08:23,512 - INFO - [8641/1886] Fetching: OHIO v. CLARK (2014/13-1352)
2025-12-04 17:08:25,757 - INFO - ✅ Success (392 turns, 63,829 chars)
2025-12-04 17:08:27,364 - INFO - [8642/1886] Fetching: CITY OF LOS ANGELES, CALIFORNIA v. PATEL (2014/13-1175)
2025-12-04 17:08:29,452 - INFO - ✅ Success (647 turns, 78,815 chars)
2025-12-04 17:08:29,563 - INFO - 📊 Progress saved: 750 transcripts
2025-12-04 17:08:31,073 - INFO - [8643/1886] Fetching: DAVIS v. AYALA (2014/13-1428)
2025-12-04 17:08:32,504 - INFO - ✅ Success (385 turns, 52,787 chars)
2025-12-04 17:08:34,093 - INFO - [8644/1886] Fetching: KING v. BURWELL (2014/14-114)
2025-12-04 17:08:36,310 - INFO - ✅ Success (702 turns, 98,220 chars)
2025-12-04 17:08:37,934 - INFO - [8645/1886] Fetching: MACH MINING, LLC, v. EQUAL EMPLOYMENT OPPORTUNITY COMMISSION (2014/13-1019)
2025-12-04 17:08:40,338 - INFO - ✅ Success (836 turns, 83,125 chars)
2025-12-04 17:08:41,923 - INFO - [8646/1886] Fetching: ONEOK, INC., v. LEARJET, INC. (2014/13-271)
2025-12-04 17:08:43,539 - ERROR - Unexpected error for 2014/13-271: 'NoneType' object has no attribute 'get'
2025-12-04 17:08:43,540 - INFO - ⚠️  No transcript available
2025-12-04 17:08:45,138 - INFO - [8647/1886] Fetching: WILLIAMSâYULEE v. THE FLORIDA BAR (2014/13-1499)
2025-12-04 17:08:47,081 - INFO - ✅ Success (537 turns, 64,201 chars)
2025-12-04 17:08:48,694 - INFO - [8648/1886] Fetching: T MOBILE SOUTH, LLC v. CITY OF ROSWELL, GEORGIA. (2014/13-975)
2025-12-04 17:08:50,572 - INFO - ✅ Success (639 turns, 72,815 chars)
2025-12-04 17:08:52,191 - INFO - [8649/1886] Fetching: CHRISTESON v. ROPER (2014/14-6873)
2025-12-04 17:08:52,778 - INFO - ⚠️  No transcript available
2025-12-04 17:08:54,365 - INFO - [8650/1886] Fetching: WALKER v. TEXAS DIVISION, SONS OF CONFEDERATE VETERANS, INC. (2014/14-144)
2025-12-04 17:08:56,565 - INFO - ✅ Success (577 turns, 67,535 chars)
2025-12-04 17:08:58,180 - INFO - [8651/1886] Fetching: CITY AND COUNTY OF SAN FRANCISCO, CALIFORNIA v. SHEEHAN (2014/13-1412)
2025-12-04 17:08:59,166 - INFO - ⚠️  No transcript available
2025-12-04 17:09:00,770 - INFO - [8652/1886] Fetching: BANK OF AMERICA, N.A. v. CAULKETT (2014/13-1421)
2025-12-04 17:09:03,045 - INFO - ⚠️  No transcript available
2025-12-04 17:09:04,630 - INFO - [8653/1886] Fetching: MICHIGAN v. ENVIRONMENTAL PROTECTION AGENCY (2014/14-46)
2025-12-04 17:09:05,985 - INFO - ⚠️  No transcript available
2025-12-04 17:09:07,612 - INFO - [8654/1886] Fetching: BRUMFIELD v. CAIN (2014/13-1433)
2025-12-04 17:09:08,598 - INFO - ⚠️  No transcript available
2025-12-04 17:09:10,200 - INFO - [8655/1886] Fetching: COMMIL USA, LLC v. CISCO SYSTEMS, INC. (2014/13-896)
2025-12-04 17:09:11,151 - INFO - ⚠️  No transcript available
2025-12-04 17:09:12,771 - INFO - [8656/1886] Fetching: KIMBLE v. MARVEL ENTERPRISES, INC. (2014/13-720)
2025-12-04 17:09:13,678 - INFO - ⚠️  No transcript available
2025-12-04 17:09:15,276 - INFO - [8657/1886] Fetching: HARRIS v. VIEGELAHN (2014/14-400)
2025-12-04 17:09:16,723 - INFO - ⚠️  No transcript available
2025-12-04 17:09:18,330 - INFO - [8658/1886] Fetching: BULLARD v. BLUE HILLS BANK (2014/14-116)
2025-12-04 17:09:19,346 - INFO - ⚠️  No transcript available
2025-12-04 17:09:20,954 - INFO - [8659/1886] Fetching: MCFADDEN v. UNITED STATES (2014/14-378)
2025-12-04 17:09:21,875 - INFO - ⚠️  No transcript available
2025-12-04 17:09:23,484 - INFO - [8660/1886] Fetching: KINGSLEY v. HENDRICKSON (2014/14-6368)
2025-12-04 17:09:25,289 - INFO - ✅ Success (473 turns, 67,276 chars)
2025-12-04 17:09:26,897 - INFO - [8661/1886] Fetching: HORNE v. DEPARTMENT OF AGRICULTURE (2014/14-275)
2025-12-04 17:09:27,932 - INFO - ⚠️  No transcript available
2025-12-04 17:09:29,530 - INFO - [8662/1886] Fetching: OBERGEFELL v. HODGES (2014/14-556)
2025-12-04 17:09:31,847 - INFO - ✅ Success (780 turns, 103,598 chars)
2025-12-04 17:09:33,451 - INFO - [8663/1886] Fetching: GLOSSIP v. GROSS (2014/14-7955)
2025-12-04 17:09:35,417 - INFO - ✅ Success (567 turns, 69,293 chars)
2025-12-04 17:09:37,022 - INFO - [8664/1886] Fetching: MATA v. LYNCH (2014/14-185)
2025-12-04 17:09:38,626 - INFO - ✅ Success (326 turns, 56,804 chars)
2025-12-04 17:09:38,722 - INFO - 📊 Progress saved: 760 transcripts
2025-12-04 17:09:40,229 - INFO - [8665/1886] Fetching: WOODS v. DONALD (2014/14-618)
2025-12-04 17:09:40,804 - INFO - ⚠️  No transcript available
2025-12-04 17:09:40,912 - INFO - 📊 Progress saved: 760 transcripts
2025-12-04 17:09:42,418 - INFO - [8666/1886] Fetching: GRADY v. NORTH CAROLINA (2014/14-593)
2025-12-04 17:09:42,955 - INFO - ⚠️  No transcript available
2025-12-04 17:09:43,035 - INFO - 📊 Progress saved: 760 transcripts
2025-12-04 17:09:44,541 - INFO - [8667/1886] Fetching: TAYLOR v. BARKES (2014/14-939)
2025-12-04 17:09:44,764 - INFO - ⚠️  No transcript available
2025-12-04 17:09:44,847 - INFO - 📊 Progress saved: 760 transcripts
2025-12-04 17:09:46,353 - INFO - [8668/1886] Fetching: RAUL LOPEZ, WARDEN v. MARVIN VERNIS SMITH (2014/13-946)
2025-12-04 17:09:46,885 - INFO - ⚠️  No transcript available
2025-12-04 17:09:46,986 - INFO - 📊 Progress saved: 760 transcripts
2025-12-04 17:09:48,493 - INFO - [8669/1886] Fetching: JEREMY CARROLL v. ANDREW CARMAN, ET UX (2014/14-212)
2025-12-04 17:09:48,999 - INFO - ⚠️  No transcript available
2025-12-04 17:09:49,101 - INFO - 📊 Progress saved: 760 transcripts
2025-12-04 17:09:50,608 - INFO - [8670/1886] Fetching: TRACEY L. JOHNSON, et al. v. CITY OF SHELBY, MISSISSIPPI (2014/13â1318)
2025-12-04 17:09:51,005 - INFO - ⚠️  No transcript available
2025-12-04 17:09:51,106 - INFO - 📊 Progress saved: 760 transcripts
2025-12-04 17:09:52,611 - INFO - [8671/1886] Fetching: PATRICK GLEBE, SUPERINTENDENT, STAFFORD CREEK CORRECTIONS CENTER v. JOSHUA JAMES FROST (2014/14â95)
2025-12-04 17:09:53,030 - INFO - ⚠️  No transcript available
2025-12-04 17:09:53,112 - INFO - 📊 Progress saved: 760 transcripts
2025-12-04 17:09:54,617 - INFO - [8672/1886] Fetching: OBB PERSONENVERKEHR AG v. SACHS (2015/13-1067)
2025-12-04 17:09:56,715 - INFO - ✅ Success (519 turns, 70,813 chars)
2025-12-04 17:09:58,310 - INFO - [8673/1886] Fetching: HAWKINS v. COMMUNITY BANK OF RAYMORE (2015/14-520)
2025-12-04 17:10:00,291 - ERROR - Unexpected error for 2015/14-520: 'NoneType' object has no attribute 'get'
2025-12-04 17:10:00,293 - INFO - ⚠️  No transcript available
2025-12-04 17:10:01,906 - INFO - [8674/1886] Fetching: OCASIO v. UNITED STATES (2015/14-361)
2025-12-04 17:10:03,760 - INFO - ✅ Success (489 turns, 65,175 chars)
2025-12-04 17:10:05,348 - INFO - [8675/1886] Fetching: DIRECTV, INC. v. IMBURGIA (2015/14-462)
2025-12-04 17:10:07,176 - INFO - ✅ Success (533 turns, 71,709 chars)
2025-12-04 17:10:08,794 - INFO - [8676/1886] Fetching: KANSAS v. CARR (2015/14-449)
2025-12-04 17:10:10,485 - INFO - ✅ Success (387 turns, 65,605 chars)
2025-12-04 17:10:12,089 - INFO - [8677/1886] Fetching: MONTGOMERY v. LOUISIANA (2015/14-280)
2025-12-04 17:10:14,249 - INFO - ✅ Success (590 turns, 82,105 chars)
2025-12-04 17:10:15,852 - INFO - [8678/1886] Fetching: HURST v. FLORIDA (2015/14-7505)
2025-12-04 17:10:17,675 - INFO - ✅ Success (482 turns, 64,099 chars)
2025-12-04 17:10:19,282 - INFO - [8679/1886] Fetching: FEDERAL ENERGY REGULATORY COMMISSION v. ELECTRIC POWER SUPPLY ASSOCIATION (2015/14-840)
2025-12-04 17:10:20,884 - INFO - ✅ Success (368 turns, 68,524 chars)
2025-12-04 17:10:22,477 - INFO - [8680/1886] Fetching: CAMPBELL-EWALD CO. v. GOMEZ (2015/14-857)
2025-12-04 17:10:24,983 - INFO - ✅ Success (719 turns, 80,776 chars)
2025-12-04 17:10:26,581 - INFO - [8681/1886] Fetching: SPOKEO, INC. v. ROBINS (2015/13-1339)
2025-12-04 17:10:28,745 - INFO - ✅ Success (527 turns, 71,136 chars)
2025-12-04 17:10:30,358 - INFO - [8682/1886] Fetching: FOSTER v. CHATMAN (2015/14-8349)
2025-12-04 17:10:32,462 - INFO - ✅ Success (577 turns, 68,500 chars)
2025-12-04 17:10:32,570 - INFO - 📊 Progress saved: 770 transcripts
2025-12-04 17:10:34,076 - INFO - [8683/1886] Fetching: LOCKHART v. UNITED STATES (2015/14-8358)
2025-12-04 17:10:36,062 - INFO - ✅ Success (426 turns, 58,273 chars)
2025-12-04 17:10:37,671 - INFO - [8684/1886] Fetching: LUNA TORRES v. LYNCH (2015/14-1096)
2025-12-04 17:10:39,386 - INFO - ✅ Success (431 turns, 66,680 chars)
2025-12-04 17:10:41,000 - INFO - [8685/1886] Fetching: SHAPIRO v. MCMANUS (2015/14-990)
2025-12-04 17:10:42,788 - INFO - ✅ Success (345 turns, 53,797 chars)
2025-12-04 17:10:44,389 - INFO - [8686/1886] Fetching: BRUCE v. SAMUELS (2015/14-844)
2025-12-04 17:10:46,099 - INFO - ✅ Success (446 turns, 62,460 chars)
2025-12-04 17:10:47,704 - INFO - [8687/1886] Fetching: MONTANILE v. BD. OF NATIONAL ELEVATOR INDUSTRY HEALTH BENEFIT PLAN (2015/14-723)
2025-12-04 17:10:49,318 - INFO - ✅ Success (501 turns, 71,816 chars)
2025-12-04 17:10:50,936 - INFO - [8688/1886] Fetching: KINGDOMWARE TECHNOLOGIES, INC., v. UNITED STATES (2015/14-916)
2025-12-04 17:10:52,730 - INFO - ✅ Success (488 turns, 65,099 chars)
2025-12-04 17:10:54,338 - INFO - [8689/1886] Fetching: TYSON FOODS, INC., v. BOUAPHAKEO (2015/14-1146)
2025-12-04 17:10:56,209 - INFO - ✅ Success (501 turns, 74,579 chars)
2025-12-04 17:10:57,817 - INFO - [8690/1886] Fetching: LUIS v. UNITED STATES (2015/14-419)
2025-12-04 17:10:59,863 - INFO - ✅ Success (456 turns, 66,534 chars)
2025-12-04 17:11:01,493 - INFO - [8691/1886] Fetching: MUSACCHIO v. UNITED STATES (2015/14-1095)
2025-12-04 17:11:03,565 - INFO - ✅ Success (486 turns, 74,071 chars)
2025-12-04 17:11:05,159 - INFO - [8692/1886] Fetching: GREEN v. BRENNAN (2015/14-613)
2025-12-04 17:11:07,039 - INFO - ✅ Success (475 turns, 67,146 chars)
2025-12-04 17:11:07,155 - INFO - 📊 Progress saved: 780 transcripts
2025-12-04 17:11:08,661 - INFO - [8693/1886] Fetching: MERRILL LYNCH, PIERCE, FENNER & SMITH, INC. v. MANNING (2015/14-1132)
2025-12-04 17:11:10,460 - INFO - ✅ Success (524 turns, 71,535 chars)
2025-12-04 17:11:12,054 - INFO - [8694/1886] Fetching: MENOMINEE INDIAN TRIBE OF WISCONSIN v. UNITED STATES (2015/14-510)
2025-12-04 17:11:13,401 - INFO - ✅ Success (285 turns, 43,254 chars)
2025-12-04 17:11:15,012 - INFO - [8695/1886] Fetching: GOBEILLE v. LIBERTY MUTUAL INSURANCE COMPANY (2015/14-181)
2025-12-04 17:11:16,623 - INFO - ✅ Success (380 turns, 61,921 chars)
2025-12-04 17:11:18,237 - INFO - [8696/1886] Fetching: DOLLAR GENERAL CORPORATION v. MISSISSIPPI BAND OF CHOCTAW INDIANS (2015/13-1496)
2025-12-04 17:11:20,193 - INFO - ✅ Success (501 turns, 74,085 chars)
2025-12-04 17:11:21,817 - INFO - [8697/1886] Fetching: CALIFORNIA FRANCHISE TAX BOARD v. HYATT (2015/14-1175)
2025-12-04 17:11:24,224 - INFO - ✅ Success (431 turns, 67,791 chars)
2025-12-04 17:11:25,821 - INFO - [8698/1886] Fetching: HARRIS v. ARIZONA INDEPENDENT REDISTRICTING COMMISSION (2015/14-232)
2025-12-04 17:11:28,656 - INFO - ✅ Success (449 turns, 68,642 chars)
2025-12-04 17:11:30,259 - INFO - [8699/1886] Fetching: EVENWEL v. ABBOTT (2015/14-940)
2025-12-04 17:11:31,789 - INFO - ✅ Success (411 turns, 64,328 chars)
2025-12-04 17:11:33,406 - INFO - [8700/1886] Fetching: FISHER v. UNIVERSITY OF TEXAS AT AUSTIN (2015/14-981)
2025-12-04 17:11:35,822 - INFO - ✅ Success (903 turns, 112,407 chars)
2025-12-04 17:11:37,443 - INFO - [8701/1886] Fetching: FRIEDRICHS v. CALIFORNIA TEACHERS ASSOCIATION (2015/14-915)
2025-12-04 17:11:39,500 - INFO - ✅ Success (694 turns, 95,726 chars)
2025-12-04 17:11:41,109 - INFO - [8702/1886] Fetching: MOLINAâMARTINEZ v. UNITED STATES (2015/14-8913)
2025-12-04 17:11:42,815 - INFO - ✅ Success (405 turns, 62,043 chars)
2025-12-04 17:11:42,925 - INFO - 📊 Progress saved: 790 transcripts
2025-12-04 17:11:44,436 - INFO - [8703/1886] Fetching: DUNCAN v. OWENS (2015/14-1516)
2025-12-04 17:11:46,236 - INFO - ✅ Success (522 turns, 63,339 chars)
2025-12-04 17:11:47,839 - INFO - [8704/1886] Fetching: BANK MARKAZI v. PETERSON (2015/14-770)
2025-12-04 17:11:50,367 - INFO - ✅ Success (580 turns, 71,904 chars)
2025-12-04 17:11:51,988 - INFO - [8705/1886] Fetching: PUERTO RICO v. SANCHEZ VALLE (2015/15-108)
2025-12-04 17:11:54,444 - INFO - ✅ Success (517 turns, 72,030 chars)
2025-12-04 17:11:56,038 - INFO - [8706/1886] Fetching: HEFFERNAN v. CITY OF PATERSON, NEW JERSEY (2015/14-1280)
2025-12-04 17:11:57,877 - INFO - ✅ Success (557 turns, 70,091 chars)
2025-12-04 17:11:59,499 - INFO - [8707/1886] Fetching: AMERICOLD LOGISTICS, LLC, v. CONAGRA FOODS, INC. (2015/14-1382)
2025-12-04 17:12:01,062 - INFO - ✅ Success (331 turns, 48,978 chars)
2025-12-04 17:12:02,688 - INFO - [8708/1886] Fetching: NEBRASKA v. PARKER (2015/14-1406)
2025-12-04 17:12:04,399 - INFO - ✅ Success (460 turns, 61,891 chars)
2025-12-04 17:12:06,020 - INFO - [8709/1886] Fetching: STURGEON v. FROST (2015/14-1209)
2025-12-04 17:12:08,190 - INFO - ✅ Success (600 turns, 72,687 chars)
2025-12-04 17:12:09,811 - INFO - [8710/1886] Fetching: UTAH v. STRIEFF (2015/14-1373)
2025-12-04 17:12:11,476 - INFO - ✅ Success (507 turns, 66,781 chars)
2025-12-04 17:12:13,088 - INFO - [8711/1886] Fetching: TAYLOR v. UNITED STATES (2015/14-6166)
2025-12-04 17:12:14,789 - INFO - ✅ Success (392 turns, 54,479 chars)
2025-12-04 17:12:16,408 - INFO - [8712/1886] Fetching: HALO ELECTRONICS v. PULSE ELECTRONICS (2015/14-1513)
2025-12-04 17:12:17,998 - INFO - ✅ Success (489 turns, 70,484 chars)
2025-12-04 17:12:18,106 - INFO - 📊 Progress saved: 800 transcripts
2025-12-04 17:12:19,618 - INFO - [8713/1886] Fetching: HUGHES v. PPL ENERGYPLUS (2015/14-614)
2025-12-04 17:12:21,325 - INFO - ✅ Success (491 turns, 69,514 chars)
2025-12-04 17:12:22,944 - INFO - [8714/1886] Fetching: VOISINE v. UNITED STATES (2015/14-10154)
2025-12-04 17:12:24,445 - INFO - ✅ Success (358 turns, 50,475 chars)
2025-12-04 17:12:26,078 - INFO - [8715/1886] Fetching: WILLIAMS v. PENNSYLVANIA (2015/15-5040)
2025-12-04 17:12:27,984 - INFO - ✅ Success (520 turns, 65,610 chars)
2025-12-04 17:12:29,603 - INFO - [8716/1886] Fetching: NICHOLS v. UNITED STATES (2015/15-5238)
2025-12-04 17:12:30,442 - INFO - ✅ Success (546 turns, 61,937 chars)
2025-12-04 17:12:32,056 - INFO - [8717/1886] Fetching: HUSKY INTERNATIONAL ELECTRONICS, INC., v. RITZ (2015/15-145)
2025-12-04 17:12:33,595 - INFO - ✅ Success (387 turns, 59,698 chars)
2025-12-04 17:12:35,214 - INFO - [8718/1886] Fetching: WHOLE WOMAN'S HEALTH v. HELLERSTEDT (2015/15-274)
2025-12-04 17:12:37,350 - INFO - ✅ Success (674 turns, 92,398 chars)
2025-12-04 17:12:38,951 - INFO - [8719/1886] Fetching: WITTMAN v. PERSONHUBALLAH (2015/14-1504)
2025-12-04 17:12:40,852 - INFO - ✅ Success (622 turns, 83,948 chars)
2025-12-04 17:12:42,476 - INFO - [8720/1886] Fetching: RJR NABISCO INC. v. EUROPEAN COMMUNITY (2015/15-138)
2025-12-04 17:12:44,123 - INFO - ✅ Success (348 turns, 60,249 chars)
2025-12-04 17:12:45,735 - INFO - [8721/1886] Fetching: SIMMONS v. HIMMELREICH (2015/15-109)
2025-12-04 17:12:47,318 - INFO - ✅ Success (373 turns, 56,158 chars)
2025-12-04 17:12:48,941 - INFO - [8722/1886] Fetching: BETTERMAN v. MONTANA (2015/14-1457)
2025-12-04 17:12:50,431 - INFO - ✅ Success (411 turns, 63,327 chars)
2025-12-04 17:12:50,525 - INFO - 📊 Progress saved: 810 transcripts
2025-12-04 17:12:52,040 - INFO - [8723/1886] Fetching: SHERIFF v. GILLIE (2015/15-338)
2025-12-04 17:12:53,744 - INFO - ✅ Success (517 turns, 70,344 chars)
2025-12-04 17:12:55,361 - INFO - [8724/1886] Fetching: ROSS v. BLAKE (2015/15-339)
2025-12-04 17:12:56,896 - INFO - ✅ Success (382 turns, 59,578 chars)
2025-12-04 17:12:58,538 - INFO - [8725/1886] Fetching: WELCH v. UNITED STATES (2015/15-6418)
2025-12-04 17:13:00,015 - INFO - ✅ Success (355 turns, 59,403 chars)
2025-12-04 17:13:01,622 - INFO - [8726/1886] Fetching: UNITED STATES ARMY CORP OF ENGINEERS v. HAWKES CO., INC. (2015/15-290)
2025-12-04 17:13:03,480 - INFO - ✅ Success (363 turns, 60,153 chars)
2025-12-04 17:13:05,098 - INFO - [8727/1886] Fetching: AMGEN INC., et al., PETITIONERS v. STEVE HARRIS, et al. (2015/15-278)
2025-12-04 17:13:05,728 - INFO - ⚠️  No transcript available
2025-12-04 17:13:07,329 - INFO - [8728/1886] Fetching: MELENE JAMES v. CITY OF BOISE, IDAHO, et al. (2015/15-493)
2025-12-04 17:13:07,948 - INFO - ⚠️  No transcript available
2025-12-04 17:13:09,568 - INFO - [8729/1886] Fetching: VL v. EL (2015/15-648)
2025-12-04 17:13:10,109 - INFO - ⚠️  No transcript available
2025-12-04 17:13:11,716 - INFO - [8730/1886] Fetching: WEARRY v. CAIN (2015/14-10008)
2025-12-04 17:13:12,200 - INFO - ⚠️  No transcript available
2025-12-04 17:13:13,813 - INFO - [8731/1886] Fetching: CAETANO v. MASSACHUSETTS (2015/14-10078)
2025-12-04 17:13:14,343 - INFO - ⚠️  No transcript available
2025-12-04 17:13:15,949 - INFO - [8732/1886] Fetching: PUERTO RICO v. FRANKLIN CALIFORNIA TAX FREE TRUST (2015/15-233)
2025-12-04 17:13:17,581 - INFO - ✅ Success (404 turns, 61,813 chars)
2025-12-04 17:13:19,183 - INFO - [8733/1886] Fetching: ZUBIK v. BURWELL (2015/14-1418)
2025-12-04 17:13:21,062 - INFO - ✅ Success (706 turns, 108,803 chars)
2025-12-04 17:13:22,673 - INFO - [8734/1886] Fetching: CRST VAN EXPEDITED, INC. v. EQUAL EMPLOYMENT OPPORTUNITY COMMISSION (2015/14-1375)
2025-12-04 17:13:24,456 - INFO - ✅ Success (528 turns, 77,769 chars)
2025-12-04 17:13:26,064 - INFO - [8735/1886] Fetching: UNITED STATES v. TEXAS (2015/15-674)
2025-12-04 17:13:28,249 - INFO - ✅ Success (856 turns, 108,710 chars)
2025-12-04 17:13:29,859 - INFO - [8736/1886] Fetching: UNITED STATES v. BRYANT (2015/15-420)
2025-12-04 17:13:31,265 - INFO - ✅ Success (280 turns, 49,491 chars)
2025-12-04 17:13:32,883 - INFO - [8737/1886] Fetching: UNIVERSAL HEALTH SERVICES, INC. v. ESCOBAR, JULIO, ET AL (2015/15-7)
2025-12-04 17:13:34,460 - INFO - ✅ Success (452 turns, 66,647 chars)
2025-12-04 17:13:34,562 - INFO - 📊 Progress saved: 820 transcripts
2025-12-04 17:13:36,070 - INFO - [8738/1886] Fetching: BIRCHFIELD v. NORTH DAKOTA (2015/14-1468)
2025-12-04 17:13:38,075 - INFO - ✅ Success (640 turns, 85,340 chars)
2025-12-04 17:13:39,690 - INFO - [8739/1886] Fetching: ENCINO MOTORCARS, LLC v. NAVARRO (2015/15-415)
2025-12-04 17:13:41,435 - INFO - ✅ Success (489 turns, 70,661 chars)
2025-12-04 17:13:43,035 - INFO - [8740/1886] Fetching: KIRTSAENG v. JOHN WILEY & SONS, INC. (2015/15-375)
2025-12-04 17:13:44,667 - INFO - ✅ Success (445 turns, 66,053 chars)
2025-12-04 17:13:46,266 - INFO - [8741/1886] Fetching: CUOZZO SPEED TECHNOLOGIES, LLC v. LEE (2015/15-446)
2025-12-04 17:13:47,890 - INFO - ✅ Success (417 turns, 67,445 chars)
2025-12-04 17:13:49,496 - INFO - [8742/1886] Fetching: MATHIS v. UNITED STATES (2015/15-6092)
2025-12-04 17:13:51,242 - INFO - ✅ Success (508 turns, 77,735 chars)
2025-12-04 17:13:52,840 - INFO - [8743/1886] Fetching: STATE OF MONTANA v. STATE OF WYOMING AND STATE OF NORTH DAKOTA (2015/No. 137, Orig.)
2025-12-04 17:13:53,368 - INFO - ⚠️  No transcript available
2025-12-04 17:13:54,978 - INFO - [8744/1886] Fetching: JEFFREY WOODS, WARDEN, PETITIONER v. TIMOTHY ETHERTON (2015/15-723)
2025-12-04 17:13:55,576 - INFO - ⚠️  No transcript available
2025-12-04 17:13:57,178 - INFO - [8745/1886] Fetching: MCDONNELL v. UNITED STATES (2015/15-474)
2025-12-04 17:13:59,239 - INFO - ✅ Success (549 turns, 74,651 chars)
2025-12-04 17:14:00,881 - INFO - [8746/1886] Fetching: DIETZ v. BOULDIN (2015/15-458)
2025-12-04 17:14:02,564 - INFO - ✅ Success (367 turns, 61,599 chars)
2025-12-04 17:14:04,169 - INFO - [8747/1886] Fetching: SHAWN PATRICK LYNCH v. ARIZONA (2015/15-8366)
2025-12-04 17:14:04,653 - INFO - ⚠️  No transcript available
2025-12-04 17:14:06,274 - INFO - [8748/1886] Fetching: DEBORAH K. JOHNSON, WARDEN v. DONNA KAY LEE (2015/15-789)
2025-12-04 17:14:06,776 - INFO - ⚠️  No transcript available
2025-12-04 17:14:08,413 - INFO - [8749/1886] Fetching: SCOTT KERNAN, SECRETARY, CALIFORNIA DEPARTMENT OF CORRECTIONS AND REHABILITATION v. ANTONIO A. HINOJOSA (2015/15-833)
2025-12-04 17:14:08,908 - INFO - ⚠️  No transcript available
2025-12-04 17:14:10,521 - INFO - [8750/1886] Fetching: MARYLAND, PETITIONER v. JAMES KULBICKI (2015/14-848)
2025-12-04 17:14:10,747 - INFO - ⚠️  No transcript available
2025-12-04 17:14:12,345 - INFO - [8751/1886] Fetching: CHADRIN LEE MULLENIX, PETITIONER v. BEATRICE LUNA, INDIVIDUALLY AND AS REPRESENTATIVE OF THE ESTATE OF ISRAEL LEIJA, JR., et al. (2015/14-1143)
2025-12-04 17:14:12,839 - INFO - ⚠️  No transcript available
2025-12-04 17:14:14,436 - INFO - [8752/1886] Fetching: RANDY WHITE, WARDEN, PETITIONER v. ROGER L. WHEELER (2015/14-1372)
2025-12-04 17:14:14,928 - INFO - ⚠️  No transcript available
2025-12-04 17:14:16,528 - INFO - [8753/1886] Fetching: SAMSUNG ELECTRONICS v. APPLE (2016/15-777)
2025-12-04 17:14:17,363 - INFO - ✅ Success (423 turns, 67,455 chars)
2025-12-04 17:14:18,982 - INFO - [8754/1886] Fetching: PENA-RODRIGUEZ v. COLORADO (2016/15-606)
2025-12-04 17:14:21,474 - INFO - ✅ Success (427 turns, 68,175 chars)
2025-12-04 17:14:23,093 - INFO - [8755/1886] Fetching: MANRIQUE v. UNITED STATES (2016/15-7250)
2025-12-04 17:14:25,939 - INFO - ✅ Success (428 turns, 57,625 chars)
2025-12-04 17:14:26,055 - INFO - 📊 Progress saved: 830 transcripts
2025-12-04 17:14:27,561 - INFO - [8756/1886] Fetching: SALMAN v. UNITED STATES (2016/15-628)
2025-12-04 17:14:29,218 - INFO - ✅ Success (460 turns, 66,227 chars)
2025-12-04 17:14:30,819 - INFO - [8757/1886] Fetching: MANUEL v. CITY OF JOLIET (2016/14-9496)
2025-12-04 17:14:32,414 - INFO - ✅ Success (206 turns, 61,294 chars)
2025-12-04 17:14:34,025 - INFO - [8758/1886] Fetching: FRY v. NAPOLEON COMMUNITY SCHOOLS (2016/15-497)
2025-12-04 17:14:35,696 - INFO - ✅ Success (534 turns, 72,559 chars)
2025-12-04 17:14:37,311 - INFO - [8759/1886] Fetching: STAR ATHLETICA, L.L.C. v. VARSITY BRANDS, INC. (2016/15-866)
2025-12-04 17:14:39,649 - INFO - ✅ Success (503 turns, 71,061 chars)
2025-12-04 17:14:41,273 - INFO - [8760/1886] Fetching: CZYZEWSKI v. JEVIC HOLDING CORP. (2016/15-649)
2025-12-04 17:14:43,323 - INFO - ✅ Success (560 turns, 73,128 chars)
2025-12-04 17:14:44,947 - INFO - [8761/1886] Fetching: SCA HYGIENE PRODS. AKTIEBOLAG v. FIRST QUALITY BABY PRODS., LLC (2016/15-927)
2025-12-04 17:14:46,515 - INFO - ✅ Success (378 turns, 61,044 chars)
2025-12-04 17:14:48,133 - INFO - [8762/1886] Fetching: BOLIVARIAN REPUBLIC OF VENEZUELA  v. HELMERICH & PAYNE INTERNATIONAL DRILLING CO. (2016/15-423)
2025-12-04 17:14:49,787 - INFO - ✅ Success (474 turns, 71,890 chars)
2025-12-04 17:14:51,393 - INFO - [8763/1886] Fetching: NLRB v. SW GENERAL, INC. (2016/15-1251)
2025-12-04 17:14:52,782 - INFO - ✅ Success (331 turns, 63,382 chars)
2025-12-04 17:14:54,404 - INFO - [8764/1886] Fetching: BANK OF AMERICA CORP. v. CITY OF MIAMI, FLORIDA (2016/15-1111)
2025-12-04 17:14:55,957 - INFO - ✅ Success (411 turns, 67,415 chars)
2025-12-04 17:14:57,577 - INFO - [8765/1886] Fetching: LIGHTFOOT v. CENDANT MORTGAGE CORP. (2016/14-1055)
2025-12-04 17:14:59,012 - INFO - ✅ Success (386 turns, 63,716 chars)
2025-12-04 17:14:59,125 - INFO - 📊 Progress saved: 840 transcripts
2025-12-04 17:15:00,631 - INFO - [8766/1886] Fetching: SESSIONS, ATT'Y GEN. v. MORALES-SANTANA (2016/15-1191)
2025-12-04 17:15:03,865 - INFO - ✅ Success (443 turns, 65,573 chars)
2025-12-04 17:15:05,484 - INFO - [8767/1886] Fetching: BRAVO-FERNANDEZ v. UNITED STATES (2016/15-537)
2025-12-04 17:15:07,110 - INFO - ✅ Success (411 turns, 61,400 chars)
2025-12-04 17:15:08,749 - INFO - [8768/1886] Fetching: BOSSE v. OKLAHOMA (2016/15-9173)
2025-12-04 17:15:09,218 - INFO - ⚠️  No transcript available
2025-12-04 17:15:10,843 - INFO - [8769/1886] Fetching: STATE FARM FIRE & CASUALTY CO. v. UNITED STATES, EX REL RIGSBY (2016/15-513)
2025-12-04 17:15:12,287 - INFO - ✅ Success (384 turns, 65,117 chars)
2025-12-04 17:15:13,907 - INFO - [8770/1886] Fetching: BECKLES v. UNITED STATES (2016/15-8544)
2025-12-04 17:15:15,603 - INFO - ✅ Success (382 turns, 66,378 chars)
2025-12-04 17:15:17,210 - INFO - [8771/1886] Fetching: MOORE v. TEXAS (2016/15-797)
2025-12-04 17:15:18,790 - INFO - ✅ Success (414 turns, 67,067 chars)
2025-12-04 17:15:20,397 - INFO - [8772/1886] Fetching: BETHUNE-HILL v. VA BD. OF ELECTIONS (2016/15-680)
2025-12-04 17:15:22,042 - INFO - ✅ Success (426 turns, 67,877 chars)
2025-12-04 17:15:23,660 - INFO - [8773/1886] Fetching: COOPER v. HARRIS (2016/15-1262)
2025-12-04 17:15:24,829 - INFO - ✅ Success (430 turns, 72,271 chars)
2025-12-04 17:15:26,434 - INFO - [8774/1886] Fetching: LIFE TECHNOLOGIES CORP. v. PROMEGA CORP. (2016/14-1538)
2025-12-04 17:15:28,086 - INFO - ✅ Success (371 turns, 63,053 chars)
2025-12-04 17:15:29,712 - INFO - [8775/1886] Fetching: NELSON v. COLORADO (2016/15-1256)
2025-12-04 17:15:31,590 - INFO - ✅ Success (533 turns, 64,636 chars)
2025-12-04 17:15:33,191 - INFO - [8776/1886] Fetching: LEWIS v. CLARKE (2016/15-1500)
2025-12-04 17:15:34,849 - INFO - ✅ Success (409 turns, 64,137 chars)
2025-12-04 17:15:34,950 - INFO - 📊 Progress saved: 850 transcripts
2025-12-04 17:15:36,455 - INFO - [8777/1886] Fetching: EXPRESSIONS HAIR DESIGN v. SCHNEIDERMAN (2016/15-1391)
2025-12-04 17:15:38,321 - INFO - ✅ Success (554 turns, 73,498 chars)
2025-12-04 17:15:39,925 - INFO - [8778/1886] Fetching: GOODYEAR TIRE & RUBBER CO. v. HAEGER (2016/15-1406)
2025-12-04 17:15:41,409 - INFO - ✅ Success (400 turns, 62,194 chars)
2025-12-04 17:15:43,010 - INFO - [8779/1886] Fetching: ENDREW F. v. DOUGLAS CNTY. SCH. DIST. RE-1 (2016/15-827)
2025-12-04 17:15:44,979 - INFO - ✅ Success (589 turns, 75,564 chars)
2025-12-04 17:15:46,582 - INFO - [8780/1886] Fetching: MIDLAND FUNDING LLC v. JOHNSON (2016/16-348)
2025-12-04 17:15:48,499 - INFO - ✅ Success (544 turns, 74,427 chars)
2025-12-04 17:15:50,107 - INFO - [8781/1886] Fetching: MATAL v. TAM (2016/15-1293)
2025-12-04 17:15:51,839 - INFO - ✅ Success (449 turns, 60,170 chars)
2025-12-04 17:15:53,459 - INFO - [8782/1886] Fetching: ZIGLAR v. ABBASI (2016/15-1358)
2025-12-04 17:15:55,014 - INFO - ✅ Success (372 turns, 62,532 chars)
2025-12-04 17:15:56,618 - INFO - [8783/1886] Fetching: SHAW v. UNITED STATES (2016/15-5991)
2025-12-04 17:15:58,447 - INFO - ✅ Success (576 turns, 66,467 chars)
2025-12-04 17:16:00,049 - INFO - [8784/1886] Fetching: HERNANDEZ v. MESA (2016/15-118)
2025-12-04 17:16:01,493 - INFO - ✅ Success (476 turns, 64,038 chars)
2025-12-04 17:16:03,111 - INFO - [8785/1886] Fetching: MCLANE COMPANY v. EEOC (2016/15-1248)
2025-12-04 17:16:04,567 - INFO - ✅ Success (363 turns, 52,721 chars)
2025-12-04 17:16:06,187 - INFO - [8786/1886] Fetching: KINDRED NURSING CENTERS v. CLARK (2016/16-32)
2025-12-04 17:16:07,714 - INFO - ✅ Success (367 turns, 59,484 chars)
2025-12-04 17:16:07,817 - INFO - 📊 Progress saved: 860 transcripts
2025-12-04 17:16:09,323 - INFO - [8787/1886] Fetching: PACKINGHAM v. NORTH CAROLINA (2016/15-1194)
2025-12-04 17:16:11,151 - INFO - ✅ Success (528 turns, 66,418 chars)
2025-12-04 17:16:12,769 - INFO - [8788/1886] Fetching: ESQUIVEL-QUINTANA v. SESSIONS (2016/16-54)
2025-12-04 17:16:14,436 - INFO - ✅ Success (453 turns, 68,936 chars)
2025-12-04 17:16:16,044 - INFO - [8789/1886] Fetching: DEAN v. UNITED STATES (2016/15-9260)
2025-12-04 17:16:17,840 - INFO - ✅ Success (474 turns, 62,736 chars)
2025-12-04 17:16:19,447 - INFO - [8790/1886] Fetching: COVENTRY HEALTH CARE OF MISSOURI v. NEVILS (2016/16-149)
2025-12-04 17:16:20,828 - INFO - ✅ Success (323 turns, 58,557 chars)
2025-12-04 17:16:22,433 - INFO - [8791/1886] Fetching: WHITE v. PAULY (2016/16-67)
2025-12-04 17:16:22,911 - INFO - ⚠️  No transcript available
2025-12-04 17:16:24,528 - INFO - [8792/1886] Fetching: MURR v. WISCONSIN (2016/15-214)
2025-12-04 17:16:26,746 - INFO - ✅ Success (741 turns, 85,667 chars)
2025-12-04 17:16:28,370 - INFO - [8793/1886] Fetching: HOWELL v. HOWELL (2016/15-1031)
2025-12-04 17:16:29,954 - INFO - ✅ Success (426 turns, 59,346 chars)
2025-12-04 17:16:31,572 - INFO - [8794/1886] Fetching: MICROSOFT CORP. v. BAKER (2016/15-457)
2025-12-04 17:16:33,328 - INFO - ✅ Success (574 turns, 75,349 chars)
2025-12-04 17:16:34,947 - INFO - [8795/1886] Fetching: IMPRESSION PRODUCTS v. LEXMARK INTERNATIONAL (2016/15-1189)
2025-12-04 17:16:36,262 - INFO - ✅ Success (306 turns, 67,114 chars)
2025-12-04 17:16:37,873 - INFO - [8796/1886] Fetching: CTY. OF LOS ANGELES v. MENDEZ (2016/16-369)
2025-12-04 17:16:39,656 - INFO - ✅ Success (496 turns, 66,963 chars)
2025-12-04 17:16:41,274 - INFO - [8797/1886] Fetching: WATER SPLASH, INC. v. MENON (2016/16-254)
2025-12-04 17:16:42,588 - INFO - ✅ Success (280 turns, 51,303 chars)
2025-12-04 17:16:42,706 - INFO - 📊 Progress saved: 870 transcripts
2025-12-04 17:16:44,212 - INFO - [8798/1886] Fetching: ADVOCATE HEALTH CARE NETWORK v. STAPLETON (2016/16-74)
2025-12-04 17:16:45,967 - INFO - ✅ Success (543 turns, 73,017 chars)
2025-12-04 17:16:47,574 - INFO - [8799/1886] Fetching: TC HEARTLAND LLC v. KRAFT FOODS GROUP BRANDS (2016/16-341)
2025-12-04 17:16:49,263 - INFO - ✅ Success (455 turns, 67,459 chars)
2025-12-04 17:16:50,887 - INFO - [8800/1886] Fetching: LEE v. UNITED STATES (2016/16-327)
2025-12-04 17:16:52,965 - INFO - ✅ Success (603 turns, 73,752 chars)
2025-12-04 17:16:54,584 - INFO - [8801/1886] Fetching: TURNER v. UNITED STATES (2016/15-1503)
2025-12-04 17:16:56,159 - INFO - ✅ Success (405 turns, 66,352 chars)
2025-12-04 17:16:57,774 - INFO - [8802/1886] Fetching: HONEYCUTT v. UNITED STATES (2016/16-142)
2025-12-04 17:16:59,519 - INFO - ✅ Success (474 turns, 75,335 chars)
2025-12-04 17:17:01,145 - INFO - [8803/1886] Fetching: PERRY v. MERIT SYSTEMS PROTECTION BD. (2016/16-399)
2025-12-04 17:17:03,695 - INFO - ✅ Success (546 turns, 72,917 chars)
2025-12-04 17:17:05,313 - INFO - [8804/1886] Fetching: TOWN OF CHESTER v. LAROE ESTATES (2016/16-605)
2025-12-04 17:17:07,000 - INFO - ✅ Success (491 turns, 73,389 chars)
2025-12-04 17:17:08,622 - INFO - [8805/1886] Fetching: CAL PUBLIC EMPLOYEES' RETIREMENT SYS. v. ANZ SECURITIES (2016/16-373)
2025-12-04 17:17:10,353 - INFO - ✅ Success (482 turns, 71,454 chars)
2025-12-04 17:17:11,959 - INFO - [8806/1886] Fetching: KOKESH v. SEC (2016/16-529)
2025-12-04 17:17:13,976 - INFO - ✅ Success (584 turns, 81,077 chars)
2025-12-04 17:17:15,602 - INFO - [8807/1886] Fetching: HENSON v. SANTANDER CONSUMER USA INC. (2016/16-349)
2025-12-04 17:17:16,610 - INFO - ✅ Success (288 turns, 66,502 chars)
2025-12-04 17:17:16,716 - INFO - 📊 Progress saved: 880 transcripts
2025-12-04 17:17:18,222 - INFO - [8808/1886] Fetching: TRINITY LUTHERAN CHURCH v. COMER, DIRECTOR, MISSOURI DEPARTMENT OF NATURAL RESOURCES (2016/15-577)
2025-12-04 17:17:20,578 - INFO - ✅ Success (546 turns, 67,607 chars)
2025-12-04 17:17:22,206 - INFO - [8809/1886] Fetching: WEAVER v. MASSACHUSETTS (2016/16-240)
2025-12-04 17:17:24,281 - INFO - ✅ Success (446 turns, 68,676 chars)
2025-12-04 17:17:25,907 - INFO - [8810/1886] Fetching: MCWILLIAMS v. DUNN (2016/16-5294)
2025-12-04 17:17:27,387 - INFO - ✅ Success (482 turns, 64,558 chars)
2025-12-04 17:17:29,009 - INFO - [8811/1886] Fetching: DAVILA v. DAVIS (2016/16-6219)
2025-12-04 17:17:30,393 - INFO - ✅ Success (469 turns, 66,272 chars)
2025-12-04 17:17:31,997 - INFO - [8812/1886] Fetching: BRISTOL-MYERS SQUIBB CO. v. SUPERIOR COURT OF CA. (2016/16-466)
2025-12-04 17:17:33,901 - INFO - ✅ Success (598 turns, 76,113 chars)
2025-12-04 17:17:35,505 - INFO - [8813/1886] Fetching: BNSF RAILWAY CO. v. TYRRELL (2016/16-405)
2025-12-04 17:17:37,223 - INFO - ✅ Success (301 turns, 50,388 chars)
2025-12-04 17:17:38,844 - INFO - [8814/1886] Fetching: SANDOZ INC. v. AMGEN INC. (2016/15-1039)
2025-12-04 17:17:40,679 - INFO - ✅ Success (560 turns, 72,786 chars)
2025-12-04 17:17:42,288 - INFO - [8815/1886] Fetching: MASLENJAK v. UNITED STATES (2016/16-309)
2025-12-04 17:17:44,270 - INFO - ✅ Success (588 turns, 69,474 chars)
2025-12-04 17:17:45,874 - INFO - [8816/1886] Fetching: BUCK v. DAVIS (2016/15-8049)
2025-12-04 17:17:47,377 - INFO - ✅ Success (377 turns, 58,298 chars)
2025-12-04 17:17:48,998 - INFO - [8817/1886] Fetching: MICHAEL DAMON RIPPO, PETITIONER v. RENEE BAKER, WARDEN (2016/16-6316)
2025-12-04 17:17:49,463 - INFO - ⚠️  No transcript available
2025-12-04 17:17:51,105 - INFO - [8818/1886] Fetching: NORTH CAROLINA v. COVINGTON (2016/16-1023)
2025-12-04 17:17:51,335 - INFO - ⚠️  No transcript available
2025-12-04 17:17:52,954 - INFO - [8819/1886] Fetching: VIRGINIA, et al. v. DENNIS LEBLANC (2016/16-1177)
2025-12-04 17:17:53,453 - INFO - ⚠️  No transcript available
2025-12-04 17:17:55,068 - INFO - [8820/1886] Fetching: CHARLOTTE JENKINS, WARDEN v. PERCY HUTTON (2016/16-1116)
2025-12-04 17:17:55,516 - INFO - ⚠️  No transcript available
2025-12-04 17:17:57,125 - INFO - [8821/1886] Fetching: PAVAN v. SMITH (2016/16-992)
2025-12-04 17:17:57,344 - INFO - ⚠️  No transcript available
2025-12-04 17:17:58,953 - INFO - [8822/1886] Fetching: SESSIONS v. DIMAYA (2017/15-1498)
2025-12-04 17:18:01,242 - INFO - ✅ Success (422 turns, 62,093 chars)
2025-12-04 17:18:01,353 - INFO - 📊 Progress saved: 890 transcripts
2025-12-04 17:18:02,859 - INFO - [8823/1886] Fetching: EPIC SYSTEMS CORP. v. LEWIS (2017/16-285)
2025-12-04 17:18:05,284 - INFO - ✅ Success (471 turns, 68,559 chars)
2025-12-04 17:18:06,905 - INFO - [8824/1886] Fetching: JENNINGS v. RODRIGUEZ (2017/15-1204)
2025-12-04 17:18:09,072 - INFO - ✅ Success (636 turns, 81,880 chars)
2025-12-04 17:18:10,696 - INFO - [8825/1886] Fetching: GILL v. WHITFORD (2017/16-1161)
2025-12-04 17:18:12,296 - INFO - ✅ Success (377 turns, 65,060 chars)
2025-12-04 17:18:13,919 - INFO - [8826/1886] Fetching: CLASS v. UNITED STATES (2017/16-424)
2025-12-04 17:18:15,598 - INFO - ✅ Success (377 turns, 65,561 chars)
2025-12-04 17:18:17,224 - INFO - [8827/1886] Fetching: DISTRICT OF COLUMBIA v. WESBY (2017/15-1485)
2025-12-04 17:18:18,914 - INFO - ✅ Success (492 turns, 64,610 chars)
2025-12-04 17:18:20,537 - INFO - [8828/1886] Fetching: HAMER v. NEIGHBORHOOD HOUSING SERVICES OF CHICAGO (2017/16-658)
2025-12-04 17:18:22,083 - INFO - ✅ Success (348 turns, 48,592 chars)
2025-12-04 17:18:23,706 - INFO - [8829/1886] Fetching: NATIONAL ASSOCIATION OF MANUFACTURERS v. DEPARTMENT OF DEFENSE (2017/16-299)
2025-12-04 17:18:25,286 - INFO - ✅ Success (410 turns, 63,368 chars)
2025-12-04 17:18:26,909 - INFO - [8830/1886] Fetching: JESNER v. ARAB BANK, PLC (2017/16-499)
2025-12-04 17:18:28,925 - INFO - ✅ Success (421 turns, 71,169 chars)
2025-12-04 17:18:30,543 - INFO - [8831/1886] Fetching: AYESTAS v. DAVIS (2017/16-6795)
2025-12-04 17:18:32,225 - INFO - ✅ Success (450 turns, 67,268 chars)
2025-12-04 17:18:33,847 - INFO - [8832/1886] Fetching: WILSON v. SELLERS (2017/16-6855)
2025-12-04 17:18:35,484 - INFO - ✅ Success (386 turns, 61,266 chars)
2025-12-04 17:18:35,606 - INFO - 📊 Progress saved: 900 transcripts
2025-12-04 17:18:37,111 - INFO - [8833/1886] Fetching: U.S. BANK NATIONAL ASSOCIATION v. VILLAGE AT LAKERIDGE (2017/15-1509)
2025-12-04 17:18:38,858 - INFO - ✅ Success (468 turns, 69,527 chars)
2025-12-04 17:18:40,461 - INFO - [8834/1886] Fetching: ARTIS v. DISTRICT OF COLUMBIA (2017/16-460)
2025-12-04 17:18:42,241 - INFO - ✅ Success (448 turns, 67,327 chars)
2025-12-04 17:18:43,866 - INFO - [8835/1886] Fetching: MERIT MANAGEMENT GROUP, LP v. FTI CONSULTING, INC (2017/16-784)
2025-12-04 17:18:45,719 - INFO - ✅ Success (423 turns, 66,168 chars)
2025-12-04 17:18:47,336 - INFO - [8836/1886] Fetching: PATCHAK v. ZINKE (2017/16-498)
2025-12-04 17:18:49,292 - INFO - ✅ Success (541 turns, 73,257 chars)
2025-12-04 17:18:50,898 - INFO - [8837/1886] Fetching: HUSTED v. A. PHILIP RANDOLPH INSTITUTE (2017/16-980)
2025-12-04 17:18:52,993 - INFO - ✅ Success (599 turns, 79,582 chars)
2025-12-04 17:18:54,609 - INFO - [8838/1886] Fetching: CYAN v. BEAVER COUNTY EMPLOYEES RETIREMENT FUND (2017/15-1439)
2025-12-04 17:18:56,892 - INFO - ✅ Success (727 turns, 81,365 chars)
2025-12-04 17:18:58,520 - INFO - [8839/1886] Fetching: MASTERPIECE CAKESHOP, LTD. v. COLORADO CIVIL RIGHTS COMMISSION (2017/16-111)
2025-12-04 17:19:01,385 - INFO - ✅ Success (774 turns, 100,168 chars)
2025-12-04 17:19:03,003 - INFO - [8840/1886] Fetching: CARPENTER v. UNITED STATES (2017/16-402)
2025-12-04 17:19:04,993 - INFO - ✅ Success (620 turns, 92,658 chars)
2025-12-04 17:19:06,617 - INFO - [8841/1886] Fetching: MURPHY v. NATIONAL COLLEGIATE ATHLETIC ASSOCIATION (2017/16-476)
2025-12-04 17:19:08,456 - INFO - ✅ Success (493 turns, 72,251 chars)
2025-12-04 17:19:10,086 - INFO - [8842/1886] Fetching: RUBIN v. ISLAMIC REPUBLIC OF IRAN (2017/16-534)
2025-12-04 17:19:11,455 - INFO - ✅ Success (301 turns, 48,266 chars)
2025-12-04 17:19:11,555 - INFO - 📊 Progress saved: 910 transcripts
2025-12-04 17:19:13,061 - INFO - [8843/1886] Fetching: OIL STATES ENERGY SERVICES, LLC v. GREENEâS ENERGY GROUP, LLC (2017/16-712)
2025-12-04 17:19:14,903 - ERROR - Unexpected error for 2017/16-712: 'NoneType' object has no attribute 'get'
2025-12-04 17:19:14,905 - INFO - ⚠️  No transcript available
2025-12-04 17:19:15,018 - INFO - 📊 Progress saved: 910 transcripts
2025-12-04 17:19:16,524 - INFO - [8844/1886] Fetching: SAS INSTITUTE INC. v. IANCU (2017/16-969)
2025-12-04 17:19:18,243 - INFO - ✅ Success (458 turns, 71,080 chars)
2025-12-04 17:19:19,851 - INFO - [8845/1886] Fetching: MURPHY v. SMITH (2017/16-1067)
2025-12-04 17:19:21,631 - INFO - ✅ Success (433 turns, 56,552 chars)
2025-12-04 17:19:23,238 - INFO - [8846/1886] Fetching: MARINELLO v. UNITED STATES (2017/16-1144)
2025-12-04 17:19:25,160 - INFO - ✅ Success (479 turns, 66,439 chars)
2025-12-04 17:19:26,778 - INFO - [8847/1886] Fetching: DIGITAL REALTY TRUST v. SOMERS (2017/16-1276)
2025-12-04 17:19:27,618 - INFO - ✅ Success (314 turns, 63,809 chars)
2025-12-04 17:19:29,228 - INFO - [8848/1886] Fetching: DUNN v. MADISON (2017/17-193)
2025-12-04 17:19:29,819 - INFO - ⚠️  No transcript available
2025-12-04 17:19:31,441 - INFO - [8849/1886] Fetching: KERNAN v. CUERO (2017/16-1468)
2025-12-04 17:19:31,966 - INFO - ⚠️  No transcript available
2025-12-04 17:19:33,589 - INFO - [8850/1886] Fetching: FLORIDA v. GEORGIA (2017/No. 142, Orig.)
2025-12-04 17:19:33,962 - INFO - ⚠️  No transcript available
2025-12-04 17:19:35,576 - INFO - [8851/1886] Fetching: TEXAS v. NEW MEXICO AND COLORADO (2017/22O141)
2025-12-04 17:19:35,952 - INFO - ⚠️  No transcript available
2025-12-04 17:19:37,555 - INFO - [8852/1886] Fetching: BYRD v. UNITED STATES (2017/16-1371)
2025-12-04 17:19:39,385 - INFO - ✅ Success (511 turns, 70,684 chars)
2025-12-04 17:19:40,992 - INFO - [8853/1886] Fetching: COX v. UNITED STATES (2017/16-1017)
2025-12-04 17:19:41,948 - INFO - ⚠️  No transcript available
2025-12-04 17:19:43,564 - INFO - [8854/1886] Fetching: DALMAZZI v. UNITED STATES (2017/16-961)
2025-12-04 17:19:45,576 - INFO - ✅ Success (401 turns, 76,761 chars)
2025-12-04 17:19:47,198 - INFO - [8855/1886] Fetching: HALL v. HALL (2017/16-1150)
2025-12-04 17:19:48,998 - INFO - ✅ Success (504 turns, 66,635 chars)
2025-12-04 17:19:50,601 - INFO - [8856/1886] Fetching: ORTIZ v. UNITED STATES (2017/16-1423)
2025-12-04 17:19:51,785 - INFO - ⚠️  No transcript available
2025-12-04 17:19:53,383 - INFO - [8857/1886] Fetching: MCCOY v. LOUISIANA (2017/16-8255)
2025-12-04 17:19:55,250 - INFO - ✅ Success (444 turns, 61,590 chars)
2025-12-04 17:19:56,869 - INFO - [8858/1886] Fetching: ENCINO MOTORCARS, LLC v. NAVARRO (2017/16-1362)
2025-12-04 17:19:58,523 - INFO - ✅ Success (322 turns, 65,434 chars)
2025-12-04 17:20:00,150 - INFO - [8859/1886] Fetching: NATIONAL INSTITUTE OF FAMILY AND LIFE ADVOCATES v. BECERRA (2017/16-1140)
2025-12-04 17:20:01,616 - INFO - ✅ Success (435 turns, 65,347 chars)
2025-12-04 17:20:01,726 - INFO - 📊 Progress saved: 920 transcripts
2025-12-04 17:20:03,232 - INFO - [8860/1886] Fetching: CURRIER v. VIRGINIA (2017/16-1348)
2025-12-04 17:20:05,082 - INFO - ✅ Success (495 turns, 74,318 chars)
2025-12-04 17:20:06,715 - INFO - [8861/1886] Fetching: MINNESOTA VOTERS ALLIANCE v. MANSKY (2017/16-1435)
2025-12-04 17:20:08,244 - INFO - ✅ Success (498 turns, 69,917 chars)
2025-12-04 17:20:09,856 - INFO - [8862/1886] Fetching: OHIO v. AMERICAN EXPRESS CO. (2017/16-1454)
2025-12-04 17:20:11,569 - INFO - ✅ Success (443 turns, 67,883 chars)
2025-12-04 17:20:13,191 - INFO - [8863/1886] Fetching: JANUS v. AMERICAN FEDERATION OF STATE, COUNTY, AND MUNICIPAL EMPLOYEES, COUNCIL 31 (2017/16-1466)
2025-12-04 17:20:15,032 - INFO - ✅ Success (441 turns, 68,429 chars)
2025-12-04 17:20:16,648 - INFO - [8864/1886] Fetching: CITY OF HAYS, KANSAS v. VOGT (2017/16-1495)
2025-12-04 17:20:18,639 - INFO - ✅ Success (490 turns, 73,377 chars)
2025-12-04 17:20:20,257 - INFO - [8865/1886] Fetching: ROSALES-MIRELES v. UNITED STATES (2017/16-9493)
2025-12-04 17:20:21,935 - INFO - ✅ Success (318 turns, 55,980 chars)
2025-12-04 17:20:23,543 - INFO - [8866/1886] Fetching: UNITED STATES v. MICROSOFT CORP. (2017/17-2)
2025-12-04 17:20:25,245 - INFO - ✅ Success (437 turns, 63,728 chars)
2025-12-04 17:20:26,854 - INFO - [8867/1886] Fetching: LOZMAN v. CITY OF RIVIERA BEACH, FLORIDA (2017/17-21)
2025-12-04 17:20:28,035 - INFO - ✅ Success (358 turns, 64,570 chars)
2025-12-04 17:20:29,684 - INFO - [8868/1886] Fetching: DAHDA v. UNITED STATES (2017/17-43)
2025-12-04 17:20:31,377 - INFO - ✅ Success (426 turns, 66,729 chars)
2025-12-04 17:20:32,992 - INFO - [8869/1886] Fetching: THARPE v. SELLERS, WARDEN (2017/17-6075)
2025-12-04 17:20:33,472 - INFO - ⚠️  No transcript available
2025-12-04 17:20:35,103 - INFO - [8870/1886] Fetching: BENISEK v. LAMONE (2017/17-333)
2025-12-04 17:20:36,900 - INFO - ✅ Success (513 turns, 72,450 chars)
2025-12-04 17:20:37,015 - INFO - 📊 Progress saved: 930 transcripts
2025-12-04 17:20:38,520 - INFO - [8871/1886] Fetching: in re UNITED STATES (2017/17-801)
2025-12-04 17:20:38,963 - INFO - ⚠️  No transcript available
2025-12-04 17:20:39,071 - INFO - 📊 Progress saved: 930 transcripts
2025-12-04 17:20:40,574 - INFO - [8872/1886] Fetching: CNH INDUSTRIAL NV v. REESE (2017/17-515)
2025-12-04 17:20:41,241 - INFO - ⚠️  No transcript available
2025-12-04 17:20:41,343 - INFO - 📊 Progress saved: 930 transcripts
2025-12-04 17:20:42,844 - INFO - [8873/1886] Fetching: MONTANA v. WYOMING (2017/137, Orig.)
2025-12-04 17:20:43,541 - INFO - ⚠️  No transcript available
2025-12-04 17:20:43,658 - INFO - 📊 Progress saved: 930 transcripts
2025-12-04 17:20:45,164 - INFO - [8874/1886] Fetching: KISELA v. HUGHES (2017/17-467)
2025-12-04 17:20:45,652 - INFO - ⚠️  No transcript available
2025-12-04 17:20:45,764 - INFO - 📊 Progress saved: 930 transcripts
2025-12-04 17:20:47,267 - INFO - [8875/1886] Fetching: WISCONSIN CENTRAL LTD. v. UNITED STATES (2017/17-530)
2025-12-04 17:20:48,796 - INFO - ✅ Success (371 turns, 58,022 chars)
2025-12-04 17:20:50,405 - INFO - [8876/1886] Fetching: WESTERNGECO LLC v. ION GEOPHYSICAL CORP. (2017/16-1011)
2025-12-04 17:20:51,873 - INFO - ✅ Success (351 turns, 67,433 chars)
2025-12-04 17:20:53,499 - INFO - [8877/1886] Fetching: SOUTH DAKOTA v. WAYFAIR (2017/17-494)
2025-12-04 17:20:55,019 - INFO - ✅ Success (354 turns, 61,406 chars)
2025-12-04 17:20:56,647 - INFO - [8878/1886] Fetching: LAMAR, ARCHER & COFRIN v. APPLING (2017/16-1215)
2025-12-04 17:20:58,055 - INFO - ✅ Success (330 turns, 66,649 chars)
2025-12-04 17:20:59,675 - INFO - [8879/1886] Fetching: LAGOS v. UNITED STATES (2017/16-1519)
2025-12-04 17:21:01,376 - INFO - ✅ Success (425 turns, 69,208 chars)
2025-12-04 17:21:02,997 - INFO - [8880/1886] Fetching: WASHINGTON v. UNITED STATES (2017/17-269)
2025-12-04 17:21:04,809 - INFO - ✅ Success (545 turns, 76,003 chars)
2025-12-04 17:21:06,438 - INFO - [8881/1886] Fetching: SVEEN v. MELIN (2017/16-1432)
2025-12-04 17:21:08,165 - INFO - ✅ Success (473 turns, 73,306 chars)
2025-12-04 17:21:09,778 - INFO - [8882/1886] Fetching: UPPER SKAGIT INDIAN TRIBE v. LUNDGREN (2017/17-387)
2025-12-04 17:21:11,445 - INFO - ✅ Success (361 turns, 59,981 chars)
2025-12-04 17:21:13,069 - INFO - [8883/1886] Fetching: UNITED STATES v. SANCHEZ-GOMEZ (2017/17-312)
2025-12-04 17:21:15,020 - INFO - ✅ Success (498 turns, 70,497 chars)
2025-12-04 17:21:16,643 - INFO - [8884/1886] Fetching: CHINA AGRITECH, INC. v. RESH (2017/17-432)
2025-12-04 17:21:18,909 - INFO - ✅ Success (373 turns, 61,458 chars)
2025-12-04 17:21:19,030 - INFO - 📊 Progress saved: 940 transcripts
2025-12-04 17:21:20,535 - INFO - [8885/1886] Fetching: HUGHES v. UNITED STATES (2017/17-155)
2025-12-04 17:21:22,015 - INFO - ✅ Success (341 turns, 57,515 chars)
2025-12-04 17:21:23,628 - INFO - [8886/1886] Fetching: KOONS v. UNITED STATES (2017/17-5716)
2025-12-04 17:21:24,991 - INFO - ✅ Success (310 turns, 67,484 chars)
2025-12-04 17:21:26,614 - INFO - [8887/1886] Fetching: LUCIA v. SEC (2017/17-130)
2025-12-04 17:21:28,290 - INFO - ✅ Success (441 turns, 68,267 chars)
2025-12-04 17:21:29,919 - INFO - [8888/1886] Fetching: PEREIRA v. SESSIONS, ATT'Y GEN. (2017/17-459)
2025-12-04 17:21:31,639 - INFO - ✅ Success (468 turns, 66,949 chars)
2025-12-04 17:21:33,265 - INFO - [8889/1886] Fetching: CHAVEZ-MEZA v. UNITED STATES (2017/17-5639)
2025-12-04 17:21:35,078 - INFO - ✅ Success (412 turns, 65,004 chars)
2025-12-04 17:21:36,711 - INFO - [8890/1886] Fetching: ABBOTT v. PEREZ (2017/17-586)
2025-12-04 17:21:38,546 - INFO - ✅ Success (596 turns, 86,697 chars)
2025-12-04 17:21:40,171 - INFO - [8891/1886] Fetching: ANIMAL SCIENCE PRODUCTS v. HEBEI WELCOME PHARMACEUTICAL CO. (2017/16-1220)
2025-12-04 17:21:41,926 - INFO - ✅ Success (405 turns, 70,358 chars)
2025-12-04 17:21:43,577 - INFO - [8892/1886] Fetching: TRUMP, PRESIDENT OF U.S. v. HAWAII (2017/17-965)
2025-12-04 17:21:46,306 - INFO - ✅ Success (625 turns, 80,190 chars)
2025-12-04 17:21:47,942 - INFO - [8893/1886] Fetching: COLLINS v. VIRGINIA (2017/16-1027)
2025-12-04 17:21:50,224 - INFO - ✅ Success (496 turns, 63,675 chars)
2025-12-04 17:21:51,846 - INFO - [8894/1886] Fetching: AZAR v. GARZA (2017/17-654)
2025-12-04 17:21:52,340 - INFO - ⚠️  No transcript available
2025-12-04 17:21:53,966 - INFO - [8895/1886] Fetching: NORTH CAROLINA v. COVINGTON (2017/17-1364)
2025-12-04 17:21:54,182 - INFO - ⚠️  No transcript available
2025-12-04 17:21:55,782 - INFO - [8896/1886] Fetching: SAUSE v. BAUER (2017/17-742)
2025-12-04 17:21:56,561 - INFO - ⚠️  No transcript available
2025-12-04 17:21:58,178 - INFO - [8897/1886] Fetching: SEXTON v. BEAUDREAUX (2017/17-1106)
2025-12-04 17:21:58,700 - INFO - ⚠️  No transcript available
2025-12-04 17:22:00,314 - INFO - [8898/1886] Fetching: MOUNT LEMMON FIRE DISTRICT v. GUIDO (2018/17-587)
2025-12-04 17:22:02,057 - INFO - ✅ Success (333 turns, 57,982 chars)
2025-12-04 17:22:02,182 - INFO - 📊 Progress saved: 950 transcripts
2025-12-04 17:22:03,688 - INFO - [8899/1886] Fetching: WEYERHAEUSER COMPANY v. U.S. FISH AND WILDLIFE SERVICE (2018/17-71)
2025-12-04 17:22:05,466 - INFO - ✅ Success (462 turns, 65,157 chars)
2025-12-04 17:22:07,104 - INFO - [8900/1886] Fetching: GUNDY v. UNITED STATES (2018/17-6086)
2025-12-04 17:22:08,700 - INFO - ✅ Success (357 turns, 61,652 chars)
2025-12-04 17:22:10,318 - INFO - [8901/1886] Fetching: MADISON v. ALABAMA (2018/17-7505)
2025-12-04 17:22:12,253 - INFO - ✅ Success (413 turns, 63,577 chars)
2025-12-04 17:22:13,892 - INFO - [8902/1886] Fetching: KNICK v. TOWNSHIP OF SCOTT, PENNSYLVANIA (2018/17-647)
2025-12-04 17:22:16,157 - INFO - ✅ Success (474 turns, 68,453 chars)
2025-12-04 17:22:17,782 - INFO - [8903/1886] Fetching: NEW PRIME INC. v. OLIVEIRA (2018/17-340)
2025-12-04 17:22:19,152 - INFO - ✅ Success (291 turns, 53,925 chars)
2025-12-04 17:22:20,769 - INFO - [8904/1886] Fetching: STOKELING v. UNITED STATES (2018/17-5554)
2025-12-04 17:22:22,499 - INFO - ✅ Success (447 turns, 63,804 chars)
2025-12-04 17:22:24,138 - INFO - [8905/1886] Fetching: UNITED STATES v. STITT (2018/17-765)
2025-12-04 17:22:25,589 - INFO - ✅ Success (379 turns, 71,596 chars)
2025-12-04 17:22:27,203 - INFO - [8906/1886] Fetching: AIR AND LIQUID SYSTEMS CORP. v. DEVRIES (2018/17-1104)
2025-12-04 17:22:28,749 - INFO - ✅ Success (462 turns, 68,749 chars)
2025-12-04 17:22:30,375 - INFO - [8907/1886] Fetching: NIELSEN v. PREAP (2018/16-1363)
2025-12-04 17:22:32,226 - INFO - ✅ Success (506 turns, 69,220 chars)
2025-12-04 17:22:33,849 - INFO - [8908/1886] Fetching: LAMPS PLUS INC. v. VARELA (2018/17-988)
2025-12-04 17:22:35,702 - INFO - ✅ Success (427 turns, 63,726 chars)
2025-12-04 17:22:35,832 - INFO - 📊 Progress saved: 960 transcripts
2025-12-04 17:22:37,338 - INFO - [8909/1886] Fetching: HENRY SCHEIN INC. v. ARCHER AND WHITE SALES INC. (2018/17-1272)
2025-12-04 17:22:39,091 - INFO - ✅ Success (444 turns, 69,431 chars)
2025-12-04 17:22:40,709 - INFO - [8910/1886] Fetching: WASHINGTON STATE DEPARTMENT OF LICENSING v. COUGAR DEN INC. (2018/16-1498)
2025-12-04 17:22:42,677 - INFO - ✅ Success (593 turns, 77,671 chars)
2025-12-04 17:22:44,319 - INFO - [8911/1886] Fetching: GARZA v. IDAHO (2018/17-1026)
2025-12-04 17:22:46,429 - INFO - ✅ Success (427 turns, 68,796 chars)
2025-12-04 17:22:48,052 - INFO - [8912/1886] Fetching: FRANK v. GAOS (2018/17-961)
2025-12-04 17:22:49,766 - INFO - ✅ Success (463 turns, 70,600 chars)
2025-12-04 17:22:51,392 - INFO - [8913/1886] Fetching: JAM v. INT'L FINANCE CORP. (2018/17-1011)
2025-12-04 17:22:53,096 - INFO - ✅ Success (350 turns, 70,516 chars)
2025-12-04 17:22:54,736 - INFO - [8914/1886] Fetching: VIRGINIA URANIUM v. WARREN (2018/16-1275)
2025-12-04 17:22:56,317 - INFO - ✅ Success (389 turns, 65,035 chars)
2025-12-04 17:22:57,954 - INFO - [8915/1886] Fetching: STURGEON v. FROST (2018/17-949)
2025-12-04 17:22:59,524 - INFO - ✅ Success (409 turns, 67,443 chars)
2025-12-04 17:23:01,149 - INFO - [8916/1886] Fetching: BNSF RAILWAY COMPANY v. LOOS (2018/17-1042)
2025-12-04 17:23:02,593 - INFO - ✅ Success (313 turns, 57,834 chars)
2025-12-04 17:23:04,219 - INFO - [8917/1886] Fetching: BUCKLEW v. PRECYTHE (2018/17-8151)
2025-12-04 17:23:05,794 - INFO - ✅ Success (429 turns, 69,808 chars)
2025-12-04 17:23:07,430 - INFO - [8918/1886] Fetching: CULBERTSON v. BERRYHILL (2018/17-773)
2025-12-04 17:23:09,245 - INFO - ✅ Success (464 turns, 63,102 chars)
2025-12-04 17:23:09,357 - INFO - 📊 Progress saved: 970 transcripts
2025-12-04 17:23:10,861 - INFO - [8919/1886] Fetching: REPUBLIC OF SUDAN v. HARRISON (2018/16-1094)
2025-12-04 17:23:12,467 - INFO - ✅ Success (442 turns, 69,832 chars)
2025-12-04 17:23:14,106 - INFO - [8920/1886] Fetching: APPLE INC. v. PEPPER (2018/17-204)
2025-12-04 17:23:16,156 - INFO - ✅ Success (435 turns, 64,216 chars)
2025-12-04 17:23:17,774 - INFO - [8921/1886] Fetching: MERCK SHARP & DOHME CORP. v. ALBRECHT (2018/17-290)
2025-12-04 17:23:19,439 - INFO - ✅ Success (363 turns, 65,167 chars)
2025-12-04 17:23:21,071 - INFO - [8922/1886] Fetching: DAWSON v. STEAGER (2018/17-419)
2025-12-04 17:23:23,238 - INFO - ✅ Success (508 turns, 73,032 chars)
2025-12-04 17:23:24,872 - INFO - [8923/1886] Fetching: HERRERA v. WYOMING (2018/17-532)
2025-12-04 17:23:26,683 - INFO - ✅ Success (448 turns, 68,917 chars)
2025-12-04 17:23:28,326 - INFO - [8924/1886] Fetching: FOURTH ESTATE PUBLIC BENEFIT CORP. v. WALL-STREET.COM (2018/17-571)
2025-12-04 17:23:29,761 - INFO - ✅ Success (382 turns, 67,023 chars)
2025-12-04 17:23:31,383 - INFO - [8925/1886] Fetching: GAMBLE v. UNITED STATES (2018/17-646)
2025-12-04 17:23:33,249 - INFO - ✅ Success (590 turns, 91,866 chars)
2025-12-04 17:23:34,871 - INFO - [8926/1886] Fetching: LORENZO v. SECURITIES AND EXCHANGE COMMISSION (2018/17-1077)
2025-12-04 17:23:36,918 - INFO - ✅ Success (362 turns, 57,362 chars)
2025-12-04 17:23:38,555 - INFO - [8927/1886] Fetching: TIMBS v. INDIANA (2018/17-1091)
2025-12-04 17:23:40,894 - INFO - ✅ Success (363 turns, 63,666 chars)
2025-12-04 17:23:42,524 - INFO - [8928/1886] Fetching: NUTRACEUTICAL CORP. v. LAMBERT (2018/17-1094)
2025-12-04 17:23:44,213 - INFO - ✅ Success (375 turns, 59,961 chars)
2025-12-04 17:23:44,342 - INFO - 📊 Progress saved: 980 transcripts
2025-12-04 17:23:45,845 - INFO - [8929/1886] Fetching: NIEVES v. BARTLETT (2018/17-1174)
2025-12-04 17:23:47,455 - INFO - ✅ Success (384 turns, 67,140 chars)
2025-12-04 17:23:49,078 - INFO - [8930/1886] Fetching: BIESTEK v. BERRYHILL (2018/17-1184)
2025-12-04 17:23:50,665 - INFO - ✅ Success (435 turns, 69,350 chars)
2025-12-04 17:23:52,289 - INFO - [8931/1886] Fetching: HELSINN HEALTHCARE S.A. v. TEVA PHARMACEUTICALS USA INC. (2018/17-1229)
2025-12-04 17:23:53,774 - INFO - ✅ Success (312 turns, 62,417 chars)
2025-12-04 17:23:55,400 - INFO - [8932/1886] Fetching: FRANCHISE TAX BOARD OF CALIFORNIA v. HYATT (2018/17-1299)
2025-12-04 17:23:56,875 - INFO - ✅ Success (333 turns, 58,866 chars)
2025-12-04 17:23:58,513 - INFO - [8933/1886] Fetching: OBDUSKEY v. MCCARTHY & HOLTHUS LLP (2018/17-1307)
2025-12-04 17:24:00,201 - INFO - ✅ Success (462 turns, 73,313 chars)
2025-12-04 17:24:01,820 - INFO - [8934/1886] Fetching: THACKER v. TENNESSEE VALLEY AUTHORITY (2018/17-1201)
2025-12-04 17:24:03,821 - INFO - ✅ Success (460 turns, 66,059 chars)
2025-12-04 17:24:05,501 - INFO - [8935/1886] Fetching: HOME DEPOT U.S.A. INC. v. JACKSON (2018/17-1471)
2025-12-04 17:24:07,370 - INFO - ✅ Success (534 turns, 68,840 chars)
2025-12-04 17:24:08,990 - INFO - [8936/1886] Fetching: AZAR v. ALLINA HEALTH SERVICES (2018/17-1484)
2025-12-04 17:24:11,548 - INFO - ✅ Success (459 turns, 62,090 chars)
2025-12-04 17:24:13,183 - INFO - [8937/1886] Fetching: RETURN MAIL INC. v. U.S. POSTAL SERVICE (2018/17-1594)
2025-12-04 17:24:14,663 - INFO - ✅ Success (330 turns, 65,501 chars)
2025-12-04 17:24:16,282 - INFO - [8938/1886] Fetching: SMITH v. BERRYHILL (2018/17-1606)
2025-12-04 17:24:17,759 - INFO - ✅ Success (383 turns, 60,617 chars)
2025-12-04 17:24:17,887 - INFO - 📊 Progress saved: 990 transcripts
2025-12-04 17:24:19,393 - INFO - [8939/1886] Fetching: RIMINI STREET INC. v. ORACLE USA INC. (2018/17-1625)
2025-12-04 17:24:20,980 - INFO - ✅ Success (354 turns, 67,458 chars)
2025-12-04 17:24:22,620 - INFO - [8940/1886] Fetching: MISSION PRODUCT HOLDINGS INC. v. TEMPNOLOGY, LLC (2018/17-1657)
2025-12-04 17:24:24,458 - INFO - ✅ Success (501 turns, 67,885 chars)
2025-12-04 17:24:26,099 - INFO - [8941/1886] Fetching: UNITED STATES v. HAYMOND (2018/17-1672)
2025-12-04 17:24:27,773 - INFO - ✅ Success (384 turns, 57,555 chars)
2025-12-04 17:24:29,410 - INFO - [8942/1886] Fetching: MANHATTAN COMMUNITY ACCESS CORP. v. HALLECK (2018/17-1702)
2025-12-04 17:24:31,338 - INFO - ✅ Success (555 turns, 73,952 chars)
2025-12-04 17:24:32,980 - INFO - [8943/1886] Fetching: AMERICAN LEGION v. AMERICAN HUMANIST ASSOCIATION (2018/17-1717)
2025-12-04 17:24:35,185 - INFO - ✅ Success (731 turns, 91,234 chars)
2025-12-04 17:24:36,818 - INFO - [8944/1886] Fetching: MONT v. UNITED STATES (2018/17-8995)
2025-12-04 17:24:38,456 - INFO - ✅ Success (353 turns, 58,537 chars)
2025-12-04 17:24:40,097 - INFO - [8945/1886] Fetching: FLOWERS v. MISSISSIPPI (2018/17-9572)
2025-12-04 17:24:41,705 - INFO - ✅ Success (430 turns, 55,779 chars)
2025-12-04 17:24:43,345 - INFO - [8946/1886] Fetching: TENNESSEE WINE & SPIRITS RETAILERS ASSOCIATION v. THOMAS (2018/18-96)
2025-12-04 17:24:45,024 - INFO - ✅ Success (378 turns, 57,572 chars)
2025-12-04 17:24:46,648 - INFO - [8947/1886] Fetching: SHOOP v. HILL (2018/18-56)
2025-12-04 17:24:47,102 - INFO - ⚠️  No transcript available
2025-12-04 17:24:48,716 - INFO - [8948/1886] Fetching: ESCONDIDO v. EMMONS (2018/17-1660)
2025-12-04 17:24:49,295 - INFO - ⚠️  No transcript available
2025-12-04 17:24:50,919 - INFO - [8949/1886] Fetching: YOVINO v. RIZO (2018/18-272)
2025-12-04 17:24:51,421 - INFO - ⚠️  No transcript available
2025-12-04 17:24:53,057 - INFO - [8950/1886] Fetching: MOORE v. TEXAS (2018/18-443)
2025-12-04 17:24:53,490 - INFO - ⚠️  No transcript available
2025-12-04 17:24:55,119 - INFO - [8951/1886] Fetching: VIRGINIA HOUSE OF DELEGATES v. BETHUNE-HILL (2018/18-281)
2025-12-04 17:24:56,613 - INFO - ✅ Success (370 turns, 67,697 chars)
2025-12-04 17:24:58,252 - INFO - [8952/1886] Fetching: COCHISE CONSULTANCY INC. v. U.S., EX REL. HUNT (2018/18-315)
2025-12-04 17:24:59,726 - INFO - ✅ Success (371 turns, 64,178 chars)
2025-12-04 17:24:59,860 - INFO - 📊 Progress saved: 1000 transcripts
2025-12-04 17:25:01,362 - INFO - [8953/1886] Fetching: PDR NETWORK, LLC v. CARLTON & HARRIS CHIROPRACTIC INC., (2018/17-1705)
2025-12-04 17:25:04,164 - INFO - ✅ Success (569 turns, 74,544 chars)
2025-12-04 17:25:05,793 - INFO - [8954/1886] Fetching: THE DUTRA GROUP v. BATTERTON (2018/18-266)
2025-12-04 17:25:07,432 - INFO - ✅ Success (281 turns, 54,412 chars)
2025-12-04 17:25:09,062 - INFO - [8955/1886] Fetching: RUCHO v. COMMON CAUSE (2018/18-422)
2025-12-04 17:25:10,775 - INFO - ✅ Success (421 turns, 73,785 chars)
2025-12-04 17:25:12,423 - INFO - [8956/1886] Fetching: KISOR v. WILKIE (2018/18-15)
2025-12-04 17:25:14,256 - INFO - ✅ Success (411 turns, 71,016 chars)
2025-12-04 17:25:15,884 - INFO - [8957/1886] Fetching: IANCU v. BRUNETTI (2018/18-302)
2025-12-04 17:25:17,995 - INFO - ✅ Success (412 turns, 61,653 chars)
2025-12-04 17:25:19,628 - INFO - [8958/1886] Fetching: FORT BEND COUNTY, TEXAS v. DAVIS (2018/18-525)
2025-12-04 17:25:21,045 - INFO - ✅ Success (357 turns, 63,452 chars)
2025-12-04 17:25:22,685 - INFO - [8959/1886] Fetching: REHAIF v. UNITED STATES (2018/17-9560)
2025-12-04 17:25:24,597 - INFO - ✅ Success (466 turns, 60,865 chars)
2025-12-04 17:25:26,234 - INFO - [8960/1886] Fetching: MITCHELL v. WISCONSIN (2018/18-6210)
2025-12-04 17:25:28,753 - INFO - ✅ Success (432 turns, 65,161 chars)
2025-12-04 17:25:30,391 - INFO - [8961/1886] Fetching: DEPARTMENT OF COMMERCE v. NEW YORK (2018/18-966)
2025-12-04 17:25:33,301 - INFO - ✅ Success (638 turns, 88,894 chars)
2025-12-04 17:25:34,936 - INFO - [8962/1886] Fetching: EMULEX CORP. v. VARJABEDIAN (2018/18-459)
2025-12-04 17:25:36,704 - INFO - ✅ Success (491 turns, 75,311 chars)
2025-12-04 17:25:36,844 - INFO - 📊 Progress saved: 1010 transcripts
2025-12-04 17:25:38,352 - INFO - [8963/1886] Fetching: PARKER DRILLING MANAGEMENT SERVICES, LTD. v. NEWTON (2018/18-389)
2025-12-04 17:25:40,054 - INFO - ✅ Success (359 turns, 66,313 chars)
2025-12-04 17:25:41,709 - INFO - [8964/1886] Fetching: NORTH CAROLINA DEPARTMENT OF REVENUE v. THE KIMBERLEY RICE KAESTNER 1992 FAMILY TRUST (2018/18-457)
2025-12-04 17:25:44,225 - INFO - ✅ Success (565 turns, 67,087 chars)
2025-12-04 17:25:45,863 - INFO - [8965/1886] Fetching: UNITED STATES v. DAVIS (2018/18-431)
2025-12-04 17:25:47,586 - INFO - ✅ Success (447 turns, 65,466 chars)
2025-12-04 17:25:49,208 - INFO - [8966/1886] Fetching: MCDONOUGH v. SMITH (2018/18-485)
2025-12-04 17:25:50,887 - INFO - ✅ Success (425 turns, 61,236 chars)
2025-12-04 17:25:52,563 - INFO - [8967/1886] Fetching: FOOD MARKETING INSTITUTE v. ARGUS LEADER MEDIA (2018/18-481)
2025-12-04 17:25:54,375 - INFO - ✅ Success (473 turns, 69,360 chars)
2025-12-04 17:25:56,005 - INFO - [8968/1886] Fetching: QUARLES v. UNITED STATES (2018/17-778)
2025-12-04 17:25:57,520 - INFO - ✅ Success (401 turns, 65,291 chars)
2025-12-04 17:25:59,162 - INFO - [8969/1886] Fetching: TAGGART v. LORENZEN (2018/18-489)
2025-12-04 17:26:00,705 - INFO - ✅ Success (381 turns, 66,461 chars)
2025-12-04 17:26:02,326 - INFO - [8970/1886] Fetching: BOX v. PLANNED PARENTHOOD OF IND. & KY. (2018/18-483)
2025-12-04 17:26:02,873 - INFO - ⚠️  No transcript available
2025-12-04 17:26:04,505 - INFO - [8971/1886] Fetching: KAHLER v. KANSAS (2019/18-6135)
2025-12-04 17:26:05,381 - INFO - ✅ Success (470 turns, 67,257 chars)
2025-12-04 17:26:07,016 - INFO - [8972/1886] Fetching: RAMOS v. LOUISIANA (2019/18-5924)
2025-12-04 17:26:08,644 - INFO - ✅ Success (463 turns, 70,905 chars)
2025-12-04 17:26:10,282 - INFO - [8973/1886] Fetching: PETER v. NANTKWEST INC. (2019/18-801)
2025-12-04 17:26:11,652 - INFO - ✅ Success (322 turns, 52,700 chars)
2025-12-04 17:26:11,765 - INFO - 📊 Progress saved: 1020 transcripts
2025-12-04 17:26:13,269 - INFO - [8974/1886] Fetching: BOSTOCK v. CLAYTON COUNTY, GEORGIA (2019/17-1618)
2025-12-04 17:26:14,101 - INFO - ✅ Success (509 turns, 69,066 chars)
2025-12-04 17:26:15,741 - INFO - [8975/1886] Fetching: FINANCIAL OVERSIGHT AND MANAGEMENT BOARD FOR PUERTO RICO v. AURELIUS INVESTMENT, LLC (2019/18-1334)
2025-12-04 17:26:17,641 - INFO - ✅ Success (638 turns, 95,134 chars)
2025-12-04 17:26:19,269 - INFO - [8976/1886] Fetching: ROTKISKE v. KLEMM (2019/18-328)
2025-12-04 17:26:20,736 - INFO - ✅ Success (396 turns, 63,734 chars)
2025-12-04 17:26:22,381 - INFO - [8977/1886] Fetching: KANSAS v. GARCIA (2019/17-834)
2025-12-04 17:26:24,090 - INFO - ✅ Success (459 turns, 71,562 chars)
2025-12-04 17:26:25,737 - INFO - [8978/1886] Fetching: BARTON v. BARR (2019/18-725)
2025-12-04 17:26:27,380 - INFO - ✅ Success (479 turns, 71,237 chars)
2025-12-04 17:26:29,023 - INFO - [8979/1886] Fetching: KANSAS v. GLOVER (2019/18-556)
2025-12-04 17:26:32,065 - INFO - ✅ Success (663 turns, 79,293 chars)
2025-12-04 17:26:33,691 - INFO - [8980/1886] Fetching: ALLEN v. COOPER (2019/18-877)
2025-12-04 17:26:35,334 - INFO - ✅ Success (407 turns, 70,663 chars)
2025-12-04 17:26:36,970 - INFO - [8981/1886] Fetching: CITGO ASPHALT REFINING CO. v. FRESCATI SHIPPING CO., LTD. (2019/18-565)
2025-12-04 17:26:38,614 - INFO - ✅ Success (433 turns, 67,264 chars)
2025-12-04 17:26:40,250 - INFO - [8982/1886] Fetching: RETIREMENT PLANS COMMITTEE OF IBM v. JANDER (2019/18-1165)
2025-12-04 17:26:41,851 - INFO - ✅ Success (386 turns, 68,853 chars)
2025-12-04 17:26:43,490 - INFO - [8983/1886] Fetching: COUNTY OF MAUI, HAWAII v. HAWAII WILDLIFE FUND (2019/18-260)
2025-12-04 17:26:45,190 - INFO - ✅ Success (455 turns, 72,058 chars)
2025-12-04 17:26:45,315 - INFO - 📊 Progress saved: 1030 transcripts
2025-12-04 17:26:46,816 - INFO - [8984/1886] Fetching: HERNANDEZ v. MESA (2019/17-1678)
2025-12-04 17:26:48,500 - INFO - ✅ Success (437 turns, 69,557 chars)
2025-12-04 17:26:50,137 - INFO - [8985/1886] Fetching: DEPARTMENT OF HOMELAND SECURITY v. REGENTS OF THE UNIVERSITY OF CALIFORNIA (2019/18-587)
2025-12-04 17:26:52,526 - INFO - ✅ Success (636 turns, 91,437 chars)
2025-12-04 17:26:54,150 - INFO - [8986/1886] Fetching: RITZEN GROUP INC. v. JACKSON MASONRY, LLC (2019/18-938)
2025-12-04 17:26:55,787 - INFO - ✅ Success (409 turns, 67,016 chars)
2025-12-04 17:26:57,421 - INFO - [8987/1886] Fetching: COMCAST CORP. v. NATIONAL ASSOCIATION OF AFRICAN AMERICAN-OWNED MEDIA (2019/18-1171)
2025-12-04 17:26:59,399 - INFO - ✅ Success (518 turns, 69,315 chars)
2025-12-04 17:27:01,034 - INFO - [8988/1886] Fetching: GEORGIA v. PUBLIC.RESOURCE.ORG INC. (2019/18-1150)
2025-12-04 17:27:02,853 - INFO - ✅ Success (478 turns, 66,434 chars)
2025-12-04 17:27:04,473 - INFO - [8989/1886] Fetching: NEW YORK STATE RIFLE & PISTOL ASSOCIATION INC. v. CITY OF NEW YORK, NEW YORK (2019/18-280)
2025-12-04 17:27:06,114 - INFO - ✅ Success (478 turns, 73,274 chars)
2025-12-04 17:27:07,743 - INFO - [8990/1886] Fetching: ATLANTIC RICHFIELD CO. v. CHRISTIAN (2019/17-1498)
2025-12-04 17:27:09,526 - INFO - ✅ Success (510 turns, 68,933 chars)
2025-12-04 17:27:11,166 - INFO - [8991/1886] Fetching: RODRIGUEZ v. FEDERAL DEPOSIT INSURANCE CORP. (2019/18-1269)
2025-12-04 17:27:12,905 - INFO - ✅ Success (477 turns, 72,107 chars)
2025-12-04 17:27:14,546 - INFO - [8992/1886] Fetching: INTEL CORP. INVESTMENT POLICY COMMITTEE v. SULYMA (2019/18-1116)
2025-12-04 17:27:16,811 - INFO - ✅ Success (420 turns, 75,157 chars)
2025-12-04 17:27:18,435 - INFO - [8993/1886] Fetching: BANISTER v. DAVIS (2019/18-6943)
2025-12-04 17:27:19,863 - INFO - ✅ Success (361 turns, 66,195 chars)
2025-12-04 17:27:19,977 - INFO - 📊 Progress saved: 1040 transcripts
2025-12-04 17:27:21,484 - INFO - [8994/1886] Fetching: THRYV v. CLICK-TO-CALL TECHNOLOGIES, LP (2019/18-916)
2025-12-04 17:27:23,066 - INFO - ✅ Success (478 turns, 72,384 chars)
2025-12-04 17:27:24,707 - INFO - [8995/1886] Fetching: GUERRERO-LASPRILLA v. BARR (2019/18-776)
2025-12-04 17:27:26,177 - INFO - ✅ Success (392 turns, 64,916 chars)
2025-12-04 17:27:27,812 - INFO - [8996/1886] Fetching: HOLGUIN-HERNANDEZ v. UNITED STATES (2019/18-7739)
2025-12-04 17:27:29,122 - INFO - ✅ Success (289 turns, 56,175 chars)
2025-12-04 17:27:30,762 - INFO - [8997/1886] Fetching: MAINE COMMUNITY HEALTH OPTIONS v. UNITED STATES (2019/18-1023)
2025-12-04 17:27:32,352 - INFO - ✅ Success (434 turns, 68,487 chars)
2025-12-04 17:27:33,993 - INFO - [8998/1886] Fetching: MONASKY v. TAGLIERI (2019/18-935)
2025-12-04 17:27:35,650 - INFO - ✅ Success (393 turns, 64,950 chars)
2025-12-04 17:27:37,274 - INFO - [8999/1886] Fetching: MCKINNEY v. ARIZONA (2019/18-1109)
2025-12-04 17:27:38,963 - INFO - ✅ Success (533 turns, 69,967 chars)
2025-12-04 17:27:40,601 - INFO - [9000/1886] Fetching: OPATI v. REPUBLIC OF SUDAN (2019/17-1268)
2025-12-04 17:27:42,642 - INFO - ✅ Success (423 turns, 62,737 chars)
2025-12-04 17:27:44,316 - INFO - [9001/1886] Fetching: THOLE v. U.S. BANK, N.A. (2019/17-1712)
2025-12-04 17:27:46,138 - INFO - ✅ Success (577 turns, 73,119 chars)
2025-12-04 17:27:47,776 - INFO - [9002/1886] Fetching: BABB v. WILKIE (2019/18-882)
2025-12-04 17:27:49,473 - INFO - ✅ Success (501 turns, 70,005 chars)
2025-12-04 17:27:51,096 - INFO - [9003/1886] Fetching: GE ENERGY POWER CONVERSION FRANCE SAS v. OUTOKUMPU STAINLESS USA LLC (2019/18-1048)
2025-12-04 17:27:52,818 - INFO - ✅ Success (466 turns, 68,119 chars)
2025-12-04 17:27:52,953 - INFO - 📊 Progress saved: 1050 transcripts
2025-12-04 17:27:54,460 - INFO - [9004/1886] Fetching: KELLY v. UNITED STATES (2019/18-1059)
2025-12-04 17:27:56,289 - INFO - ✅ Success (479 turns, 66,832 chars)
2025-12-04 17:27:57,913 - INFO - [9005/1886] Fetching: LUCKY BRAND DUNGAREES INC. v. MARCEL FASHION GROUP INC. (2019/18-1086)
2025-12-04 17:27:59,790 - INFO - ✅ Success (469 turns, 66,415 chars)
2025-12-04 17:28:01,429 - INFO - [9006/1886] Fetching: ESPINOZA v. MONTANA DEPARTMENT OF REVENUE (2019/18-1195)
2025-12-04 17:28:03,789 - INFO - ✅ Success (505 turns, 70,449 chars)
2025-12-04 17:28:05,427 - INFO - [9007/1886] Fetching: ROMAG FASTENERS INC. v. FOSSIL INC. (2019/18-1233)
2025-12-04 17:28:07,800 - INFO - ✅ Success (501 turns, 66,686 chars)
2025-12-04 17:28:09,422 - INFO - [9008/1886] Fetching: JUNE MEDICAL SERVICES LLC v. RUSSO (2019/18-1323)
2025-12-04 17:28:11,389 - INFO - ✅ Success (515 turns, 67,962 chars)
2025-12-04 17:28:13,018 - INFO - [9009/1886] Fetching: U.S. FOREST SERVICE v. COWPASTURE RIVER PRESERVATION ASSOCIATION (2019/18-1584)
2025-12-04 17:28:14,774 - INFO - ✅ Success (474 turns, 66,029 chars)
2025-12-04 17:28:16,417 - INFO - [9010/1886] Fetching: SHULAR v. UNITED STATES (2019/18-6662)
2025-12-04 17:28:17,969 - INFO - ✅ Success (366 turns, 65,550 chars)
2025-12-04 17:28:19,613 - INFO - [9011/1886] Fetching: UNITED STATES v. SINENENG-SMITH (2019/19-67)
2025-12-04 17:28:21,233 - INFO - ✅ Success (407 turns, 67,125 chars)
2025-12-04 17:28:22,879 - INFO - [9012/1886] Fetching: THOMPSON v. HEBDON (2019/19-122)
2025-12-04 17:28:23,353 - INFO - ⚠️  No transcript available
2025-12-04 17:28:24,994 - INFO - [9013/1886] Fetching: TRUMP v. VANCE (2019/19-635)
2025-12-04 17:28:26,928 - INFO - ✅ Success (559 turns, 107,359 chars)
2025-12-04 17:28:28,581 - INFO - [9014/1886] Fetching: MCGIRT v. OKLAHOMA (2019/18-9526)
2025-12-04 17:28:30,509 - INFO - ✅ Success (516 turns, 92,969 chars)
2025-12-04 17:28:30,627 - INFO - 📊 Progress saved: 1060 transcripts
2025-12-04 17:28:32,132 - INFO - [9015/1886] Fetching: U.S. PATENT AND TRADEMARK OFFICE v. BOOKING.COM B.V. (2019/19-46)
2025-12-04 17:28:33,631 - INFO - ✅ Success (482 turns, 78,958 chars)
2025-12-04 17:28:35,277 - INFO - [9016/1886] Fetching: U.S. AGENCY FOR INT'L DEVELOPMENT v. ALLIANCE FOR OPEN SOCIETY INT'L (2019/19-177)
2025-12-04 17:28:36,575 - INFO - ✅ Success (321 turns, 65,319 chars)
2025-12-04 17:28:38,226 - INFO - [9017/1886] Fetching: OUR LADY OF GUADALUPE SCHOOL v. MORRISSEY-BERRU (2019/19-267)
2025-12-04 17:28:39,942 - INFO - ✅ Success (461 turns, 101,537 chars)
2025-12-04 17:28:41,585 - INFO - [9018/1886] Fetching: LITTLE SISTERS OF THE POOR SAINTS PETER AND PAUL HOME v. PENNSYLVANIA (2019/19-431)
2025-12-04 17:28:44,061 - INFO - ✅ Success (527 turns, 99,835 chars)
2025-12-04 17:28:45,699 - INFO - [9019/1886] Fetching: CHIAFALO v. WASHINGTON (2019/19-465)
2025-12-04 17:28:47,311 - INFO - ✅ Success (472 turns, 80,547 chars)
2025-12-04 17:28:48,962 - INFO - [9020/1886] Fetching: BARR v. AMERICAN ASSOCIATION OF POLITICAL CONSULTANTS INC. (2019/19-631)
2025-12-04 17:28:50,587 - INFO - ✅ Success (392 turns, 76,315 chars)
2025-12-04 17:28:52,238 - INFO - [9021/1886] Fetching: ROMAN CATHOLIC ARCHDIOCESE OF SAN JUAN v. FELICIANO (2019/18-921)
2025-12-04 17:28:52,613 - INFO - ⚠️  No transcript available
2025-12-04 17:28:54,235 - INFO - [9022/1886] Fetching: DAVIS v. UNITED STATES (2019/19-5421)
2025-12-04 17:28:54,606 - INFO - ⚠️  No transcript available
2025-12-04 17:28:56,243 - INFO - [9023/1886] Fetching: NASRALLAH v. BARR (2019/18-1432)
2025-12-04 17:28:57,786 - INFO - ✅ Success (418 turns, 69,643 chars)
2025-12-04 17:28:59,426 - INFO - [9024/1886] Fetching: LOMAX v. ORTIZ-MARQUEZ (2019/18-8369)
2025-12-04 17:29:00,780 - INFO - ✅ Success (296 turns, 60,975 chars)
2025-12-04 17:29:02,426 - INFO - [9025/1886] Fetching: ANDRUS v. TEXAS (2019/18-9674)
2025-12-04 17:29:02,836 - INFO - ⚠️  No transcript available
2025-12-04 17:29:04,460 - INFO - [9026/1886] Fetching: DEPARTMENT OF HOMELAND SECURITY v. THURAISSIGIAM (2019/19-161)
2025-12-04 17:29:06,233 - INFO - ✅ Success (465 turns, 65,948 chars)
2025-12-04 17:29:07,870 - INFO - [9027/1886] Fetching: SEILA LAW LLC v. CONSUMER FINANCIAL PROTECTION BUREAU (2019/19-7)
2025-12-04 17:29:08,892 - INFO - ✅ Success (434 turns, 79,186 chars)
2025-12-04 17:29:09,024 - INFO - 📊 Progress saved: 1070 transcripts
2025-12-04 17:29:10,531 - INFO - [9028/1886] Fetching: LIU v. SECURITIES AND EXCHANGE COMMISSION (2019/18-1501)
2025-12-04 17:29:11,899 - INFO - ✅ Success (240 turns, 56,537 chars)
2025-12-04 17:29:13,544 - INFO - [9029/1886] Fetching: COLORADO DEPT. OF STATE v. BACA (2019/19-518)
2025-12-04 17:29:15,134 - INFO - ✅ Success (431 turns, 62,514 chars)
2025-12-04 17:29:16,780 - INFO - [9030/1886] Fetching: TRUMP v. MAZARS USA, LLP (2019/19-715)
2025-12-04 17:29:18,633 - INFO - ✅ Success (568 turns, 97,727 chars)
2025-12-04 17:29:20,268 - INFO - [9031/1886] Fetching: TEXAS v. NEW MEXICO (2020/22O65)
2025-12-04 17:29:20,664 - INFO - ⚠️  No transcript available
2025-12-04 17:29:22,305 - INFO - [9032/1886] Fetching: CARNEY v. ADAMS (2020/19-309)
2025-12-04 17:29:23,897 - INFO - ✅ Success (381 turns, 60,099 chars)
2025-12-04 17:29:25,527 - INFO - [9033/1886] Fetching: TANZIN v. TANVIR (2020/19-71)
2025-12-04 17:29:26,923 - INFO - ✅ Success (300 turns, 60,016 chars)
2025-12-04 17:29:28,564 - INFO - [9034/1886] Fetching: RUTLEDGE v. PHARMACEUTICAL CARE MANAGEMENT ASSOCIATION (2020/18-540)
2025-12-04 17:29:30,102 - INFO - ✅ Success (364 turns, 69,691 chars)
2025-12-04 17:29:31,753 - INFO - [9035/1886] Fetching: FORD MOTOR COMPANY v. MONTANA EIGHTH JUDICIAL DISTRICT COURT (2020/19-368)
2025-12-04 17:29:33,648 - INFO - ✅ Success (433 turns, 66,348 chars)
2025-12-04 17:29:35,294 - INFO - [9036/1886] Fetching: GOOGLE LLC v. ORACLE AMERICA INC. (2020/18-956)
2025-12-04 17:29:36,973 - INFO - ✅ Success (581 turns, 99,628 chars)
2025-12-04 17:29:38,614 - INFO - [9037/1886] Fetching: CITY OF CHICAGO, ILLINOIS v. FULTON (2020/19-357)
2025-12-04 17:29:40,469 - INFO - ✅ Success (491 turns, 81,625 chars)
2025-12-04 17:29:42,112 - INFO - [9038/1886] Fetching: UNITED STATES. v. BRIGGS (2020/19-108)
2025-12-04 17:29:43,899 - INFO - ✅ Success (326 turns, 65,047 chars)
2025-12-04 17:29:44,025 - INFO - 📊 Progress saved: 1080 transcripts
2025-12-04 17:29:45,531 - INFO - [9039/1886] Fetching: TORRES v. MADRID (2020/19-292)
2025-12-04 17:29:47,335 - INFO - ✅ Success (492 turns, 76,432 chars)
2025-12-04 17:29:48,974 - INFO - [9040/1886] Fetching: PEREIDA v. WILKINSON (2020/19-438)
2025-12-04 17:29:51,130 - INFO - ✅ Success (341 turns, 66,660 chars)
2025-12-04 17:29:52,772 - INFO - [9041/1886] Fetching: U.S. FISH AND WILDLIFE SERVICE v. SIERRA CLUB (2020/19-547)
2025-12-04 17:29:54,496 - INFO - ✅ Success (372 turns, 69,938 chars)
2025-12-04 17:29:56,124 - INFO - [9042/1886] Fetching: SALINAS v. U.S. RAILROAD RETIREMENT BOARD (2020/19-199)
2025-12-04 17:29:58,155 - INFO - ✅ Success (328 turns, 63,108 chars)
2025-12-04 17:29:59,794 - INFO - [9043/1886] Fetching: BORDEN v. UNITED STATES (2020/19-5410)
2025-12-04 17:30:02,376 - INFO - ✅ Success (340 turns, 71,424 chars)
2025-12-04 17:30:04,016 - INFO - [9044/1886] Fetching: JONES v. MISSISSIPPI (2020/18-1259)
2025-12-04 17:30:05,792 - INFO - ✅ Success (459 turns, 86,466 chars)
2025-12-04 17:30:07,413 - INFO - [9045/1886] Fetching: FULTON v. CITY OF PHILADELPHIA, PENNSYLVANIA (2020/19-123)
2025-12-04 17:30:09,608 - INFO - ✅ Success (676 turns, 119,351 chars)
2025-12-04 17:30:11,252 - INFO - [9046/1886] Fetching: BROWNBACK v. KING (2020/19-546)
2025-12-04 17:30:14,247 - INFO - ✅ Success (389 turns, 68,656 chars)
2025-12-04 17:30:15,894 - INFO - [9047/1886] Fetching: NIZ-CHAVEZ v. GARLAND, ATTORNEY GENERAL (2020/19-863)
2025-12-04 17:30:17,527 - INFO - ✅ Success (443 turns, 79,815 chars)
2025-12-04 17:30:19,176 - INFO - [9048/1886] Fetching: CALIFORNIA v. TEXAS (2020/19-840)
2025-12-04 17:30:21,370 - INFO - ✅ Success (705 turns, 125,356 chars)
2025-12-04 17:30:21,497 - INFO - 📊 Progress saved: 1090 transcripts
2025-12-04 17:30:23,003 - INFO - [9049/1886] Fetching: VAN BUREN v. UNITED STATES (2020/19-783)
2025-12-04 17:30:25,120 - INFO - ✅ Success (350 turns, 68,382 chars)
2025-12-04 17:30:26,772 - INFO - [9050/1886] Fetching: EDWARDS v. VANNOY, WARDEN (2020/19-5807)
2025-12-04 17:30:28,736 - INFO - ✅ Success (524 turns, 84,959 chars)
2025-12-04 17:30:30,379 - INFO - [9051/1886] Fetching: NESTLE USA v. DOE I (2020/19-416)
2025-12-04 17:30:32,241 - INFO - ✅ Success (478 turns, 86,282 chars)
2025-12-04 17:30:33,884 - INFO - [9052/1886] Fetching: CIC SERVICES, LLC v. INTERNAL REVENUE SERVICE (2020/19-930)
2025-12-04 17:30:35,527 - INFO - ✅ Success (414 turns, 71,595 chars)
2025-12-04 17:30:37,169 - INFO - [9053/1886] Fetching: REPUBLIC OF HUNGARY v. SIMON (2020/18-1447)
2025-12-04 17:30:38,953 - INFO - ✅ Success (506 turns, 88,312 chars)
2025-12-04 17:30:40,620 - INFO - [9054/1886] Fetching: FEDERAL REPUBLIC OF GERMANY v. PHILIPP (2020/19-351)
2025-12-04 17:30:42,577 - INFO - ✅ Success (469 turns, 90,301 chars)
2025-12-04 17:30:44,221 - INFO - [9055/1886] Fetching: FACEBOOK INC. v. DUGUID (2020/19-511)
2025-12-04 17:30:46,123 - INFO - ✅ Success (557 turns, 88,239 chars)
2025-12-04 17:30:47,773 - INFO - [9056/1886] Fetching: HENRY SCHEIN INC. v. ARCHER AND WHITE SALES INC. (2020/19-963)
2025-12-04 17:30:49,569 - INFO - ✅ Success (372 turns, 72,024 chars)
2025-12-04 17:30:51,210 - INFO - [9057/1886] Fetching: COLLINS v. YELLEN (2020/19-422)
2025-12-04 17:30:53,886 - INFO - ✅ Success (648 turns, 107,586 chars)
2025-12-04 17:30:55,523 - INFO - [9058/1886] Fetching: AMG CAPITAL MANAGEMENT, LLC v. FEDERAL TRADE COMMISSION (2020/19-508)
2025-12-04 17:30:57,002 - INFO - ✅ Success (389 turns, 64,445 chars)
2025-12-04 17:30:57,144 - INFO - 📊 Progress saved: 1100 transcripts
2025-12-04 17:30:58,650 - INFO - [9059/1886] Fetching: JOHNSON v. GUZMAN CHAVEZ (2020/19-897)
2025-12-04 17:31:00,308 - INFO - ✅ Success (415 turns, 65,386 chars)
2025-12-04 17:31:01,944 - INFO - [9060/1886] Fetching: UZUEGBUNAM v. PRECZEWSKI (2020/19-968)
2025-12-04 17:31:04,455 - INFO - ✅ Success (647 turns, 99,245 chars)
2025-12-04 17:31:06,094 - INFO - [9061/1886] Fetching: TRUMP v. NEW YORK (2020/20-366)
2025-12-04 17:31:07,878 - INFO - ✅ Success (570 turns, 97,171 chars)
2025-12-04 17:31:09,522 - INFO - [9062/1886] Fetching: TAYLOR v. RIOJAS (2020/19-1261)
2025-12-04 17:31:09,883 - INFO - ⚠️  No transcript available
2025-12-04 17:31:11,526 - INFO - [9063/1886] Fetching: MCKESSON v. DOE (2020/19-1108)
2025-12-04 17:31:11,888 - INFO - ⚠️  No transcript available
2025-12-04 17:31:13,526 - INFO - [9064/1886] Fetching: SHINN v. KAYER (2020/19-1302)
2025-12-04 17:31:13,945 - INFO - ⚠️  No transcript available
2025-12-04 17:31:15,566 - INFO - [9065/1886] Fetching: FEDERAL COMMUNICATIONS COMMISSION v. PROMETHEUS RADIO PROJECT (2020/19-1231)
2025-12-04 17:31:17,234 - INFO - ✅ Success (448 turns, 80,737 chars)
2025-12-04 17:31:18,879 - INFO - [9066/1886] Fetching: BP P.L.C. v. MAYOR AND CITY COUNCIL OF BALTIMORE (2020/19-1189)
2025-12-04 17:31:20,476 - INFO - ✅ Success (419 turns, 76,093 chars)
2025-12-04 17:31:22,101 - INFO - [9067/1886] Fetching: FLORIDA v. GEORGIA (2020/22O142)
2025-12-04 17:31:22,535 - INFO - ⚠️  No transcript available
2025-12-04 17:31:24,176 - INFO - [9068/1886] Fetching: GARLAND v. MING DAI (2020/19-1155)
2025-12-04 17:31:26,055 - INFO - ✅ Success (673 turns, 105,283 chars)
2025-12-04 17:31:27,697 - INFO - [9069/1886] Fetching: LANGE v. CALIFORNIA (2020/20-18)
2025-12-04 17:31:29,667 - INFO - ✅ Success (660 turns, 119,926 chars)
2025-12-04 17:31:31,313 - INFO - [9070/1886] Fetching: UNITED STATES v. ARTHREX INC. (2020/19-1434)
2025-12-04 17:31:33,127 - INFO - ✅ Success (553 turns, 95,754 chars)
2025-12-04 17:31:34,764 - INFO - [9071/1886] Fetching: BRNOVICH v. DEMOCRATIC NATIONAL COMMITTEE (2020/19-1257)
2025-12-04 17:31:37,156 - INFO - ✅ Success (830 turns, 120,170 chars)
2025-12-04 17:31:38,833 - INFO - [9072/1886] Fetching: CARR v. SAUL, COMMISSIONER OF SOCIAL SECURITY (2020/19-1442)
2025-12-04 17:31:40,250 - INFO - ✅ Success (345 turns, 65,995 chars)
2025-12-04 17:31:40,380 - INFO - 📊 Progress saved: 1110 transcripts
2025-12-04 17:31:41,886 - INFO - [9073/1886] Fetching: UNITED STATES v. COOLEY (2020/19-1414)
2025-12-04 17:31:43,492 - INFO - ✅ Success (404 turns, 65,997 chars)
2025-12-04 17:31:45,134 - INFO - [9074/1886] Fetching: CEDAR POINT NURSERY v. HASSID (2020/20-107)
2025-12-04 17:31:46,805 - INFO - ✅ Success (467 turns, 75,037 chars)
2025-12-04 17:31:48,434 - INFO - [9075/1886] Fetching: CANIGLIA v. STROM (2020/20-157)
2025-12-04 17:31:49,412 - INFO - ✅ Success (730 turns, 109,045 chars)
2025-12-04 17:31:51,038 - INFO - [9076/1886] Fetching: GOLDMAN SACHS GROUP INC. v. ARKANSAS TEACHER RETIREMENT SYSTEM (2020/20-222)
2025-12-04 17:31:52,850 - INFO - ✅ Success (553 turns, 91,785 chars)
2025-12-04 17:31:54,477 - INFO - [9077/1886] Fetching: TRANSUNION LLC v. RAMIREZ (2020/20-297)
2025-12-04 17:31:56,227 - INFO - ✅ Success (536 turns, 93,696 chars)
2025-12-04 17:31:57,880 - INFO - [9078/1886] Fetching: NATIONAL COLLEGIATE ATHLETIC ASSOCIATION v. ALSTON (2020/20-512)
2025-12-04 17:31:59,646 - INFO - ✅ Success (511 turns, 91,220 chars)
2025-12-04 17:32:01,289 - INFO - [9079/1886] Fetching: AMERICANS FOR PROSPERITY FOUNDATION v. BONTA (2020/19-251)
2025-12-04 17:32:03,195 - INFO - ✅ Success (580 turns, 111,892 chars)
2025-12-04 17:32:04,837 - INFO - [9080/1886] Fetching: MAHANOY AREA SCHOOL DISTRICT v. B.L. (2020/20-255)
2025-12-04 17:32:07,315 - INFO - ✅ Success (796 turns, 119,211 chars)
2025-12-04 17:32:08,959 - INFO - [9081/1886] Fetching: SANCHEZ v. MAYORKAS (2020/20-315)
2025-12-04 17:32:10,370 - INFO - ✅ Success (321 turns, 60,697 chars)
2025-12-04 17:32:12,025 - INFO - [9082/1886] Fetching: CITY OF SAN ANTONIO, TEXAS v. HOTELS.COM, L.P. (2020/20-334)
2025-12-04 17:32:13,761 - INFO - ✅ Success (508 turns, 79,693 chars)
2025-12-04 17:32:13,906 - INFO - 📊 Progress saved: 1120 transcripts
2025-12-04 17:32:15,412 - INFO - [9083/1886] Fetching: GUAM v. UNITED STATES (2020/20-382)
2025-12-04 17:32:16,873 - INFO - ✅ Success (351 turns, 55,775 chars)
2025-12-04 17:32:18,522 - INFO - [9084/1886] Fetching: UNITED STATES v. PALOMAR-SANTIAGO (2020/20-437)
2025-12-04 17:32:19,838 - INFO - ✅ Success (258 turns, 51,197 chars)
2025-12-04 17:32:21,478 - INFO - [9085/1886] Fetching: MINERVA SURGICAL INC. v. HOLOGIC INC. (2020/20-440)
2025-12-04 17:32:23,241 - INFO - ✅ Success (556 turns, 93,076 chars)
2025-12-04 17:32:24,892 - INFO - [9086/1886] Fetching: HOLLYFRONTIER CHEYENNE REFINING, LLC v. RENEWABLE FUELS ASSOCIATION (2020/20-472)
2025-12-04 17:32:26,708 - INFO - ✅ Success (562 turns, 103,564 chars)
2025-12-04 17:32:28,347 - INFO - [9087/1886] Fetching: YELLEN v. CONFEDERATED TRIBES OF THE CHEHALIS RESERVATION (2020/20-543)
2025-12-04 17:32:30,256 - INFO - ✅ Success (590 turns, 107,351 chars)
2025-12-04 17:32:31,889 - INFO - [9088/1886] Fetching: TERRY v. UNITED STATES (2020/20-5904)
2025-12-04 17:32:33,787 - INFO - ✅ Success (525 turns, 83,161 chars)
2025-12-04 17:32:35,438 - INFO - [9089/1886] Fetching: GREER v. UNITED STATES (2020/19-8709)
2025-12-04 17:32:36,888 - INFO - ✅ Success (339 turns, 67,263 chars)
2025-12-04 17:32:38,537 - INFO - [9090/1886] Fetching: PENNEAST PIPELINE CO. v. NEW JERSEY (2020/19-1039)
2025-12-04 17:32:40,414 - INFO - ✅ Success (547 turns, 97,579 chars)
2025-12-04 17:32:42,047 - INFO - [9091/1886] Fetching: MAYS, WARDEN v. HINES (2020/20-507)
2025-12-04 17:32:42,416 - INFO - ⚠️  No transcript available
2025-12-04 17:32:44,049 - INFO - [9092/1886] Fetching: ALASKA v. WRIGHT (2020/20-940)
2025-12-04 17:32:44,411 - INFO - ⚠️  No transcript available
2025-12-04 17:32:46,037 - INFO - [9093/1886] Fetching: DUNN v. REEVES (2020/20-1084)
2025-12-04 17:32:46,391 - INFO - ⚠️  No transcript available
2025-12-04 17:32:48,022 - INFO - [9094/1886] Fetching: PAKDEL v. CITY AND COUNTY OF SAN FRANCISCO (2020/20-1212)
2025-12-04 17:32:48,394 - INFO - ⚠️  No transcript available
2025-12-04 17:32:50,022 - INFO - [9095/1886] Fetching: LOMBARDO v. ST. LOUIS (2020/20-391)
2025-12-04 17:32:50,401 - INFO - ⚠️  No transcript available
2025-12-04 17:32:52,049 - INFO - [9096/1886] Fetching: WOODEN v. UNITED STATES (2021/20-5279)
2025-12-04 17:32:53,839 - INFO - ✅ Success (519 turns, 77,676 chars)
2025-12-04 17:32:55,486 - INFO - [9097/1886] Fetching: MISSISSIPPI v. TENNESSEE (2021/22O143)
2025-12-04 17:32:55,860 - INFO - ⚠️  No transcript available
2025-12-04 17:32:57,506 - INFO - [9098/1886] Fetching: BROWN v. DAVENPORT (2021/20-826)
2025-12-04 17:32:58,979 - INFO - ✅ Success (376 turns, 52,662 chars)
2025-12-04 17:32:59,123 - INFO - 📊 Progress saved: 1130 transcripts
2025-12-04 17:33:00,629 - INFO - [9099/1886] Fetching: HEMPHILL v. NEW YORK (2021/20-637)
2025-12-04 17:33:02,507 - INFO - ✅ Success (515 turns, 80,166 chars)
2025-12-04 17:33:04,135 - INFO - [9100/1886] Fetching: UNITED STATES v. ZUBAYDAH (2021/20-827)
2025-12-04 17:33:05,935 - INFO - ✅ Success (529 turns, 80,413 chars)
2025-12-04 17:33:07,582 - INFO - [9101/1886] Fetching: CAMERON v. EMW WOMENâS SURGICAL CENTER, P.S.C. (2021/20-601)
2025-12-04 17:33:09,258 - INFO - ✅ Success (482 turns, 81,002 chars)
2025-12-04 17:33:10,886 - INFO - [9102/1886] Fetching: THOMPSON v. CLARK (2021/20-659)
2025-12-04 17:33:12,732 - INFO - ✅ Success (649 turns, 101,264 chars)
2025-12-04 17:33:14,380 - INFO - [9103/1886] Fetching: UNITED STATES v. TSARNAEV (2021/20-443)
2025-12-04 17:33:16,229 - INFO - ✅ Success (553 turns, 102,388 chars)
2025-12-04 17:33:17,881 - INFO - [9104/1886] Fetching: BABCOCK v. KIJAKAZI (2021/20-480)
2025-12-04 17:33:19,386 - INFO - ✅ Success (426 turns, 61,279 chars)
2025-12-04 17:33:21,037 - INFO - [9105/1886] Fetching: SHINN v. RAMIREZ (2021/20-1009)
2025-12-04 17:33:22,358 - INFO - ✅ Success (336 turns, 61,137 chars)
2025-12-04 17:33:23,988 - INFO - [9106/1886] Fetching: HOUSTON COMMUNITY COLLEGE SYSTEM v. WILSON (2021/20-804)
2025-12-04 17:33:25,783 - INFO - ✅ Success (447 turns, 88,031 chars)
2025-12-04 17:33:27,436 - INFO - [9107/1886] Fetching: BADGEROW v. WALTERS (2021/20-1143)
2025-12-04 17:33:28,788 - INFO - ✅ Success (356 turns, 62,002 chars)
2025-12-04 17:33:30,441 - INFO - [9108/1886] Fetching: NEW YORK STATE RIFLE & PISTOL ASSOCIATION INC. v. BRUEN (2021/20-843)
2025-12-04 17:33:31,287 - INFO - ✅ Success (683 turns, 125,653 chars)
2025-12-04 17:33:31,424 - INFO - 📊 Progress saved: 1140 transcripts
2025-12-04 17:33:32,930 - INFO - [9109/1886] Fetching: FEDERAL BUREAU OF INVESTIGATION v. FAZAGA (2021/20-828)
2025-12-04 17:33:35,122 - INFO - ✅ Success (862 turns, 144,155 chars)
2025-12-04 17:33:36,758 - INFO - [9110/1886] Fetching: UNICOLORS, INC v. H&M HENNES & MAURITZ, LP (2021/20-915)
2025-12-04 17:33:38,377 - INFO - ✅ Success (560 turns, 82,163 chars)
2025-12-04 17:33:40,005 - INFO - [9111/1886] Fetching: UNITED STATES v. VAELLO MADERO (2021/20-303)
2025-12-04 17:33:41,671 - INFO - ✅ Success (449 turns, 69,634 chars)
2025-12-04 17:33:43,303 - INFO - [9112/1886] Fetching: CITY OF AUSTIN, TEXAS v. REAGAN NATIONAL ADVERTISING OF TEXAS INC (2021/20-1029)
2025-12-04 17:33:45,836 - INFO - ✅ Success (574 turns, 103,104 chars)
2025-12-04 17:33:47,480 - INFO - [9113/1886] Fetching: JOHNSON v. ARTEAGA-MARTINEZ (2021/19-896)
2025-12-04 17:33:49,065 - INFO - ✅ Success (517 turns, 73,203 chars)
2025-12-04 17:33:50,712 - INFO - [9114/1886] Fetching: DOBBS v. JACKSON WOMENâS HEALTH ORGANIZATION (2021/19-1392)
2025-12-04 17:33:53,202 - INFO - ✅ Success (707 turns, 119,586 chars)
2025-12-04 17:33:54,833 - INFO - [9115/1886] Fetching: HUGHES v. NORTHWESTERN UNIVERSITY (2021/19-1401)
2025-12-04 17:33:57,139 - INFO - ✅ Success (613 turns, 99,790 chars)
2025-12-04 17:33:58,789 - INFO - [9116/1886] Fetching: CUMMINGS v. PREMIER REHAB KELLER, P.L.L.C. (2021/20-219)
2025-12-04 17:34:00,511 - INFO - ✅ Success (440 turns, 83,176 chars)
2025-12-04 17:34:02,173 - INFO - [9117/1886] Fetching: GARLAND v. GONZALEZ (2021/20-322)
2025-12-04 17:34:03,733 - INFO - ✅ Success (365 turns, 65,311 chars)
2025-12-04 17:34:05,381 - INFO - [9118/1886] Fetching: PATEL v. GARLAND (2021/20-979)
2025-12-04 17:34:07,347 - INFO - ✅ Success (621 turns, 104,025 chars)
2025-12-04 17:34:07,485 - INFO - 📊 Progress saved: 1150 transcripts
2025-12-04 17:34:08,990 - INFO - [9119/1886] Fetching: CARSON v. MAKIN (2021/20-1088)
2025-12-04 17:34:11,056 - INFO - ✅ Success (837 turns, 129,480 chars)
2025-12-04 17:34:12,697 - INFO - [9120/1886] Fetching: AMERICAN HOSPITAL ASSOCIATION v. BECERRA (2021/20-1114)
2025-12-04 17:34:15,024 - INFO - ✅ Success (562 turns, 86,689 chars)
2025-12-04 17:34:16,678 - INFO - [9121/1886] Fetching: GALLARDO v. MARSTILLER (2021/20-1263)
2025-12-04 17:34:19,086 - INFO - ✅ Success (649 turns, 105,244 chars)
2025-12-04 17:34:20,723 - INFO - [9122/1886] Fetching: BECERRA v. EMPIRE HEALTH FOUNDATION (2021/20-1312)
2025-12-04 17:34:22,936 - INFO - ✅ Success (427 turns, 79,300 chars)
2025-12-04 17:34:24,587 - INFO - [9123/1886] Fetching: UNITED STATES v. TAYLOR (2021/20-1459)
2025-12-04 17:34:26,444 - INFO - ✅ Success (646 turns, 94,833 chars)
2025-12-04 17:34:28,105 - INFO - [9124/1886] Fetching: RAMIREZ v. COLLIER (2021/21-5592)
2025-12-04 17:34:30,025 - INFO - ✅ Success (662 turns, 106,201 chars)
2025-12-04 17:34:31,666 - INFO - [9125/1886] Fetching: RIVAS-VILLEGAS v. CORTESLUNA (2021/20-1539)
2025-12-04 17:34:32,034 - INFO - ⚠️  No transcript available
2025-12-04 17:34:33,669 - INFO - [9126/1886] Fetching: CITY OF TAHLEQUAH v. BOND (2021/20-1668)
2025-12-04 17:34:34,031 - INFO - ⚠️  No transcript available
2025-12-04 17:34:35,657 - INFO - [9127/1886] Fetching: WHOLE WOMAN'S HEALTH v. JACKSON (2021/21-463)
2025-12-04 17:34:37,577 - INFO - ✅ Success (548 turns, 91,599 chars)
2025-12-04 17:34:39,236 - INFO - [9128/1886] Fetching: UNITED STATES v. TEXAS (2021/21-588)
2025-12-04 17:34:40,989 - INFO - ✅ Success (550 turns, 98,068 chars)
2025-12-04 17:34:42,629 - INFO - [9129/1886] Fetching: NATIONAL FEDERATION OF INDEPENDENT BUSINESS v. DEPARTMENT OF LABOR, OCCUPATIONAL SAFETY AND HEALTH ADMINISTRATION (2021/21A244)
2025-12-04 17:34:45,102 - INFO - ✅ Success (874 turns, 142,850 chars)
2025-12-04 17:34:46,754 - INFO - [9130/1886] Fetching: BIDEN v. MISSOURI (2021/21A240)
2025-12-04 17:34:49,106 - INFO - ✅ Success (512 turns, 94,391 chars)
2025-12-04 17:34:49,244 - INFO - 📊 Progress saved: 1160 transcripts
2025-12-04 17:34:50,746 - INFO - [9131/1886] Fetching: BOECHLER, P.C. v. COMMISSIONER OF INTERNAL REVENUE (2021/20-1472)
2025-12-04 17:34:52,329 - INFO - ✅ Success (522 turns, 81,977 chars)
2025-12-04 17:34:53,985 - INFO - [9132/1886] Fetching: CASSIRER v. THYSSEN-BORNEMISZA COLLECTION FOUNDATION (2021/20-1566)
2025-12-04 17:34:55,574 - INFO - ✅ Success (351 turns, 63,580 chars)
2025-12-04 17:34:57,220 - INFO - [9133/1886] Fetching: SHURTLEFF v. CITY OF BOSTON (2021/20-1800)
2025-12-04 17:34:58,545 - INFO - ✅ Success (600 turns, 91,293 chars)
2025-12-04 17:35:00,228 - INFO - [9134/1886] Fetching: FEDERAL ELECTION COMMISSION v. TED CRUZ FOR SENATE (2021/21-12)
2025-12-04 17:35:02,235 - INFO - ✅ Success (491 turns, 87,539 chars)
2025-12-04 17:35:03,901 - INFO - [9135/1886] Fetching: CONCEPCION v. UNITED STATES (2021/20-1650)
2025-12-04 17:35:05,594 - INFO - ✅ Success (522 turns, 87,393 chars)
2025-12-04 17:35:07,237 - INFO - [9136/1886] Fetching: DENEZPI v. UNITED STATES (2021/20-7622)
2025-12-04 17:35:08,855 - INFO - ✅ Success (467 turns, 73,140 chars)
2025-12-04 17:35:10,511 - INFO - [9137/1886] Fetching: YSLETA DEL SUR PUEBLO v. TEXAS (2021/20-493)
2025-12-04 17:35:12,607 - INFO - ✅ Success (680 turns, 98,844 chars)
2025-12-04 17:35:14,260 - INFO - [9138/1886] Fetching: ARIZONA v. CITY AND COUNTY OF SAN FRANCISCO, CALIFORNIA (2021/20-1775)
2025-12-04 17:35:16,305 - INFO - ✅ Success (697 turns, 99,788 chars)
2025-12-04 17:35:17,943 - INFO - [9139/1886] Fetching: WEST VIRGINIA v. ENVIRONMENTAL PROTECTION AGENCY (2021/20-1530)
2025-12-04 17:35:20,863 - INFO - ✅ Success (910 turns, 141,631 chars)
2025-12-04 17:35:22,515 - INFO - [9140/1886] Fetching: RUAN v. UNITED STATES (2021/20-1410)
2025-12-04 17:35:24,609 - INFO - ✅ Success (741 turns, 97,488 chars)
2025-12-04 17:35:24,756 - INFO - 📊 Progress saved: 1170 transcripts
2025-12-04 17:35:26,262 - INFO - [9141/1886] Fetching: MARIETTA MEMORIAL HOSPITAL EMPLOYEE HEALTH BENEFIT PLAN v. DAVITA (2021/20-1641)
2025-12-04 17:35:28,309 - INFO - ✅ Success (618 turns, 91,441 chars)
2025-12-04 17:35:29,951 - INFO - [9142/1886] Fetching: EGBERT v. BOULE (2021/21-147)
2025-12-04 17:35:31,914 - INFO - ✅ Success (487 turns, 87,091 chars)
2025-12-04 17:35:33,548 - INFO - [9143/1886] Fetching: TORRES v. TEXAS DEPARTMENT OF PUBLIC SAFETY (2021/20-603)
2025-12-04 17:35:35,373 - INFO - ✅ Success (613 turns, 111,885 chars)
2025-12-04 17:35:37,030 - INFO - [9144/1886] Fetching: LEDURE v. UNION PACIFIC RAILROAD COMPANY (2021/20-807)
2025-12-04 17:35:38,977 - INFO - ✅ Success (669 turns, 108,832 chars)
2025-12-04 17:35:40,635 - INFO - [9145/1886] Fetching: GOLAN v. SAADA (2021/20-1034)
2025-12-04 17:35:42,288 - INFO - ✅ Success (461 turns, 83,718 chars)
2025-12-04 17:35:43,943 - INFO - [9146/1886] Fetching: VIKING RIVER CRUISES v. MORIANA (2021/20-1573)
2025-12-04 17:35:45,536 - INFO - ✅ Success (449 turns, 80,052 chars)
2025-12-04 17:35:47,189 - INFO - [9147/1886] Fetching: GEORGE v. MCDONOUGH (2021/21-234)
2025-12-04 17:35:49,024 - INFO - ✅ Success (684 turns, 88,112 chars)
2025-12-04 17:35:50,676 - INFO - [9148/1886] Fetching: BERGER v. NORTH CAROLINA STATE CONFERENCE OF THE NAACP (2021/21-248)
2025-12-04 17:35:52,691 - INFO - ✅ Success (511 turns, 80,368 chars)
2025-12-04 17:35:54,345 - INFO - [9149/1886] Fetching: SOUTHWEST AIRLINES CO. v. SAXON (2021/21-309)
2025-12-04 17:35:56,335 - INFO - ✅ Success (462 turns, 74,654 chars)
2025-12-04 17:35:57,971 - INFO - [9150/1886] Fetching: MORGAN v. SUNDANCE, INC. (2021/21-328)
2025-12-04 17:35:59,601 - INFO - ✅ Success (476 turns, 89,070 chars)
2025-12-04 17:35:59,745 - INFO - 📊 Progress saved: 1180 transcripts
2025-12-04 17:36:01,249 - INFO - [9151/1886] Fetching: ZF AUTOMOTIVE US v. LUXSHARE, LTD. (2021/21-401)
2025-12-04 17:36:03,555 - INFO - ✅ Success (716 turns, 113,843 chars)
2025-12-04 17:36:05,195 - INFO - [9152/1886] Fetching: UNITED STATES v. WASHINGTON (2021/21-404)
2025-12-04 17:36:06,583 - INFO - ✅ Success (357 turns, 66,169 chars)
2025-12-04 17:36:08,243 - INFO - [9153/1886] Fetching: KENNEDY v. BREMERTON SCHOOL DISTRICT (2021/21-418)
2025-12-04 17:36:09,123 - INFO - ✅ Success (751 turns, 116,320 chars)
2025-12-04 17:36:10,784 - INFO - [9154/1886] Fetching: OKLAHOMA v. CASTRO-HUERTA (2021/21-429)
2025-12-04 17:36:12,921 - INFO - ✅ Success (774 turns, 138,627 chars)
2025-12-04 17:36:14,566 - INFO - [9155/1886] Fetching: NANCE v. WARD (2021/21-439)
2025-12-04 17:36:16,628 - INFO - ✅ Success (611 turns, 94,263 chars)
2025-12-04 17:36:18,273 - INFO - [9156/1886] Fetching: SIEGEL v. FITZGERALD (2021/21-441)
2025-12-04 17:36:20,010 - INFO - ✅ Success (564 turns, 90,423 chars)
2025-12-04 17:36:21,647 - INFO - [9157/1886] Fetching: VEGA v. TEKOH (2021/21-499)
2025-12-04 17:36:23,299 - INFO - ✅ Success (486 turns, 84,884 chars)
2025-12-04 17:36:24,954 - INFO - [9158/1886] Fetching: SHOOP v. TWYFORD (2021/21-511)
2025-12-04 17:36:26,317 - INFO - ✅ Success (351 turns, 64,073 chars)
2025-12-04 17:36:27,970 - INFO - [9159/1886] Fetching: KEMP v. UNITED STATES (2021/21-5726)
2025-12-04 17:36:29,084 - INFO - ✅ Success (282 turns, 49,359 chars)
2025-12-04 17:36:30,739 - INFO - [9160/1886] Fetching: BIDEN v. TEXAS (2021/21-954)
2025-12-04 17:36:32,788 - INFO - ✅ Success (742 turns, 127,321 chars)
2025-12-04 17:36:32,941 - INFO - 📊 Progress saved: 1190 transcripts
2025-12-04 17:36:34,449 - INFO - [9161/1886] Fetching: SACKETT v. ENVIRONMENTAL PROTECTION AGENCY (2022/21-454)
2025-12-04 17:36:36,838 - INFO - ✅ Success (821 turns, 127,488 chars)
2025-12-04 17:36:38,487 - INFO - [9162/1886] Fetching: DELAWARE v. PENNSYLVANIA AND WISCONSIN (2022/22O145)
2025-12-04 17:36:40,782 - INFO - ✅ Success (438 turns, 79,720 chars)
2025-12-04 17:36:42,439 - INFO - [9163/1886] Fetching: ARELLANO v. MCDONOUGH (2022/21-432)
2025-12-04 17:36:44,023 - INFO - ✅ Success (254 turns, 51,070 chars)
2025-12-04 17:36:45,691 - INFO - [9164/1886] Fetching: ALLEN v. MILLIGAN (2022/21-1086)
2025-12-04 17:36:48,000 - INFO - ✅ Success (731 turns, 127,127 chars)
2025-12-04 17:36:49,641 - INFO - [9165/1886] Fetching: REED v. GOERTZ (2022/21-442)
2025-12-04 17:36:51,262 - INFO - ✅ Success (373 turns, 71,540 chars)
2025-12-04 17:36:52,922 - INFO - [9166/1886] Fetching: NATIONAL PORK PRODUCERS COUNCIL v. ROSS (2022/21-468)
2025-12-04 17:36:55,660 - INFO - ✅ Success (997 turns, 146,722 chars)
2025-12-04 17:36:57,314 - INFO - [9167/1886] Fetching: ANDY WARHOL FOUNDATION FOR THE VISUAL ARTS v. GOLDSMITH (2022/21-869)
2025-12-04 17:37:00,473 - INFO - ✅ Success (813 turns, 125,358 chars)
2025-12-04 17:37:02,135 - INFO - [9168/1886] Fetching: HELIX ENERGY SOLUTIONS GROUP v. HEWITT (2022/21-984)
2025-12-04 17:37:04,340 - INFO - ✅ Success (852 turns, 107,278 chars)
2025-12-04 17:37:05,990 - INFO - [9169/1886] Fetching: STUDENTS FOR FAIR ADMISSIONS INC. v. PRESIDENT & FELLOWS OF HARVARD COLLEGE (2022/20-1199)
2025-12-04 17:37:09,349 - INFO - ✅ Success (768 turns, 123,808 chars)
2025-12-04 17:37:10,998 - INFO - [9170/1886] Fetching: CRUZ v. ARIZONA (2022/21-846)
2025-12-04 17:37:12,857 - INFO - ✅ Success (524 turns, 69,614 chars)
2025-12-04 17:37:12,995 - INFO - 📊 Progress saved: 1200 transcripts
2025-12-04 17:37:14,498 - INFO - [9171/1886] Fetching: JONES v. HENDRIX (2022/21-857)
2025-12-04 17:37:16,447 - INFO - ✅ Success (504 turns, 82,129 chars)
2025-12-04 17:37:18,099 - INFO - [9172/1886] Fetching: BITTNER v. UNITED STATES (2022/21-1195)
2025-12-04 17:37:19,716 - INFO - ✅ Success (559 turns, 87,392 chars)
2025-12-04 17:37:21,383 - INFO - [9173/1886] Fetching: AXON ENTERPRISE v. FEDERAL TRADE COMMISSION (2022/21-86)
2025-12-04 17:37:23,085 - INFO - ✅ Success (502 turns, 101,647 chars)
2025-12-04 17:37:24,739 - INFO - [9174/1886] Fetching: MALLORY v. NORFOLK SOUTHERN RAILWAY CO. (2022/21-1168)
2025-12-04 17:37:27,109 - INFO - ✅ Success (940 turns, 128,305 chars)
2025-12-04 17:37:28,758 - INFO - [9175/1886] Fetching: HEALTH AND HOSPITAL CORPORATION OF MARION COUNTY, INDIANA v. TALEVSKI (2022/21-806)
2025-12-04 17:37:30,689 - INFO - ✅ Success (626 turns, 98,374 chars)
2025-12-04 17:37:32,351 - INFO - [9176/1886] Fetching: HAALAND v. BRACKEEN (2022/21-376)
2025-12-04 17:37:35,716 - INFO - ✅ Success (1532 turns, 215,538 chars)
2025-12-04 17:37:37,376 - INFO - [9177/1886] Fetching: 303 CREATIVE LLC v. ELENIS (2022/21-476)
2025-12-04 17:37:38,264 - INFO - ✅ Success (1158 turns, 161,564 chars)
2025-12-04 17:37:39,905 - INFO - [9178/1886] Fetching: BARTENWERFER v. BUCKLEY (2022/21-908)
2025-12-04 17:37:41,517 - INFO - ✅ Success (536 turns, 86,510 chars)
2025-12-04 17:37:43,160 - INFO - [9179/1886] Fetching: U.S., EX REL. POLANSKY v. EXECUTIVE HEALTH RESOURCES (2022/21-1052)
2025-12-04 17:37:45,087 - INFO - ✅ Success (629 turns, 95,398 chars)
2025-12-04 17:37:46,752 - INFO - [9180/1886] Fetching: PERCOCO v. UNITED STATES (2022/21-1158)
2025-12-04 17:37:48,418 - INFO - ✅ Success (500 turns, 77,717 chars)
2025-12-04 17:37:48,557 - INFO - 📊 Progress saved: 1210 transcripts
2025-12-04 17:37:50,061 - INFO - [9181/1886] Fetching: WILKINS v. UNITED STATES (2022/21-1164)
2025-12-04 17:37:51,594 - INFO - ✅ Success (394 turns, 73,001 chars)
2025-12-04 17:37:53,247 - INFO - [9182/1886] Fetching: CIMINELLI v. UNITED STATES (2022/21-1170)
2025-12-04 17:37:54,846 - INFO - ✅ Success (392 turns, 78,492 chars)
2025-12-04 17:37:56,509 - INFO - [9183/1886] Fetching: MOAC MALL HOLDINGS LLC v. TRANSFORM HOLDCO LLC (2022/21-1270)
2025-12-04 17:37:58,559 - INFO - ✅ Success (689 turns, 83,952 chars)
2025-12-04 17:38:00,211 - INFO - [9184/1886] Fetching: MOORE v. HARPER (2022/21-1271)
2025-12-04 17:38:03,765 - INFO - ✅ Success (1382 turns, 200,860 chars)
2025-12-04 17:38:05,418 - INFO - [9185/1886] Fetching: in re GRAND JURY (2022/21-1397)
2025-12-04 17:38:07,132 - INFO - ✅ Success (529 turns, 81,556 chars)
2025-12-04 17:38:08,823 - INFO - [9186/1886] Fetching: OHIO ADJUTANT GENERALâS DEPARTMENT v. FEDERAL LABOR RELATIONS AUTHORITY (2022/21-1454)
2025-12-04 17:38:11,127 - INFO - ✅ Success (777 turns, 107,842 chars)
2025-12-04 17:38:12,792 - INFO - [9187/1886] Fetching: GLACIER NORTHWEST v. INT'L BROTHERHOOD OF TEAMSTERS (2022/21-1449)
2025-12-04 17:38:16,267 - INFO - ✅ Success (628 turns, 93,213 chars)
2025-12-04 17:38:17,929 - INFO - [9188/1886] Fetching: FINANCIAL OVERSIGHT AND MANAGEMENT BD FOR PUERTO RICO v. CENTRO DE PERIODISMO INVESTIGATIVO (2022/22-96)
2025-12-04 17:38:19,529 - INFO - ✅ Success (389 turns, 63,881 chars)
2025-12-04 17:38:21,186 - INFO - [9189/1886] Fetching: TURKIYE HALK BANKASI A.S. v. UNITED STATES (2022/21-1450)
2025-12-04 17:38:23,480 - INFO - ✅ Success (720 turns, 104,242 chars)
2025-12-04 17:38:25,149 - INFO - [9190/1886] Fetching: SANTOS-ZACARIA v. GARLAND (2022/21-1436)
2025-12-04 17:38:26,740 - INFO - ✅ Success (428 turns, 75,900 chars)
2025-12-04 17:38:26,886 - INFO - 📊 Progress saved: 1220 transcripts
2025-12-04 17:38:28,391 - INFO - [9191/1886] Fetching: PEREZ v. STURGIS PUBLIC SCHOOLS (2022/21-887)
2025-12-04 17:38:30,599 - INFO - ✅ Success (618 turns, 99,855 chars)
2025-12-04 17:38:32,265 - INFO - [9192/1886] Fetching: GONZALEZ v. GOOGLE LLC (2022/21-1333)
2025-12-04 17:38:35,429 - INFO - ✅ Success (1064 turns, 170,153 chars)
2025-12-04 17:38:37,089 - INFO - [9193/1886] Fetching: TWITTER v. TAAMNEH (2022/21-1496)
2025-12-04 17:38:39,947 - INFO - ✅ Success (1071 turns, 152,875 chars)
2025-12-04 17:38:41,610 - INFO - [9194/1886] Fetching: DUBIN v. UNITED STATES (2022/22-10)
2025-12-04 17:38:43,726 - INFO - ✅ Success (734 turns, 108,380 chars)
2025-12-04 17:38:45,387 - INFO - [9195/1886] Fetching: BIDEN v. NEBRASKA (2022/22-506)
2025-12-04 17:38:46,272 - INFO - ✅ Success (760 turns, 141,946 chars)
2025-12-04 17:38:47,933 - INFO - [9196/1886] Fetching: DEPARTMENT OF EDUCATION v. BROWN (2022/22-535)
2025-12-04 17:38:49,767 - INFO - ✅ Success (534 turns, 90,911 chars)
2025-12-04 17:38:51,413 - INFO - [9197/1886] Fetching: NEW YORK v. NEW JERSEY (2022/22O156)
2025-12-04 17:38:52,082 - INFO - ⚠️  No transcript available
2025-12-04 17:38:53,732 - INFO - [9198/1886] Fetching: UNITED STATES v. HANSEN (2022/22-179)
2025-12-04 17:38:56,196 - INFO - ✅ Success (629 turns, 101,354 chars)
2025-12-04 17:38:57,860 - INFO - [9199/1886] Fetching: ARIZONA v. NAVAJO NATION (2022/21-1484)
2025-12-04 17:39:00,474 - INFO - ✅ Success (886 turns, 123,792 chars)
2025-12-04 17:39:02,141 - INFO - [9200/1886] Fetching: COINBASE, INC. v. BIELSKI (2022/22-105)
2025-12-04 17:39:04,149 - INFO - ✅ Success (675 turns, 94,668 chars)
2025-12-04 17:39:05,814 - INFO - [9201/1886] Fetching: ABITRON AUSTRIA GMBH v. HETRONIC INT'L (2022/21-1043)
2025-12-04 17:39:07,797 - INFO - ✅ Success (605 turns, 98,849 chars)
2025-12-04 17:39:07,960 - INFO - 📊 Progress saved: 1230 transcripts
2025-12-04 17:39:09,466 - INFO - [9202/1886] Fetching: JACK DANIELS PROPERTIES v. VIP PRODUCTS LLC (2022/22-148)
2025-12-04 17:39:11,638 - INFO - ✅ Success (762 turns, 97,093 chars)
2025-12-04 17:39:13,296 - INFO - [9203/1886] Fetching: AMGEN INC. v. SANOFI (2022/21-757)
2025-12-04 17:39:15,256 - INFO - ✅ Success (721 turns, 118,397 chars)
2025-12-04 17:39:16,907 - INFO - [9204/1886] Fetching: LORA v. UNITED STATES (2022/22-49)
2025-12-04 17:39:18,636 - INFO - ✅ Success (469 turns, 72,069 chars)
2025-12-04 17:39:20,283 - INFO - [9205/1886] Fetching: SMITH v. UNITED STATES (2022/21-1576)
2025-12-04 17:39:22,438 - INFO - ✅ Success (689 turns, 94,407 chars)
2025-12-04 17:39:24,108 - INFO - [9206/1886] Fetching: SAMIA v. UNITED STATES (2022/22-196)
2025-12-04 17:39:26,118 - INFO - ✅ Success (619 turns, 112,329 chars)
2025-12-04 17:39:27,825 - INFO - [9207/1886] Fetching: POLSELLI v. INTERNAL REVENUE SERVICE (2022/21-1599)
2025-12-04 17:39:29,232 - INFO - ✅ Success (365 turns, 57,832 chars)
2025-12-04 17:39:30,895 - INFO - [9208/1886] Fetching: SLACK TECHNOLOGIES v. PIRANI (2022/22-200)
2025-12-04 17:39:32,605 - INFO - ✅ Success (518 turns, 82,460 chars)
2025-12-04 17:39:34,257 - INFO - [9209/1886] Fetching: PUGIN v. GARLAND (2022/22-23)
2025-12-04 17:39:36,522 - INFO - ✅ Success (820 turns, 118,444 chars)
2025-12-04 17:39:38,182 - INFO - [9210/1886] Fetching: GROFF v. DEJOY (2022/22-174)
2025-12-04 17:39:40,243 - INFO - ✅ Success (729 turns, 126,915 chars)
2025-12-04 17:39:41,913 - INFO - [9211/1886] Fetching: UNITED STATES EX REL. SCHUTTE v. SUPERVALU INC. (2022/21-1326)
2025-12-04 17:39:43,802 - INFO - ✅ Success (594 turns, 85,739 chars)
2025-12-04 17:39:43,958 - INFO - 📊 Progress saved: 1240 transcripts
2025-12-04 17:39:45,465 - INFO - [9212/1886] Fetching: COUNTERMAN v. COLORADO (2022/22-138)
2025-12-04 17:39:47,453 - INFO - ✅ Success (709 turns, 113,544 chars)
2025-12-04 17:39:49,117 - INFO - [9213/1886] Fetching: LAC DU FLAMBEAU BAND OF LAKE SUPERIOR CHIPPEWA INDIANS v. COUGHLIN (2022/22-227)
2025-12-04 17:39:50,721 - INFO - ✅ Success (482 turns, 69,250 chars)
2025-12-04 17:39:52,390 - INFO - [9214/1886] Fetching: DUPREE v. YOUNGER (2022/22-210)
2025-12-04 17:39:53,941 - INFO - ✅ Success (432 turns, 64,237 chars)
2025-12-04 17:39:55,586 - INFO - [9215/1886] Fetching: YEGIAZARYAN v. SMAGIN (2022/22-381)
2025-12-04 17:39:57,140 - INFO - ✅ Success (491 turns, 71,228 chars)
2025-12-04 17:39:58,782 - INFO - [9216/1886] Fetching: TYLER v. HENNEPIN COUNTY, MINNESOTA (2022/22-166)
2025-12-04 17:40:01,395 - INFO - ✅ Success (825 turns, 118,496 chars)
2025-12-04 17:40:03,093 - INFO - [9217/1886] Fetching: CALCUTT v. FDIC (2022/22-714)
2025-12-04 17:40:03,550 - INFO - ⚠️  No transcript available
2025-12-04 17:40:05,203 - INFO - [9218/1886] Fetching: UNITED STATES v. TEXAS (2022/22-58)
2025-12-04 17:40:08,059 - INFO - ✅ Success (983 turns, 160,206 chars)
2025-12-04 17:40:09,698 - INFO - [9219/1886] Fetching: PULSIFER v. UNITED STATES (2023/22-340)
2025-12-04 17:40:12,103 - INFO - ✅ Success (791 turns, 111,514 chars)
2025-12-04 17:40:13,764 - INFO - [9220/1886] Fetching: CONSUMER FINANCIAL PROTECTION BUREAU v. COMMUNITY FINANCIAL SERVICES ASSOCIATION OF AMERICA, LIMITED (2023/22-448)
2025-12-04 17:40:15,948 - INFO - ✅ Success (701 turns, 111,206 chars)
2025-12-04 17:40:17,598 - INFO - [9221/1886] Fetching: ACHESON HOTELS, LLC v. LAUFER (2023/22-429)
2025-12-04 17:40:19,813 - INFO - ✅ Success (732 turns, 103,378 chars)
2025-12-04 17:40:21,464 - INFO - [9222/1886] Fetching: MURRAY v. UBS SECURITIES, LLC (2023/22-660)
2025-12-04 17:40:23,834 - INFO - ✅ Success (712 turns, 98,750 chars)
2025-12-04 17:40:23,988 - INFO - 📊 Progress saved: 1250 transcripts
2025-12-04 17:40:25,492 - INFO - [9223/1886] Fetching: GREAT LAKES INSURANCE SE v. RAIDERS RETREAT REALTY CO., LLC (2023/22-500)
2025-12-04 17:40:27,216 - INFO - ✅ Success (488 turns, 80,515 chars)
2025-12-04 17:40:28,876 - INFO - [9224/1886] Fetching: ALEXANDER v. SOUTH CAROLINA STATE CONFERENCE OF THE NAACP (2023/22-807)
2025-12-04 17:40:31,135 - INFO - ✅ Success (647 turns, 120,908 chars)
2025-12-04 17:40:32,799 - INFO - [9225/1886] Fetching: CULLEY v. MARSHALL (2023/22-585)
2025-12-04 17:40:34,767 - INFO - ✅ Success (587 turns, 109,109 chars)
2025-12-04 17:40:36,422 - INFO - [9226/1886] Fetching: LINDKE v. FREED (2023/22-611)
2025-12-04 17:40:38,271 - INFO - ✅ Success (501 turns, 87,386 chars)
2025-12-04 17:40:39,932 - INFO - [9227/1886] Fetching: O'CONNOR-RATCLIFF v. GARNIER (2023/22-324)
2025-12-04 17:40:42,278 - INFO - ✅ Success (878 turns, 119,066 chars)
2025-12-04 17:40:43,947 - INFO - [9228/1886] Fetching: VIDAL v. ELSTER (2023/22-704)
2025-12-04 17:40:46,433 - INFO - ✅ Success (451 turns, 85,409 chars)
2025-12-04 17:40:48,082 - INFO - [9229/1886] Fetching: DEPARTMENT OF AGRICULTURE RURAL DEVELOPMENT RURAL HOUSING SERVICE v. KIRTZ (2023/22-846)
2025-12-04 17:40:50,270 - INFO - ✅ Success (548 turns, 92,728 chars)
2025-12-04 17:40:51,927 - INFO - [9230/1886] Fetching: UNITED STATES v. RAHIMI (2023/22-915)
2025-12-04 17:40:53,855 - INFO - ✅ Success (629 turns, 110,169 chars)
2025-12-04 17:40:55,510 - INFO - [9231/1886] Fetching: RUDISILL v. MCDONOUGH (2023/22-888)
2025-12-04 17:40:57,458 - INFO - ✅ Success (651 turns, 78,036 chars)
2025-12-04 17:40:59,114 - INFO - [9232/1886] Fetching: MULDROW v. CITY OF ST. LOUIS, MISSOURI (2023/22-193)
2025-12-04 17:41:01,418 - INFO - ✅ Success (726 turns, 107,604 chars)
2025-12-04 17:41:01,572 - INFO - 📊 Progress saved: 1260 transcripts
2025-12-04 17:41:03,078 - INFO - [9233/1886] Fetching: LOPER BRIGHT ENTERPRISES v. RAIMONDO (2023/22-451)
2025-12-04 17:41:04,641 - INFO - ✅ Success (647 turns, 95,210 chars)
2025-12-04 17:41:06,299 - INFO - [9234/1886] Fetching: WILKINSON v. GARLAND (2023/22-666)
2025-12-04 17:41:08,387 - INFO - ✅ Success (711 turns, 107,208 chars)
2025-12-04 17:41:10,057 - INFO - [9235/1886] Fetching: CAMPOS-CHAVES v. GARLAND (2023/22-674)
2025-12-04 17:41:12,239 - INFO - ✅ Success (793 turns, 118,634 chars)
2025-12-04 17:41:13,912 - INFO - [9236/1886] Fetching: MCELRATH v. GEORGIA (2023/22-721)
2025-12-04 17:41:15,666 - INFO - ✅ Success (503 turns, 68,713 chars)
2025-12-04 17:41:17,326 - INFO - [9237/1886] Fetching: MOORE v. UNITED STATES (2023/22-800)
2025-12-04 17:41:18,208 - INFO - ✅ Success (901 turns, 149,577 chars)
2025-12-04 17:41:19,871 - INFO - [9238/1886] Fetching: SECURITIES AND EXCHANGE COMMISSION v. JARKESY (2023/22-859)
2025-12-04 17:41:22,675 - INFO - ✅ Success (1197 turns, 163,407 chars)
2025-12-04 17:41:24,345 - INFO - [9239/1886] Fetching: BROWN v. UNITED STATES (2023/22-6389)
2025-12-04 17:41:26,418 - INFO - ✅ Success (722 turns, 98,544 chars)
2025-12-04 17:41:28,082 - INFO - [9240/1886] Fetching: HARRINGTON v. PURDUE PHARMA L.P. (2023/23-124)
2025-12-04 17:41:30,427 - INFO - ✅ Success (869 turns, 123,668 chars)
2025-12-04 17:41:32,086 - INFO - [9241/1886] Fetching: TRUMP v. ANDERSON (2023/23-719)
2025-12-04 17:41:35,072 - INFO - ✅ Success (1123 turns, 157,141 chars)
2025-12-04 17:41:36,737 - INFO - [9242/1886] Fetching: FEDERAL BUREAU OF INVESTIGATION v. FIKRE (2023/22-1178)
2025-12-04 17:41:38,482 - INFO - ✅ Success (604 turns, 89,633 chars)
2025-12-04 17:41:38,645 - INFO - 📊 Progress saved: 1270 transcripts
2025-12-04 17:41:40,152 - INFO - [9243/1886] Fetching: SHEETZ v. COUNTY OF EL DORADO, CALIFORNIA (2023/22-1074)
2025-12-04 17:41:42,098 - INFO - ✅ Success (607 turns, 100,722 chars)
2025-12-04 17:41:43,757 - INFO - [9244/1886] Fetching: OFFICE OF THE U.S. TRUSTEE v. JOHN Q. HAMMONS FALL 2006, LLC (2023/22-1238)
2025-12-04 17:41:45,269 - INFO - ✅ Success (476 turns, 75,568 chars)
2025-12-04 17:41:46,931 - INFO - [9245/1886] Fetching: SMITH v. ARIZONA (2023/22-899)
2025-12-04 17:41:48,939 - INFO - ✅ Success (680 turns, 101,574 chars)
2025-12-04 17:41:50,596 - INFO - [9246/1886] Fetching: MACQUARIE INFRASTRUCTURE CORP. v. MOAB PARTNERS, L.P. (2023/22-1165)
2025-12-04 17:41:52,742 - INFO - ✅ Success (520 turns, 72,289 chars)
2025-12-04 17:41:54,413 - INFO - [9247/1886] Fetching: DEVILLIER v. TEXAS (2023/22-913)
2025-12-04 17:41:57,072 - INFO - ✅ Success (850 turns, 91,807 chars)
2025-12-04 17:41:58,725 - INFO - [9248/1886] Fetching: CORNER POST v. BOARD OF GOVERNORS OF THE FEDERAL RESERVE SYSTEM (2023/22-1008)
2025-12-04 17:42:00,685 - INFO - ✅ Success (699 turns, 86,112 chars)
2025-12-04 17:42:02,348 - INFO - [9249/1886] Fetching: BISSONNETTE v. LEPAGE BAKERIES PARK ST., LLC (2023/23-51)
2025-12-04 17:42:04,576 - INFO - ✅ Success (564 turns, 73,792 chars)
2025-12-04 17:42:06,236 - INFO - [9250/1886] Fetching: OHIO v. ENVIRONMENTAL PROTECTION AGENCY (2023/23A349)
2025-12-04 17:42:08,200 - INFO - ✅ Success (594 turns, 97,329 chars)
2025-12-04 17:42:09,857 - INFO - [9251/1886] Fetching: WARNER CHAPPELL MUSIC v. NEAL (2023/22-1078)
2025-12-04 17:42:11,350 - INFO - ✅ Success (479 turns, 65,438 chars)
2025-12-04 17:42:13,017 - INFO - [9252/1886] Fetching: MCINTOSH v. UNITED STATES (2023/22-7386)
2025-12-04 17:42:14,460 - INFO - ✅ Success (355 turns, 55,112 chars)
2025-12-04 17:42:14,627 - INFO - 📊 Progress saved: 1280 transcripts
2025-12-04 17:42:16,133 - INFO - [9253/1886] Fetching: CANTERO v. BANK OF AMERICA (2023/22-529)
2025-12-04 17:42:19,298 - INFO - ✅ Success (1014 turns, 131,962 chars)
2025-12-04 17:42:20,951 - INFO - [9254/1886] Fetching: GARLAND v. CARGILL (2023/22-976)
2025-12-04 17:42:23,976 - INFO - ✅ Success (1087 turns, 124,668 chars)
2025-12-04 17:42:25,642 - INFO - [9255/1886] Fetching: COINBASE v. SUSKI (2023/23-3)
2025-12-04 17:42:27,085 - INFO - ✅ Success (425 turns, 51,209 chars)
2025-12-04 17:42:28,747 - INFO - [9256/1886] Fetching: MURTHY v. MISSOURI (2023/23-411)
2025-12-04 17:42:30,934 - INFO - ✅ Success (1005 turns, 135,225 chars)
2025-12-04 17:42:32,604 - INFO - [9257/1886] Fetching: NATIONAL RIFLE ASSOCIATION OF AMERICA v. VULLO (2023/22-842)
2025-12-04 17:42:34,361 - INFO - ✅ Success (710 turns, 85,838 chars)
2025-12-04 17:42:36,029 - INFO - [9258/1886] Fetching: DIAZ v. UNITED STATES (2023/23-14)
2025-12-04 17:42:38,293 - INFO - ✅ Success (926 turns, 109,557 chars)
2025-12-04 17:42:39,953 - INFO - [9259/1886] Fetching: TRUCK INSURANCE EXCHANGE v. KAISER GYPSUM COMPANY (2023/22-1079)
2025-12-04 17:42:41,933 - INFO - ✅ Success (728 turns, 84,064 chars)
2025-12-04 17:42:43,591 - INFO - [9260/1886] Fetching: GONZALEZ v. TREVINO (2023/22-1025)
2025-12-04 17:42:45,510 - INFO - ✅ Success (762 turns, 98,717 chars)
2025-12-04 17:42:47,182 - INFO - [9261/1886] Fetching: TEXAS v. NEW MEXICO AND COLORADO (2023/22O141)
2025-12-04 17:42:48,984 - INFO - ✅ Success (633 turns, 78,382 chars)
2025-12-04 17:42:50,661 - INFO - [9262/1886] Fetching: BECERRA v. SAN CARLOS APACHE TRIBE (2023/23-250)
2025-12-04 17:42:53,043 - INFO - ✅ Success (932 turns, 109,197 chars)
2025-12-04 17:42:53,208 - INFO - 📊 Progress saved: 1290 transcripts
2025-12-04 17:42:54,710 - INFO - [9263/1886] Fetching: HARROW v. DEPARTMENT OF DEFENSE (2023/23-21)
2025-12-04 17:42:56,136 - INFO - ✅ Success (399 turns, 59,553 chars)
2025-12-04 17:42:57,799 - INFO - [9264/1886] Fetching: FOOD AND DRUG ADMINISTRATION v. ALLIANCE FOR HIPPOCRATIC MEDICINE (2023/23-235)
2025-12-04 17:42:59,911 - INFO - ✅ Success (810 turns, 109,881 chars)
2025-12-04 17:43:01,574 - INFO - [9265/1886] Fetching: ERLINGER v. UNITED STATES (2023/23-370)
2025-12-04 17:43:03,699 - INFO - ✅ Success (810 turns, 108,507 chars)
2025-12-04 17:43:05,372 - INFO - [9266/1886] Fetching: CONNELLY v. UNITED STATES (2023/23-146)
2025-12-04 17:43:06,897 - INFO - ✅ Success (467 turns, 65,196 chars)
2025-12-04 17:43:08,570 - INFO - [9267/1886] Fetching: SNYDER v. UNITED STATES (2023/23-108)
2025-12-04 17:43:11,263 - INFO - ✅ Success (1044 turns, 125,340 chars)
2025-12-04 17:43:12,935 - INFO - [9268/1886] Fetching: CHIAVERINI v. CITY OF NAPOLEON, OHIO (2023/23-50)
2025-12-04 17:43:14,755 - INFO - ✅ Success (465 turns, 69,489 chars)
2025-12-04 17:43:16,433 - INFO - [9269/1886] Fetching: FISCHER v. UNITED STATES (2023/23-5572)
2025-12-04 17:43:18,648 - INFO - ✅ Success (887 turns, 120,354 chars)
2025-12-04 17:43:20,323 - INFO - [9270/1886] Fetching: THORNELL v. JONES (2023/22-982)
2025-12-04 17:43:22,635 - INFO - ✅ Success (565 turns, 75,000 chars)
2025-12-04 17:43:24,310 - INFO - [9271/1886] Fetching: CITY OF GRANTS PASS, OREGON v. JOHNSON (2023/23-175)
2025-12-04 17:43:27,856 - INFO - ✅ Success (1612 turns, 174,962 chars)
2025-12-04 17:43:29,525 - INFO - [9272/1886] Fetching: SMITH v. SPIZZIRRI (2023/22-1218)
2025-12-04 17:43:30,860 - INFO - ✅ Success (357 turns, 48,689 chars)
2025-12-04 17:43:31,028 - INFO - 📊 Progress saved: 1300 transcripts
2025-12-04 17:43:32,534 - INFO - [9273/1886] Fetching: DEPARTMENT OF STATE v. MUÃ±OZ (2023/23-334)
2025-12-04 17:43:35,003 - INFO - ✅ Success (917 turns, 109,964 chars)
2025-12-04 17:43:36,679 - INFO - [9274/1886] Fetching: STARBUCKS CORP. v. MCKINNEY (2023/23-367)
2025-12-04 17:43:38,408 - INFO - ✅ Success (582 turns, 67,171 chars)
2025-12-04 17:43:40,078 - INFO - [9275/1886] Fetching: MOYLE v. UNITED STATES (2023/23-726)
2025-12-04 17:43:42,811 - INFO - ✅ Success (1150 turns, 139,426 chars)
2025-12-04 17:43:44,479 - INFO - [9276/1886] Fetching: TRUMP v. UNITED STATES (2023/23-939)
2025-12-04 17:43:45,499 - INFO - ✅ Success (1567 turns, 186,404 chars)
2025-12-04 17:43:47,179 - INFO - [9277/1886] Fetching: MOODY v. NETCHOICE, LLC (2023/22-277)
2025-12-04 17:43:49,737 - INFO - ✅ Success (1190 turns, 167,709 chars)
2025-12-04 17:43:51,406 - INFO - [9278/1886] Fetching: BOUARFA v. MAYORKAS (2024/23-583)
2025-12-04 17:43:52,805 - INFO - ✅ Success (578 turns, 64,427 chars)
2025-12-04 17:43:54,468 - INFO - [9279/1886] Fetching: MEDICAL MARIJUANA, INC. v. HORN (2024/23-365)
2025-12-04 17:43:56,647 - INFO - ✅ Success (833 turns, 86,952 chars)
2025-12-04 17:43:58,309 - INFO - [9280/1886] Fetching: FDA v. WAGES AND WHITE LION INVESTMENTS, LLC (2024/23-1038)
2025-12-04 17:44:00,119 - INFO - ✅ Success (813 turns, 99,406 chars)
2025-12-04 17:44:01,797 - INFO - [9281/1886] Fetching: WILLIAMS v. REED (2024/23-191)
2025-12-04 17:44:03,411 - INFO - ✅ Success (818 turns, 98,943 chars)
2025-12-04 17:44:05,067 - INFO - [9282/1886] Fetching: BONDI v. VANDERSTOK (2024/23-852)
2025-12-04 17:44:06,633 - INFO - ✅ Success (708 turns, 95,343 chars)
2025-12-04 17:44:06,807 - INFO - 📊 Progress saved: 1310 transcripts
2025-12-04 17:44:08,313 - INFO - [9283/1886] Fetching: LACKEY v. STINNIE (2024/23-621)
2025-12-04 17:44:10,042 - INFO - ✅ Success (806 turns, 93,600 chars)
2025-12-04 17:44:11,714 - INFO - [9284/1886] Fetching: GLOSSIP v. OKLAHOMA (2024/22-7466)
2025-12-04 17:44:13,938 - INFO - ✅ Success (966 turns, 116,410 chars)
2025-12-04 17:44:15,621 - INFO - [9285/1886] Fetching: CITY AND COUNTY OF SAN FRANCISCO v. ENVIRONMENTAL PROTECTION AGENCY (2024/23-753)
2025-12-04 17:44:17,623 - INFO - ✅ Success (995 turns, 107,701 chars)
2025-12-04 17:44:19,295 - INFO - [9286/1886] Fetching: BUFKIN v. COLLINS (2024/23-713)
2025-12-04 17:44:21,002 - INFO - ✅ Success (739 turns, 86,433 chars)
2025-12-04 17:44:22,670 - INFO - [9287/1886] Fetching: WISCONSIN BELL v. U.S., EX REL. TODD HEATH (2024/23-1127)
2025-12-04 17:44:24,494 - INFO - ✅ Success (905 turns, 106,569 chars)
2025-12-04 17:44:26,170 - INFO - [9288/1886] Fetching: ADVOCATE CHRIST MEDICAL CENTER v. KENNEDY (2024/23-715)
2025-12-04 17:44:28,140 - INFO - ✅ Success (743 turns, 88,244 chars)
2025-12-04 17:44:29,827 - INFO - [9289/1886] Fetching: E.M.D. SALES v. CARRERA (2024/23-217)
2025-12-04 17:44:30,867 - INFO - ✅ Success (340 turns, 50,752 chars)
2025-12-04 17:44:32,545 - INFO - [9290/1886] Fetching: FACEBOOK v. AMALGAMATED BANK (2024/23-980)
2025-12-04 17:44:34,437 - INFO - ✅ Success (869 turns, 119,801 chars)
2025-12-04 17:44:36,092 - INFO - [9291/1886] Fetching: VELAZQUEZ v. BONDI (2024/23-929)
2025-12-04 17:44:38,486 - INFO - ✅ Success (817 turns, 82,772 chars)
2025-12-04 17:44:40,163 - INFO - [9292/1886] Fetching: DELLIGATTI v. UNITED STATES (2024/23-825)
2025-12-04 17:44:41,682 - INFO - ✅ Success (669 turns, 73,859 chars)
2025-12-04 17:44:41,850 - INFO - 📊 Progress saved: 1320 transcripts
2025-12-04 17:44:43,356 - INFO - [9293/1886] Fetching: NVIDIA CORP. v. E. OHMAN J:OR FONDER AB (2024/23-970)
2025-12-04 17:44:45,220 - INFO - ✅ Success (796 turns, 101,388 chars)
2025-12-04 17:44:46,892 - INFO - [9294/1886] Fetching: UNITED STATES v. MILLER (2024/23-824)
2025-12-04 17:44:48,248 - INFO - ✅ Success (608 turns, 66,982 chars)
2025-12-04 17:44:49,924 - INFO - [9295/1886] Fetching: REPUBLIC OF HUNGARY v. SIMON (2024/23-867)
2025-12-04 17:44:51,524 - INFO - ✅ Success (805 turns, 96,206 chars)
2025-12-04 17:44:53,211 - INFO - [9296/1886] Fetching: UNITED STATES v. SKRMETTI (2024/23-477)
2025-12-04 17:44:55,506 - INFO - ✅ Success (1106 turns, 166,037 chars)
2025-12-04 17:44:57,194 - INFO - [9297/1886] Fetching: KOUSISIS v. UNITED STATES (2024/23-909)
2025-12-04 17:44:58,965 - INFO - ✅ Success (929 turns, 106,558 chars)
2025-12-04 17:45:00,638 - INFO - [9298/1886] Fetching: FELICIANO v. DEPARTMENT OF TRANSPORTATION (2024/23-861)
2025-12-04 17:45:02,548 - INFO - ✅ Success (664 turns, 86,768 chars)
2025-12-04 17:45:04,232 - INFO - [9299/1886] Fetching: SEVEN COUNTY INFASTRUCTURE COALITION v. EAGLE COUNTY, COLORADO (2024/23-975)
2025-12-04 17:45:06,171 - INFO - ✅ Success (626 turns, 121,530 chars)
2025-12-04 17:45:07,862 - INFO - [9300/1886] Fetching: DEWBERRY GROUP v. DEWBERRY ENGINEERS (2024/23-900)
2025-12-04 17:45:10,082 - INFO - ✅ Success (581 turns, 85,350 chars)
2025-12-04 17:45:11,753 - INFO - [9301/1886] Fetching: HEWITT v. UNITED STATES (2024/23-1002)
2025-12-04 17:45:13,498 - INFO - ✅ Success (811 turns, 106,244 chars)
2025-12-04 17:45:15,185 - INFO - [9302/1886] Fetching: STANLEY v. CITY OF SANFORD, FLORIDA (2024/23-997)
2025-12-04 17:45:15,710 - INFO - ✅ Success (670 turns, 86,384 chars)
2025-12-04 17:45:15,874 - INFO - 📊 Progress saved: 1330 transcripts
2025-12-04 17:45:17,378 - INFO - [9303/1886] Fetching: THOMPSON v. UNITED STATES (2024/23-1095)
2025-12-04 17:45:19,093 - INFO - ✅ Success (749 turns, 85,886 chars)
2025-12-04 17:45:20,776 - INFO - [9304/1886] Fetching: WAETZIG v. HALLIBURTON ENERGY SERVICES (2024/23-971)
2025-12-04 17:45:21,888 - INFO - ✅ Success (449 turns, 53,138 chars)
2025-12-04 17:45:23,600 - INFO - [9305/1886] Fetching: FREE SPEECH COALITION v. PAXTON (2024/23-1122)
2025-12-04 17:45:24,224 - INFO - ✅ Success (1365 turns, 155,347 chars)
2025-12-04 17:45:25,884 - INFO - [9306/1886] Fetching: FOOD AND DRUG ADMINISTRATION v. R.J. REYNOLDS VAPOR CO. (2024/23-1187)
2025-12-04 17:45:27,548 - INFO - ✅ Success (703 turns, 84,431 chars)
2025-12-04 17:45:29,269 - INFO - [9307/1886] Fetching: MCLAUGHLIN CHIROPRACTIC ASSOCIATES v. MCKESSON CORPORATION (2024/23-1226)
2025-12-04 17:45:30,764 - INFO - ✅ Success (660 turns, 87,588 chars)
2025-12-04 17:45:32,438 - INFO - [9308/1886] Fetching: BARNES v. FELIX (2024/23-1239)
2025-12-04 17:45:35,069 - INFO - ✅ Success (761 turns, 96,059 chars)
2025-12-04 17:45:36,753 - INFO - [9309/1886] Fetching: CUNNINGHAM v. CORNELL UNIVERSITY (2024/23-1007)
2025-12-04 17:45:38,438 - INFO - ✅ Success (892 turns, 111,289 chars)
2025-12-04 17:45:40,124 - INFO - [9310/1886] Fetching: GUTIERREZ v. SAENZ (2024/23-7809)
2025-12-04 17:45:42,094 - INFO - ✅ Success (969 turns, 110,708 chars)
2025-12-04 17:45:43,762 - INFO - [9311/1886] Fetching: ESTERAS v. UNITED STATES (2024/23-7483)
2025-12-04 17:45:45,293 - INFO - ✅ Success (686 turns, 90,478 chars)
2025-12-04 17:45:46,982 - INFO - [9312/1886] Fetching: PERTTU v. RICHARDS (2024/23-1324)
2025-12-04 17:45:48,786 - INFO - ✅ Success (714 turns, 82,543 chars)
2025-12-04 17:45:48,973 - INFO - 📊 Progress saved: 1340 transcripts
2025-12-04 17:45:50,479 - INFO - [9313/1886] Fetching: AMES v. OHIO DEPARTMENT OF YOUTH SERVICES (2024/23-1039)
2025-12-04 17:45:51,767 - INFO - ✅ Success (510 turns, 65,780 chars)
2025-12-04 17:45:53,430 - INFO - [9314/1886] Fetching: CC/DEVAS (MAURITIUS) LIMITED v. ANTRIX CORP. LTD. (2024/23-1201)
2025-12-04 17:45:54,556 - INFO - ✅ Success (374 turns, 54,001 chars)
2025-12-04 17:45:56,241 - INFO - [9315/1886] Fetching: BLOM BANK SAL v. HONICKMAN (2024/23-1259)
2025-12-04 17:45:56,752 - INFO - ✅ Success (553 turns, 65,356 chars)
2025-12-04 17:45:58,418 - INFO - [9316/1886] Fetching: SMITH & WESSON BRANDS v. ESTADOS UNIDOS MEXICANOS (2024/23-1141)
2025-12-04 17:46:00,161 - INFO - ✅ Success (818 turns, 105,369 chars)
2025-12-04 17:46:01,848 - INFO - [9317/1886] Fetching: NUCLEAR REGULATORY COMMISSION v. TEXAS (2024/23-1300)
2025-12-04 17:46:04,044 - INFO - ✅ Success (965 turns, 111,005 chars)
2025-12-04 17:46:05,714 - INFO - [9318/1886] Fetching: OKLAHOMA v. ENVIRONMENTAL PROTECTION AGENCY (2024/23-1067)
2025-12-04 17:46:06,831 - INFO - ✅ Success (416 turns, 54,404 chars)
2025-12-04 17:46:08,519 - INFO - [9319/1886] Fetching: ENVIRONMENTAL PROTECTION AGENCY v. CALUMET SHREVEPORT REFINING, LLC (2024/23-1229)
2025-12-04 17:46:10,413 - INFO - ✅ Success (855 turns, 113,763 chars)
2025-12-04 17:46:12,100 - INFO - [9320/1886] Fetching: RILEY v. BONDI (2024/23-1270)
2025-12-04 17:46:13,463 - INFO - ✅ Success (492 turns, 67,545 chars)
2025-12-04 17:46:15,155 - INFO - [9321/1886] Fetching: FEDERAL COMMUNICATIONS COMMISSION v. CONSUMERS' RESEARCH (2024/24-354)
2025-12-04 17:46:18,251 - INFO - ✅ Success (1601 turns, 189,912 chars)
2025-12-04 17:46:19,936 - INFO - [9322/1886] Fetching: TIKTOK, INC. v. GARLAND (2024/24-656)
2025-12-04 17:46:22,574 - INFO - ✅ Success (1517 turns, 186,432 chars)
2025-12-04 17:46:22,752 - INFO - 📊 Progress saved: 1350 transcripts
2025-12-04 17:46:24,257 - INFO - [9323/1886] Fetching: ROYAL CANIN U.S.A., INC. v. WULLSCHLEGER (2024/23-677)
2025-12-04 17:46:25,577 - INFO - ✅ Success (640 turns, 79,577 chars)
2025-12-04 17:46:27,242 - INFO - [9324/1886] Fetching: CATHOLIC CHARITIES BUREAU v. WISCONSIN LABOR & INDUSTRY REVIEW COMMISSION (2024/24-154)
2025-12-04 17:46:29,283 - INFO - ✅ Success (1051 turns, 121,509 chars)
2025-12-04 17:46:30,954 - INFO - [9325/1886] Fetching: RIVERS v. GUERRERO (2024/23-1345)
2025-12-04 17:46:31,988 - INFO - ✅ Success (493 turns, 60,823 chars)
2025-12-04 17:46:33,666 - INFO - [9326/1886] Fetching: FULD v. PALESTINE LIBERATION ORGANIZATION (2024/24-20)
2025-12-04 17:46:36,527 - INFO - ✅ Success (983 turns, 123,736 chars)
2025-12-04 17:46:38,213 - INFO - [9327/1886] Fetching: MEDINA v. PLANNED PARENTHOOD SOUTH ATLANTIC (2024/23-1275)
2025-12-04 17:46:39,966 - INFO - ✅ Success (977 turns, 121,006 chars)
2025-12-04 17:46:41,640 - INFO - [9328/1886] Fetching: KENNEDY v. BRAIDWOOD MANAGEMENT (2024/24-316)
2025-12-04 17:46:43,858 - INFO - ✅ Success (1049 turns, 117,664 chars)
2025-12-04 17:46:45,541 - INFO - [9329/1886] Fetching: PARRISH v. UNITED STATES (2024/24-275)
2025-12-04 17:46:46,898 - INFO - ✅ Success (564 turns, 67,773 chars)
2025-12-04 17:46:48,562 - INFO - [9330/1886] Fetching: COMMISSIONER OF INTERNAL REVENUE v. ZUCH (2024/24-416)
2025-12-04 17:46:49,712 - INFO - ✅ Success (503 turns, 58,176 chars)
2025-12-04 17:46:51,392 - INFO - [9331/1886] Fetching: MAHMOUD v. TAYLOR (2024/24-297)
2025-12-04 17:46:54,136 - INFO - ✅ Success (1481 turns, 190,520 chars)
2025-12-04 17:46:55,813 - INFO - [9332/1886] Fetching: DIAMOND ALTERNATIVE ENERGY LLC v. ENVIRONMENTAL PROTECTION AGENCY (2024/24-7)
2025-12-04 17:46:57,112 - INFO - ✅ Success (532 turns, 73,951 chars)
2025-12-04 17:46:57,281 - INFO - 📊 Progress saved: 1360 transcripts
2025-12-04 17:46:58,790 - INFO - [9333/1886] Fetching: SOTO v. UNITED STATES (2024/24-320)
2025-12-04 17:47:00,465 - INFO - ✅ Success (613 turns, 73,959 chars)
2025-12-04 17:47:02,133 - INFO - [9334/1886] Fetching: A.J.T. v. OSSEO AREA SCHOOLS, INDEPENDENT SCHOOL DISTRICT NO. 279 (2024/24-249)
2025-12-04 17:47:03,793 - INFO - ✅ Success (720 turns, 103,319 chars)
2025-12-04 17:47:05,496 - INFO - [9335/1886] Fetching: MARTIN v. UNITED STATES (2024/24-362)
2025-12-04 17:47:06,583 - INFO - ✅ Success (427 turns, 59,509 chars)
2025-12-04 17:47:08,293 - INFO - [9336/1886] Fetching: LABORATORY CORPORATION OF AMERICA HOLDINGS v. DAVIS (2024/24-304)
2025-12-04 17:47:10,688 - INFO - ✅ Success (1129 turns, 157,243 chars)
2025-12-04 17:47:12,352 - INFO - [9337/1886] Fetching: OKLAHOMA STATEWIDE CHARTER SCHOOL BOARD v. DRUMMOND (2024/24-394)
2025-12-04 17:47:12,935 - INFO - ✅ Success (1271 turns, 158,712 chars)
2025-12-04 17:47:14,600 - INFO - [9338/1886] Fetching: TRUMP, PRESIDENT OF THE UNITED STATES v. CASA, INC. (2024/24A884)
2025-12-04 17:47:17,216 - INFO - ✅ Success (1293 turns, 169,156 chars)
2025-12-04 17:47:18,889 - INFO - [9339/1886] Fetching: HAMM v. SMITH (2024/23-167)
2025-12-04 17:47:19,242 - INFO - ⚠️  No transcript available
2025-12-04 17:47:20,912 - INFO - [9340/1886] Fetching: ANDREW v. WHITE (2024/23-6573)
2025-12-04 17:47:21,314 - INFO - ⚠️  No transcript available
2025-12-04 17:47:22,980 - INFO - [9341/1886] Fetching: GOLDEY v. FIELDS (2024/24-809)
2025-12-04 17:47:23,345 - INFO - ⚠️  No transcript available
2025-12-04 17:47:25,195 - INFO - 
============================================================
2025-12-04 17:47:25,195 - INFO - ✅ Scraping complete!
2025-12-04 17:47:25,195 - INFO - ============================================================
2025-12-04 17:47:25,195 - INFO - Total cases processed: 1886
2025-12-04 17:47:25,195 - INFO - Successful scrapes: 1366 (72.4%)
2025-12-04 17:47:25,195 - INFO - Failed scrapes: 520
2025-12-04 17:47:25,195 - INFO - Average transcript length: 74,840 characters
2025-12-04 17:47:25,196 - INFO - Average turns per case: 574
2025-12-04 17:47:25,196 - INFO - Output saved to: oyez_transcripts.json
2025-12-04 17:47:25,196 - INFO - ============================================================

2025-12-04 17:47:25,198 - INFO - Sample transcript statistics:
2025-12-04 17:47:25,198 - INFO - Shortest: 924 chars
2025-12-04 17:47:25,198 - INFO - Longest: 215,538 chars
2025-12-04 17:47:25,201 - INFO - Median: 69,502 chars
2025-12-04 17:47:25,202 - INFO - 
Transcripts by year:
2025-12-04 17:47:25,203 - INFO -   2000: 18 cases
2025-12-04 17:47:25,203 - INFO -   2001: 21 cases
2025-12-04 17:47:25,203 - INFO -   2002: 8 cases
2025-12-04 17:47:25,203 - INFO -   2003: 19 cases
2025-12-04 17:47:25,203 - INFO -   2004: 52 cases
2025-12-04 17:47:25,203 - INFO -   2005: 71 cases
2025-12-04 17:47:25,203 - INFO -   2006: 61 cases
2025-12-04 17:47:25,203 - INFO -   2007: 66 cases
2025-12-04 17:47:25,203 - INFO -   2008: 70 cases
2025-12-04 17:47:25,203 - INFO -   2009: 62 cases
2025-12-04 17:47:25,203 - INFO -   2010: 73 cases
2025-12-04 17:47:25,203 - INFO -   2011: 64 cases
2025-12-04 17:47:25,203 - INFO -   2012: 73 cases
2025-12-04 17:47:25,203 - INFO -   2013: 56 cases
2025-12-04 17:47:25,203 - INFO -   2014: 46 cases
2025-12-04 17:47:25,203 - INFO -   2015: 67 cases
2025-12-04 17:47:25,203 - INFO -   2016: 62 cases
2025-12-04 17:47:25,203 - INFO -   2017: 60 cases
2025-12-04 17:47:25,203 - INFO -   2018: 68 cases
2025-12-04 17:47:25,203 - INFO -   2019: 56 cases
2025-12-04 17:47:25,203 - INFO -   2020: 55 cases
2025-12-04 17:47:25,203 - INFO -   2021: 62 cases
2025-12-04 17:47:25,203 - INFO -   2022: 56 cases
2025-12-04 17:47:25,203 - INFO -   2023: 59 cases
2025-12-04 17:47:25,203 - INFO -   2024: 61 cases
